-- MySQL Administrator dump 1.4
--
-- ------------------------------------------------------
-- Server version	5.0.21-Debian_3ubuntu1-log


/*!40101 SET @OLD_CHARACTER_SET_CLIENT=@@CHARACTER_SET_CLIENT */;
/*!40101 SET @OLD_CHARACTER_SET_RESULTS=@@CHARACTER_SET_RESULTS */;
/*!40101 SET @OLD_COLLATION_CONNECTION=@@COLLATION_CONNECTION */;
/*!40101 SET NAMES utf8 */;

/*!40014 SET @OLD_UNIQUE_CHECKS=@@UNIQUE_CHECKS, UNIQUE_CHECKS=0 */;
/*!40014 SET @OLD_FOREIGN_KEY_CHECKS=@@FOREIGN_KEY_CHECKS, FOREIGN_KEY_CHECKS=0 */;
/*!40101 SET @OLD_SQL_MODE=@@SQL_MODE, SQL_MODE='NO_AUTO_VALUE_ON_ZERO' */;


USE oh;

--
-- Table structure for table ADMISSION
--

DROP TABLE IF EXISTS ADMISSION;
CREATE TABLE ADMISSION (
  ADM_ID int(11) NOT NULL auto_increment,
  ADM_IN int(11) NOT NULL default '0',
  ADM_TYPE char(1) NOT NULL default 'N',
  ADM_WRD_ID_A char(1) NOT NULL default '',
  ADM_YPROG int(11) NOT NULL default '0',
  ADM_PAT_ID int(11) NOT NULL default '0',
  ADM_DATE_ADM datetime NOT NULL default '0000-00-00 00:00:00',
  ADM_ADMT_ID_A_ADM varchar(10) NOT NULL default '',
  ADM_FHU varchar(50) default NULL,
  ADM_IN_DIS_ID_A varchar(10) default NULL,
  ADM_OUT_DIS_ID_A varchar(10) default NULL,
  ADM_OPE_ID_A varchar(10) default NULL,
  ADM_DATE_OP datetime default NULL,
  ADM_RESOP varchar(10) default NULL,
  ADM_DATE_DIS datetime default NULL,
  ADM_DIST_ID_A varchar(10) default NULL,
  ADM_NOTE text,
  ADM_TRANS float default '0',
  ADM_PRG_DATE_VIS datetime default NULL,
  ADM_PRG_PTT_ID_A varchar(10) default NULL,
  ADM_PRG_DATE_DEL datetime default NULL,
  ADM_PRG_DLT_ID_A char(1) default NULL,
  ADM_PRG_DRT_ID_A char(1) default NULL,
  ADM_PRG_WEIGHT float default NULL,
  ADM_PRG_DATE_CTRL1 datetime default NULL,
  ADM_PRG_DATE_CTRL2 datetime default NULL,
  ADM_PRG_DATE_ABORT datetime default NULL,
  ADM_LOCK int(11) NOT NULL default '0',
  ADM_DELETED char(1) NOT NULL default 'N',
  PRIMARY KEY  (ADM_ID)
) ENGINE=MyISAM;

--
-- Dumping data for table ADMISSION
--

/*!40000 ALTER TABLE ADMISSION DISABLE KEYS */;
INSERT INTO ADMISSION (ADM_ID,ADM_IN,ADM_TYPE,ADM_WRD_ID_A,ADM_YPROG,ADM_PAT_ID,ADM_DATE_ADM,ADM_ADMT_ID_A_ADM,ADM_FHU,ADM_IN_DIS_ID_A,ADM_OUT_DIS_ID_A,ADM_OPE_ID_A,ADM_DATE_OP,ADM_RESOP,ADM_DATE_DIS,ADM_DIST_ID_A,ADM_NOTE,ADM_TRANS,ADM_PRG_DATE_VIS,ADM_PRG_PTT_ID_A,ADM_PRG_DATE_DEL,ADM_PRG_DLT_ID_A,ADM_PRG_DRT_ID_A,ADM_PRG_WEIGHT,ADM_PRG_DATE_CTRL1,ADM_PRG_DATE_CTRL2,ADM_PRG_DATE_ABORT,ADM_LOCK,ADM_DELETED) VALUES 
 (47,1,'N','I',2,43,'2006-10-19 00:00:00','I',NULL,'15',NULL,NULL,NULL,NULL,NULL,NULL,NULL,0,NULL,NULL,NULL,NULL,NULL,NULL,NULL,NULL,NULL,0,'N'),
 (48,1,'N','I',2,44,'2006-10-25 00:00:00','I',NULL,NULL,NULL,NULL,NULL,NULL,NULL,NULL,NULL,0,NULL,NULL,NULL,NULL,NULL,NULL,NULL,NULL,NULL,0,'N'),
 (49,0,'N','I',837,45,'2006-10-09 00:00:00','I',NULL,'30','30',NULL,NULL,NULL,'2006-10-13 00:00:00','EQ',NULL,0,NULL,NULL,NULL,NULL,NULL,NULL,NULL,NULL,NULL,3,'N'),
 (50,1,'N','I',2,46,'2006-10-20 00:00:00','I',NULL,'23',NULL,NULL,NULL,NULL,NULL,NULL,NULL,0,NULL,NULL,NULL,NULL,NULL,NULL,NULL,NULL,NULL,0,'N'),
 (51,1,'N','I',2,47,'2006-10-20 00:00:00','I',NULL,'43',NULL,NULL,NULL,NULL,NULL,NULL,NULL,0,NULL,NULL,NULL,NULL,NULL,NULL,NULL,NULL,NULL,0,'N');
INSERT INTO ADMISSION (ADM_ID,ADM_IN,ADM_TYPE,ADM_WRD_ID_A,ADM_YPROG,ADM_PAT_ID,ADM_DATE_ADM,ADM_ADMT_ID_A_ADM,ADM_FHU,ADM_IN_DIS_ID_A,ADM_OUT_DIS_ID_A,ADM_OPE_ID_A,ADM_DATE_OP,ADM_RESOP,ADM_DATE_DIS,ADM_DIST_ID_A,ADM_NOTE,ADM_TRANS,ADM_PRG_DATE_VIS,ADM_PRG_PTT_ID_A,ADM_PRG_DATE_DEL,ADM_PRG_DLT_ID_A,ADM_PRG_DRT_ID_A,ADM_PRG_WEIGHT,ADM_PRG_DATE_CTRL1,ADM_PRG_DATE_CTRL2,ADM_PRG_DATE_ABORT,ADM_LOCK,ADM_DELETED) VALUES 
 (52,1,'N','I',2,48,'2006-10-20 00:00:00','I',NULL,'42',NULL,NULL,NULL,NULL,NULL,NULL,NULL,0,NULL,NULL,NULL,NULL,NULL,NULL,NULL,NULL,NULL,0,'N'),
 (53,0,'N','I',840,49,'2006-10-20 00:00:00','I',NULL,'15','100',NULL,NULL,NULL,'2006-10-24 00:00:00','EQ',NULL,0,NULL,NULL,NULL,NULL,NULL,NULL,NULL,NULL,NULL,3,'N'),
 (54,0,'N','I',2,50,'2006-10-20 00:00:00','I',NULL,'47','47','20','2006-10-24 00:00:00','P','2006-10-25 00:00:00','B',NULL,0,NULL,NULL,NULL,NULL,NULL,NULL,NULL,NULL,NULL,1,'N'),
 (55,1,'N','I',2,51,'2006-10-21 00:00:00','I',NULL,'47',NULL,NULL,NULL,NULL,NULL,NULL,NULL,0,NULL,NULL,NULL,NULL,NULL,NULL,NULL,NULL,NULL,0,'N'),
 (56,0,'N','I',844,53,'2006-10-18 00:00:00','I',NULL,'15','39',NULL,NULL,NULL,'2006-10-22 00:00:00','D',NULL,0,NULL,NULL,NULL,NULL,NULL,NULL,NULL,NULL,NULL,2,'N');
INSERT INTO ADMISSION (ADM_ID,ADM_IN,ADM_TYPE,ADM_WRD_ID_A,ADM_YPROG,ADM_PAT_ID,ADM_DATE_ADM,ADM_ADMT_ID_A_ADM,ADM_FHU,ADM_IN_DIS_ID_A,ADM_OUT_DIS_ID_A,ADM_OPE_ID_A,ADM_DATE_OP,ADM_RESOP,ADM_DATE_DIS,ADM_DIST_ID_A,ADM_NOTE,ADM_TRANS,ADM_PRG_DATE_VIS,ADM_PRG_PTT_ID_A,ADM_PRG_DATE_DEL,ADM_PRG_DLT_ID_A,ADM_PRG_DRT_ID_A,ADM_PRG_WEIGHT,ADM_PRG_DATE_CTRL1,ADM_PRG_DATE_CTRL2,ADM_PRG_DATE_ABORT,ADM_LOCK,ADM_DELETED) VALUES 
 (57,0,'N','I',845,54,'2006-10-21 00:00:00','I',NULL,'39','39',NULL,NULL,NULL,'2006-10-24 00:00:00','EQ',NULL,0,NULL,NULL,NULL,NULL,NULL,NULL,NULL,NULL,NULL,5,'N'),
 (58,0,'N','I',828,52,'2006-10-18 00:00:00','I',NULL,'15','68',NULL,NULL,NULL,'2006-10-24 00:00:00','EQ',NULL,0,NULL,NULL,NULL,NULL,NULL,NULL,NULL,NULL,NULL,2,'N'),
 (59,0,'N','I',715,50,'2006-09-17 00:00:00','I',NULL,'47','95',NULL,NULL,NULL,'2006-10-04 00:00:00','EQ',NULL,0,NULL,NULL,NULL,NULL,NULL,NULL,NULL,NULL,NULL,2,'N'),
 (60,0,'N','I',846,55,'2006-10-21 00:00:00','I',NULL,'18','18',NULL,NULL,NULL,'2006-10-26 00:00:00','EQ',NULL,0,NULL,NULL,NULL,NULL,NULL,NULL,NULL,NULL,NULL,1,'N'),
 (61,1,'N','I',2,56,'2006-10-21 00:00:00','I',NULL,'12',NULL,NULL,NULL,NULL,NULL,NULL,NULL,0,NULL,NULL,NULL,NULL,NULL,NULL,NULL,NULL,NULL,0,'N');
INSERT INTO ADMISSION (ADM_ID,ADM_IN,ADM_TYPE,ADM_WRD_ID_A,ADM_YPROG,ADM_PAT_ID,ADM_DATE_ADM,ADM_ADMT_ID_A_ADM,ADM_FHU,ADM_IN_DIS_ID_A,ADM_OUT_DIS_ID_A,ADM_OPE_ID_A,ADM_DATE_OP,ADM_RESOP,ADM_DATE_DIS,ADM_DIST_ID_A,ADM_NOTE,ADM_TRANS,ADM_PRG_DATE_VIS,ADM_PRG_PTT_ID_A,ADM_PRG_DATE_DEL,ADM_PRG_DLT_ID_A,ADM_PRG_DRT_ID_A,ADM_PRG_WEIGHT,ADM_PRG_DATE_CTRL1,ADM_PRG_DATE_CTRL2,ADM_PRG_DATE_ABORT,ADM_LOCK,ADM_DELETED) VALUES 
 (62,0,'N','I',848,57,'2006-10-22 00:00:00','I',NULL,'15','15','37','2006-10-23 00:00:00','P','2006-10-24 00:00:00','D',NULL,0,NULL,NULL,NULL,NULL,NULL,NULL,NULL,NULL,NULL,7,'N'),
 (63,0,'N','I',849,58,'2006-10-22 00:00:00','I',NULL,'24','24',NULL,NULL,NULL,'2006-10-28 00:00:00','EQ',NULL,0,NULL,NULL,NULL,NULL,NULL,NULL,NULL,NULL,NULL,1,'N'),
 (64,0,'N','I',850,59,'2006-10-23 00:00:00','I',NULL,'47','90',NULL,NULL,NULL,'2006-10-28 00:00:00','B',NULL,0,NULL,NULL,NULL,NULL,NULL,NULL,NULL,NULL,NULL,1,'N'),
 (65,1,'N','I',2,60,'2006-10-23 00:00:00','I',NULL,'15',NULL,NULL,NULL,NULL,NULL,NULL,NULL,0,NULL,NULL,NULL,NULL,NULL,NULL,NULL,NULL,NULL,0,'N'),
 (66,1,'N','I',2,61,'2006-10-24 00:00:00','I',NULL,'34',NULL,NULL,NULL,NULL,NULL,NULL,NULL,0,NULL,NULL,NULL,NULL,NULL,NULL,NULL,NULL,NULL,0,'N');
INSERT INTO ADMISSION (ADM_ID,ADM_IN,ADM_TYPE,ADM_WRD_ID_A,ADM_YPROG,ADM_PAT_ID,ADM_DATE_ADM,ADM_ADMT_ID_A_ADM,ADM_FHU,ADM_IN_DIS_ID_A,ADM_OUT_DIS_ID_A,ADM_OPE_ID_A,ADM_DATE_OP,ADM_RESOP,ADM_DATE_DIS,ADM_DIST_ID_A,ADM_NOTE,ADM_TRANS,ADM_PRG_DATE_VIS,ADM_PRG_PTT_ID_A,ADM_PRG_DATE_DEL,ADM_PRG_DLT_ID_A,ADM_PRG_DRT_ID_A,ADM_PRG_WEIGHT,ADM_PRG_DATE_CTRL1,ADM_PRG_DATE_CTRL2,ADM_PRG_DATE_ABORT,ADM_LOCK,ADM_DELETED) VALUES 
 (67,1,'N','I',2,62,'2006-10-24 00:00:00','I',NULL,'43',NULL,NULL,NULL,NULL,NULL,NULL,NULL,0,NULL,NULL,NULL,NULL,NULL,NULL,NULL,NULL,NULL,0,'N'),
 (68,0,'N','I',854,63,'2006-10-24 00:00:00','I',NULL,'46','39',NULL,NULL,NULL,'2006-10-28 00:00:00','B',NULL,0,NULL,NULL,NULL,NULL,NULL,NULL,NULL,NULL,NULL,1,'N'),
 (69,1,'N','I',2,64,'2006-10-24 00:00:00','I',NULL,'34',NULL,NULL,NULL,NULL,NULL,NULL,NULL,0,NULL,NULL,NULL,NULL,NULL,NULL,NULL,NULL,NULL,0,'N'),
 (70,0,'N','I',856,65,'2006-10-24 00:00:00','I',NULL,'12','12',NULL,NULL,NULL,'2006-10-28 00:00:00','EQ',NULL,0,NULL,NULL,NULL,NULL,NULL,NULL,NULL,NULL,NULL,1,'N'),
 (71,1,'N','I',2,66,'2006-10-24 00:00:00','I',NULL,'15',NULL,NULL,NULL,NULL,NULL,NULL,NULL,0,NULL,NULL,NULL,NULL,NULL,NULL,NULL,NULL,NULL,0,'N');
INSERT INTO ADMISSION (ADM_ID,ADM_IN,ADM_TYPE,ADM_WRD_ID_A,ADM_YPROG,ADM_PAT_ID,ADM_DATE_ADM,ADM_ADMT_ID_A_ADM,ADM_FHU,ADM_IN_DIS_ID_A,ADM_OUT_DIS_ID_A,ADM_OPE_ID_A,ADM_DATE_OP,ADM_RESOP,ADM_DATE_DIS,ADM_DIST_ID_A,ADM_NOTE,ADM_TRANS,ADM_PRG_DATE_VIS,ADM_PRG_PTT_ID_A,ADM_PRG_DATE_DEL,ADM_PRG_DLT_ID_A,ADM_PRG_DRT_ID_A,ADM_PRG_WEIGHT,ADM_PRG_DATE_CTRL1,ADM_PRG_DATE_CTRL2,ADM_PRG_DATE_ABORT,ADM_LOCK,ADM_DELETED) VALUES 
 (72,1,'N','I',2,67,'2006-10-24 00:00:00','I',NULL,'47',NULL,NULL,NULL,NULL,NULL,NULL,NULL,0,NULL,NULL,NULL,NULL,NULL,NULL,NULL,NULL,NULL,0,'N'),
 (73,0,'N','I',859,68,'2006-10-24 00:00:00','I',NULL,'23','23',NULL,NULL,NULL,'2006-10-28 00:00:00','EQ',NULL,0,NULL,NULL,NULL,NULL,NULL,NULL,NULL,NULL,NULL,1,'N'),
 (74,1,'N','I',2,69,'2006-10-25 00:00:00','I',NULL,'34',NULL,NULL,NULL,NULL,NULL,NULL,NULL,0,NULL,NULL,NULL,NULL,NULL,NULL,NULL,NULL,NULL,0,'N'),
 (75,1,'N','I',2,70,'2006-10-25 00:00:00','I',NULL,'39',NULL,NULL,NULL,NULL,NULL,NULL,NULL,0,NULL,NULL,NULL,NULL,NULL,NULL,NULL,NULL,NULL,0,'N'),
 (76,1,'N','I',2,71,'2006-10-25 00:00:00','I',NULL,'15',NULL,NULL,NULL,NULL,NULL,NULL,NULL,0,NULL,NULL,NULL,NULL,NULL,NULL,NULL,NULL,NULL,0,'N');
INSERT INTO ADMISSION (ADM_ID,ADM_IN,ADM_TYPE,ADM_WRD_ID_A,ADM_YPROG,ADM_PAT_ID,ADM_DATE_ADM,ADM_ADMT_ID_A_ADM,ADM_FHU,ADM_IN_DIS_ID_A,ADM_OUT_DIS_ID_A,ADM_OPE_ID_A,ADM_DATE_OP,ADM_RESOP,ADM_DATE_DIS,ADM_DIST_ID_A,ADM_NOTE,ADM_TRANS,ADM_PRG_DATE_VIS,ADM_PRG_PTT_ID_A,ADM_PRG_DATE_DEL,ADM_PRG_DLT_ID_A,ADM_PRG_DRT_ID_A,ADM_PRG_WEIGHT,ADM_PRG_DATE_CTRL1,ADM_PRG_DATE_CTRL2,ADM_PRG_DATE_ABORT,ADM_LOCK,ADM_DELETED) VALUES 
 (77,0,'N','I',2,72,'2006-10-07 00:00:00','I',NULL,'15','15',NULL,NULL,NULL,'2006-10-10 00:00:00','B',NULL,0,NULL,NULL,NULL,NULL,NULL,NULL,NULL,NULL,NULL,0,'N'),
 (78,1,'N','I',2,73,'2006-10-07 00:00:00','I',NULL,'44',NULL,NULL,NULL,NULL,NULL,NULL,NULL,0,NULL,NULL,NULL,NULL,NULL,NULL,NULL,NULL,NULL,1,'N'),
 (79,0,'N','F',0,74,'2006-10-01 00:00:00','I',NULL,'39','39',NULL,NULL,NULL,'2006-10-04 00:00:00','B',NULL,0,NULL,NULL,NULL,NULL,NULL,NULL,NULL,NULL,NULL,1,'N'),
 (80,0,'N','F',0,75,'2006-10-01 00:00:00','I',NULL,'39','39',NULL,NULL,NULL,'2006-10-10 00:00:00','B',NULL,0,NULL,NULL,NULL,NULL,NULL,NULL,NULL,NULL,NULL,0,'N'),
 (81,0,'N','F',0,76,'2006-10-03 00:00:00','I',NULL,'39','39',NULL,NULL,NULL,'2006-10-07 00:00:00','B',NULL,0,NULL,NULL,NULL,NULL,NULL,NULL,NULL,NULL,NULL,0,'N');
INSERT INTO ADMISSION (ADM_ID,ADM_IN,ADM_TYPE,ADM_WRD_ID_A,ADM_YPROG,ADM_PAT_ID,ADM_DATE_ADM,ADM_ADMT_ID_A_ADM,ADM_FHU,ADM_IN_DIS_ID_A,ADM_OUT_DIS_ID_A,ADM_OPE_ID_A,ADM_DATE_OP,ADM_RESOP,ADM_DATE_DIS,ADM_DIST_ID_A,ADM_NOTE,ADM_TRANS,ADM_PRG_DATE_VIS,ADM_PRG_PTT_ID_A,ADM_PRG_DATE_DEL,ADM_PRG_DLT_ID_A,ADM_PRG_DRT_ID_A,ADM_PRG_WEIGHT,ADM_PRG_DATE_CTRL1,ADM_PRG_DATE_CTRL2,ADM_PRG_DATE_ABORT,ADM_LOCK,ADM_DELETED) VALUES 
 (82,1,'N','F',0,77,'2006-10-26 00:00:00','I',NULL,'48',NULL,NULL,NULL,NULL,NULL,NULL,NULL,0,NULL,NULL,NULL,NULL,NULL,NULL,NULL,NULL,NULL,0,'N'),
 (83,1,'N','F',0,78,'2006-10-03 00:00:00','I',NULL,'48',NULL,NULL,NULL,NULL,NULL,NULL,NULL,0,NULL,NULL,NULL,NULL,NULL,NULL,NULL,NULL,NULL,0,'N'),
 (84,1,'N','F',0,79,'2006-10-04 00:00:00','I',NULL,'48',NULL,NULL,NULL,NULL,NULL,NULL,NULL,0,NULL,NULL,NULL,NULL,NULL,NULL,NULL,NULL,NULL,0,'N'),
 (85,1,'N','F',0,80,'2006-10-04 00:00:00','I',NULL,'15',NULL,NULL,NULL,NULL,NULL,NULL,NULL,0,NULL,NULL,NULL,NULL,NULL,NULL,NULL,NULL,NULL,0,'N'),
 (86,1,'N','F',0,81,'2006-10-04 00:00:00','I',NULL,'44',NULL,NULL,NULL,NULL,NULL,NULL,NULL,0,NULL,NULL,NULL,NULL,NULL,NULL,NULL,NULL,NULL,0,'N');
INSERT INTO ADMISSION (ADM_ID,ADM_IN,ADM_TYPE,ADM_WRD_ID_A,ADM_YPROG,ADM_PAT_ID,ADM_DATE_ADM,ADM_ADMT_ID_A_ADM,ADM_FHU,ADM_IN_DIS_ID_A,ADM_OUT_DIS_ID_A,ADM_OPE_ID_A,ADM_DATE_OP,ADM_RESOP,ADM_DATE_DIS,ADM_DIST_ID_A,ADM_NOTE,ADM_TRANS,ADM_PRG_DATE_VIS,ADM_PRG_PTT_ID_A,ADM_PRG_DATE_DEL,ADM_PRG_DLT_ID_A,ADM_PRG_DRT_ID_A,ADM_PRG_WEIGHT,ADM_PRG_DATE_CTRL1,ADM_PRG_DATE_CTRL2,ADM_PRG_DATE_ABORT,ADM_LOCK,ADM_DELETED) VALUES 
 (87,0,'N','F',0,82,'2006-10-04 00:00:00','I',NULL,'16','16',NULL,NULL,NULL,'2006-10-10 00:00:00','B',NULL,0,NULL,NULL,NULL,NULL,NULL,NULL,NULL,NULL,NULL,0,'N'),
 (88,1,'N','F',0,83,'2006-10-05 00:00:00','I',NULL,'16',NULL,NULL,NULL,NULL,NULL,NULL,NULL,0,NULL,NULL,NULL,NULL,NULL,NULL,NULL,NULL,NULL,1,'N'),
 (89,1,'N','F',0,84,'2006-10-05 00:00:00','I',NULL,'22',NULL,NULL,NULL,NULL,NULL,NULL,NULL,0,NULL,NULL,NULL,NULL,NULL,NULL,NULL,NULL,NULL,0,'N'),
 (90,1,'N','F',0,85,'2006-10-06 00:00:00','I',NULL,'48',NULL,NULL,NULL,NULL,NULL,NULL,NULL,0,NULL,NULL,NULL,NULL,NULL,NULL,NULL,NULL,NULL,0,'N'),
 (91,1,'N','F',0,86,'2006-10-06 00:00:00','I',NULL,'40',NULL,NULL,NULL,NULL,NULL,NULL,NULL,0,NULL,NULL,NULL,NULL,NULL,NULL,NULL,NULL,NULL,0,'N');
INSERT INTO ADMISSION (ADM_ID,ADM_IN,ADM_TYPE,ADM_WRD_ID_A,ADM_YPROG,ADM_PAT_ID,ADM_DATE_ADM,ADM_ADMT_ID_A_ADM,ADM_FHU,ADM_IN_DIS_ID_A,ADM_OUT_DIS_ID_A,ADM_OPE_ID_A,ADM_DATE_OP,ADM_RESOP,ADM_DATE_DIS,ADM_DIST_ID_A,ADM_NOTE,ADM_TRANS,ADM_PRG_DATE_VIS,ADM_PRG_PTT_ID_A,ADM_PRG_DATE_DEL,ADM_PRG_DLT_ID_A,ADM_PRG_DRT_ID_A,ADM_PRG_WEIGHT,ADM_PRG_DATE_CTRL1,ADM_PRG_DATE_CTRL2,ADM_PRG_DATE_ABORT,ADM_LOCK,ADM_DELETED) VALUES 
 (92,1,'N','F',0,87,'2006-10-06 00:00:00','I',NULL,'48',NULL,NULL,NULL,NULL,NULL,NULL,NULL,0,NULL,NULL,NULL,NULL,NULL,NULL,NULL,NULL,NULL,0,'N'),
 (93,1,'N','F',0,88,'2006-10-06 00:00:00','I',NULL,'24',NULL,NULL,NULL,NULL,NULL,NULL,NULL,0,NULL,NULL,NULL,NULL,NULL,NULL,NULL,NULL,NULL,0,'N'),
 (94,1,'N','F',0,89,'2006-10-07 00:00:00','I',NULL,'15',NULL,NULL,NULL,NULL,NULL,NULL,NULL,0,NULL,NULL,NULL,NULL,NULL,NULL,NULL,NULL,NULL,1,'N'),
 (95,1,'N','F',0,90,'2006-10-07 00:00:00','I',NULL,'42',NULL,NULL,NULL,NULL,NULL,NULL,NULL,0,NULL,NULL,NULL,NULL,NULL,NULL,NULL,NULL,NULL,0,'N'),
 (96,0,'N','F',0,91,'2006-10-06 00:00:00','I',NULL,'39','39',NULL,NULL,NULL,'2006-10-10 00:00:00','B',NULL,0,NULL,NULL,NULL,NULL,NULL,NULL,NULL,NULL,NULL,0,'N');
INSERT INTO ADMISSION (ADM_ID,ADM_IN,ADM_TYPE,ADM_WRD_ID_A,ADM_YPROG,ADM_PAT_ID,ADM_DATE_ADM,ADM_ADMT_ID_A_ADM,ADM_FHU,ADM_IN_DIS_ID_A,ADM_OUT_DIS_ID_A,ADM_OPE_ID_A,ADM_DATE_OP,ADM_RESOP,ADM_DATE_DIS,ADM_DIST_ID_A,ADM_NOTE,ADM_TRANS,ADM_PRG_DATE_VIS,ADM_PRG_PTT_ID_A,ADM_PRG_DATE_DEL,ADM_PRG_DLT_ID_A,ADM_PRG_DRT_ID_A,ADM_PRG_WEIGHT,ADM_PRG_DATE_CTRL1,ADM_PRG_DATE_CTRL2,ADM_PRG_DATE_ABORT,ADM_LOCK,ADM_DELETED) VALUES 
 (97,1,'N','F',0,92,'2006-10-08 00:00:00','I',NULL,'14',NULL,NULL,NULL,NULL,NULL,NULL,NULL,0,NULL,NULL,NULL,NULL,NULL,NULL,NULL,NULL,NULL,0,'N'),
 (98,1,'N','F',0,93,'2006-10-10 00:00:00','I',NULL,'39',NULL,NULL,NULL,NULL,NULL,NULL,NULL,0,NULL,NULL,NULL,NULL,NULL,NULL,NULL,NULL,NULL,0,'N'),
 (99,1,'N','F',0,94,'2006-10-10 00:00:00','I',NULL,'49',NULL,NULL,NULL,NULL,NULL,NULL,NULL,0,NULL,NULL,NULL,NULL,NULL,NULL,NULL,NULL,NULL,0,'N'),
 (100,1,'N','F',0,95,'2006-10-10 00:00:00','I',NULL,'12',NULL,NULL,NULL,NULL,NULL,NULL,NULL,0,NULL,NULL,NULL,NULL,NULL,NULL,NULL,NULL,NULL,0,'N'),
 (101,1,'N','F',0,96,'2006-10-10 00:00:00','I',NULL,'49',NULL,NULL,NULL,NULL,NULL,NULL,NULL,0,NULL,NULL,NULL,NULL,NULL,NULL,NULL,NULL,NULL,0,'N');
INSERT INTO ADMISSION (ADM_ID,ADM_IN,ADM_TYPE,ADM_WRD_ID_A,ADM_YPROG,ADM_PAT_ID,ADM_DATE_ADM,ADM_ADMT_ID_A_ADM,ADM_FHU,ADM_IN_DIS_ID_A,ADM_OUT_DIS_ID_A,ADM_OPE_ID_A,ADM_DATE_OP,ADM_RESOP,ADM_DATE_DIS,ADM_DIST_ID_A,ADM_NOTE,ADM_TRANS,ADM_PRG_DATE_VIS,ADM_PRG_PTT_ID_A,ADM_PRG_DATE_DEL,ADM_PRG_DLT_ID_A,ADM_PRG_DRT_ID_A,ADM_PRG_WEIGHT,ADM_PRG_DATE_CTRL1,ADM_PRG_DATE_CTRL2,ADM_PRG_DATE_ABORT,ADM_LOCK,ADM_DELETED) VALUES 
 (102,1,'N','F',0,97,'2006-10-11 00:00:00','I',NULL,'15',NULL,NULL,NULL,NULL,NULL,NULL,NULL,0,NULL,NULL,NULL,NULL,NULL,NULL,NULL,NULL,NULL,0,'N'),
 (103,1,'N','F',0,98,'2006-10-11 00:00:00','I',NULL,'39',NULL,NULL,NULL,NULL,NULL,NULL,NULL,0,NULL,NULL,NULL,NULL,NULL,NULL,NULL,NULL,NULL,0,'N'),
 (104,1,'N','F',0,99,'2006-10-12 00:00:00','I',NULL,'15',NULL,NULL,NULL,NULL,NULL,NULL,NULL,0,NULL,NULL,NULL,NULL,NULL,NULL,NULL,NULL,NULL,0,'N'),
 (105,1,'N','F',0,100,'2006-10-12 00:00:00','I',NULL,'15',NULL,NULL,NULL,NULL,NULL,NULL,NULL,0,NULL,NULL,NULL,NULL,NULL,NULL,NULL,NULL,NULL,0,'N'),
 (106,1,'N','F',0,101,'2006-10-13 00:00:00','I',NULL,'48',NULL,NULL,NULL,NULL,NULL,NULL,NULL,0,NULL,NULL,NULL,NULL,NULL,NULL,NULL,NULL,NULL,0,'N');
INSERT INTO ADMISSION (ADM_ID,ADM_IN,ADM_TYPE,ADM_WRD_ID_A,ADM_YPROG,ADM_PAT_ID,ADM_DATE_ADM,ADM_ADMT_ID_A_ADM,ADM_FHU,ADM_IN_DIS_ID_A,ADM_OUT_DIS_ID_A,ADM_OPE_ID_A,ADM_DATE_OP,ADM_RESOP,ADM_DATE_DIS,ADM_DIST_ID_A,ADM_NOTE,ADM_TRANS,ADM_PRG_DATE_VIS,ADM_PRG_PTT_ID_A,ADM_PRG_DATE_DEL,ADM_PRG_DLT_ID_A,ADM_PRG_DRT_ID_A,ADM_PRG_WEIGHT,ADM_PRG_DATE_CTRL1,ADM_PRG_DATE_CTRL2,ADM_PRG_DATE_ABORT,ADM_LOCK,ADM_DELETED) VALUES 
 (107,1,'N','F',0,102,'2006-10-13 00:00:00','I',NULL,'49',NULL,NULL,NULL,NULL,NULL,NULL,NULL,0,NULL,NULL,NULL,NULL,NULL,NULL,NULL,NULL,NULL,0,'N'),
 (108,1,'N','F',0,103,'2006-10-14 00:00:00','I',NULL,'39',NULL,NULL,NULL,NULL,NULL,NULL,NULL,0,NULL,NULL,NULL,NULL,NULL,NULL,NULL,NULL,NULL,0,'N'),
 (109,1,'N','F',0,104,'2006-10-14 00:00:00','I',NULL,'44',NULL,NULL,NULL,NULL,NULL,NULL,NULL,0,NULL,NULL,NULL,NULL,NULL,NULL,NULL,NULL,NULL,0,'N'),
 (110,0,'N','F',0,105,'2006-10-15 00:00:00','I',NULL,'15','15',NULL,NULL,NULL,'2006-10-15 00:00:00','D',NULL,0,NULL,NULL,NULL,NULL,NULL,NULL,NULL,NULL,NULL,0,'N'),
 (111,1,'N','F',0,106,'2006-10-16 00:00:00','I',NULL,'40',NULL,NULL,NULL,NULL,NULL,NULL,NULL,0,NULL,NULL,NULL,NULL,NULL,NULL,NULL,NULL,NULL,0,'N');
INSERT INTO ADMISSION (ADM_ID,ADM_IN,ADM_TYPE,ADM_WRD_ID_A,ADM_YPROG,ADM_PAT_ID,ADM_DATE_ADM,ADM_ADMT_ID_A_ADM,ADM_FHU,ADM_IN_DIS_ID_A,ADM_OUT_DIS_ID_A,ADM_OPE_ID_A,ADM_DATE_OP,ADM_RESOP,ADM_DATE_DIS,ADM_DIST_ID_A,ADM_NOTE,ADM_TRANS,ADM_PRG_DATE_VIS,ADM_PRG_PTT_ID_A,ADM_PRG_DATE_DEL,ADM_PRG_DLT_ID_A,ADM_PRG_DRT_ID_A,ADM_PRG_WEIGHT,ADM_PRG_DATE_CTRL1,ADM_PRG_DATE_CTRL2,ADM_PRG_DATE_ABORT,ADM_LOCK,ADM_DELETED) VALUES 
 (112,1,'N','F',0,107,'2006-10-16 00:00:00','I',NULL,'15',NULL,NULL,NULL,NULL,NULL,NULL,NULL,0,NULL,NULL,NULL,NULL,NULL,NULL,NULL,NULL,NULL,1,'N'),
 (113,0,'N','F',721,108,'2006-10-16 00:00:00','I',NULL,'19','19',NULL,NULL,NULL,'2006-11-02 00:00:00','EQ',NULL,0,NULL,NULL,NULL,NULL,NULL,NULL,NULL,NULL,NULL,2,'N'),
 (114,1,'N','F',0,109,'2006-10-17 00:00:00','I',NULL,'15',NULL,NULL,NULL,NULL,NULL,NULL,NULL,0,NULL,NULL,NULL,NULL,NULL,NULL,NULL,NULL,NULL,0,'N'),
 (115,1,'N','F',0,110,'2006-10-17 00:00:00','I',NULL,'48',NULL,NULL,NULL,NULL,NULL,NULL,NULL,0,NULL,NULL,NULL,NULL,NULL,NULL,NULL,NULL,NULL,0,'N'),
 (116,1,'N','F',0,111,'2006-10-17 00:00:00','I',NULL,'16',NULL,NULL,NULL,NULL,NULL,NULL,NULL,0,NULL,NULL,NULL,NULL,NULL,NULL,NULL,NULL,NULL,0,'N');
INSERT INTO ADMISSION (ADM_ID,ADM_IN,ADM_TYPE,ADM_WRD_ID_A,ADM_YPROG,ADM_PAT_ID,ADM_DATE_ADM,ADM_ADMT_ID_A_ADM,ADM_FHU,ADM_IN_DIS_ID_A,ADM_OUT_DIS_ID_A,ADM_OPE_ID_A,ADM_DATE_OP,ADM_RESOP,ADM_DATE_DIS,ADM_DIST_ID_A,ADM_NOTE,ADM_TRANS,ADM_PRG_DATE_VIS,ADM_PRG_PTT_ID_A,ADM_PRG_DATE_DEL,ADM_PRG_DLT_ID_A,ADM_PRG_DRT_ID_A,ADM_PRG_WEIGHT,ADM_PRG_DATE_CTRL1,ADM_PRG_DATE_CTRL2,ADM_PRG_DATE_ABORT,ADM_LOCK,ADM_DELETED) VALUES 
 (117,1,'N','F',0,112,'2006-10-17 00:00:00','I',NULL,'30',NULL,NULL,NULL,NULL,NULL,NULL,NULL,0,NULL,NULL,NULL,NULL,NULL,NULL,NULL,NULL,NULL,0,'N'),
 (118,1,'N','F',0,113,'2006-10-18 00:00:00','I',NULL,'30',NULL,NULL,NULL,NULL,NULL,NULL,NULL,0,NULL,NULL,NULL,NULL,NULL,NULL,NULL,NULL,NULL,0,'N'),
 (119,1,'N','F',0,114,'2006-10-19 00:00:00','I',NULL,'15',NULL,NULL,NULL,NULL,NULL,NULL,NULL,0,NULL,NULL,NULL,NULL,NULL,NULL,NULL,NULL,NULL,0,'N'),
 (120,1,'N','F',0,115,'2006-10-19 00:00:00','I',NULL,'49',NULL,NULL,NULL,NULL,NULL,NULL,NULL,0,NULL,NULL,NULL,NULL,NULL,NULL,NULL,NULL,NULL,0,'N'),
 (121,1,'N','F',0,116,'2006-10-20 00:00:00','I',NULL,'47',NULL,NULL,NULL,NULL,NULL,NULL,NULL,0,NULL,NULL,NULL,NULL,NULL,NULL,NULL,NULL,NULL,0,'N');
INSERT INTO ADMISSION (ADM_ID,ADM_IN,ADM_TYPE,ADM_WRD_ID_A,ADM_YPROG,ADM_PAT_ID,ADM_DATE_ADM,ADM_ADMT_ID_A_ADM,ADM_FHU,ADM_IN_DIS_ID_A,ADM_OUT_DIS_ID_A,ADM_OPE_ID_A,ADM_DATE_OP,ADM_RESOP,ADM_DATE_DIS,ADM_DIST_ID_A,ADM_NOTE,ADM_TRANS,ADM_PRG_DATE_VIS,ADM_PRG_PTT_ID_A,ADM_PRG_DATE_DEL,ADM_PRG_DLT_ID_A,ADM_PRG_DRT_ID_A,ADM_PRG_WEIGHT,ADM_PRG_DATE_CTRL1,ADM_PRG_DATE_CTRL2,ADM_PRG_DATE_ABORT,ADM_LOCK,ADM_DELETED) VALUES 
 (122,1,'N','F',0,117,'2006-10-21 00:00:00','I',NULL,'40',NULL,NULL,NULL,NULL,NULL,NULL,NULL,0,NULL,NULL,NULL,NULL,NULL,NULL,NULL,NULL,NULL,0,'N'),
 (123,1,'N','F',0,118,'2006-10-21 00:00:00','I',NULL,'29',NULL,NULL,NULL,NULL,NULL,NULL,NULL,0,NULL,NULL,NULL,NULL,NULL,NULL,NULL,NULL,NULL,0,'N'),
 (124,1,'N','F',0,119,'2006-10-21 00:00:00','I',NULL,'49',NULL,NULL,NULL,NULL,NULL,NULL,NULL,0,NULL,NULL,NULL,NULL,NULL,NULL,NULL,NULL,NULL,0,'N'),
 (125,0,'N','F',0,120,'2006-10-23 00:00:00','I',NULL,'14','14',NULL,NULL,NULL,'2006-11-02 00:00:00','EQ',NULL,0,NULL,NULL,NULL,NULL,NULL,NULL,NULL,NULL,NULL,1,'N'),
 (126,1,'N','F',0,121,'2006-10-23 00:00:00','I',NULL,'16',NULL,NULL,NULL,NULL,NULL,NULL,NULL,0,NULL,NULL,NULL,NULL,NULL,NULL,NULL,NULL,NULL,0,'N');
INSERT INTO ADMISSION (ADM_ID,ADM_IN,ADM_TYPE,ADM_WRD_ID_A,ADM_YPROG,ADM_PAT_ID,ADM_DATE_ADM,ADM_ADMT_ID_A_ADM,ADM_FHU,ADM_IN_DIS_ID_A,ADM_OUT_DIS_ID_A,ADM_OPE_ID_A,ADM_DATE_OP,ADM_RESOP,ADM_DATE_DIS,ADM_DIST_ID_A,ADM_NOTE,ADM_TRANS,ADM_PRG_DATE_VIS,ADM_PRG_PTT_ID_A,ADM_PRG_DATE_DEL,ADM_PRG_DLT_ID_A,ADM_PRG_DRT_ID_A,ADM_PRG_WEIGHT,ADM_PRG_DATE_CTRL1,ADM_PRG_DATE_CTRL2,ADM_PRG_DATE_ABORT,ADM_LOCK,ADM_DELETED) VALUES 
 (127,1,'N','F',0,122,'2006-10-23 00:00:00','I',NULL,'49',NULL,NULL,NULL,NULL,NULL,NULL,NULL,0,NULL,NULL,NULL,NULL,NULL,NULL,NULL,NULL,NULL,0,'N'),
 (128,0,'N','F',0,123,'2006-10-23 00:00:00','I',NULL,'40','64',NULL,NULL,NULL,'2006-11-02 00:00:00','EQ',NULL,0,NULL,NULL,NULL,NULL,NULL,NULL,NULL,NULL,NULL,2,'N'),
 (129,1,'N','F',0,124,'2006-10-24 00:00:00','I',NULL,'40',NULL,NULL,NULL,NULL,NULL,NULL,NULL,0,NULL,NULL,NULL,NULL,NULL,NULL,NULL,NULL,NULL,0,'N'),
 (130,1,'N','F',0,126,'2006-10-24 00:00:00','I',NULL,'36',NULL,NULL,NULL,NULL,NULL,NULL,NULL,0,NULL,NULL,NULL,NULL,NULL,NULL,NULL,NULL,NULL,0,'N'),
 (131,1,'N','F',0,127,'2006-10-24 00:00:00','I',NULL,'36',NULL,NULL,NULL,NULL,NULL,NULL,NULL,0,NULL,NULL,NULL,NULL,NULL,NULL,NULL,NULL,NULL,0,'N');
INSERT INTO ADMISSION (ADM_ID,ADM_IN,ADM_TYPE,ADM_WRD_ID_A,ADM_YPROG,ADM_PAT_ID,ADM_DATE_ADM,ADM_ADMT_ID_A_ADM,ADM_FHU,ADM_IN_DIS_ID_A,ADM_OUT_DIS_ID_A,ADM_OPE_ID_A,ADM_DATE_OP,ADM_RESOP,ADM_DATE_DIS,ADM_DIST_ID_A,ADM_NOTE,ADM_TRANS,ADM_PRG_DATE_VIS,ADM_PRG_PTT_ID_A,ADM_PRG_DATE_DEL,ADM_PRG_DLT_ID_A,ADM_PRG_DRT_ID_A,ADM_PRG_WEIGHT,ADM_PRG_DATE_CTRL1,ADM_PRG_DATE_CTRL2,ADM_PRG_DATE_ABORT,ADM_LOCK,ADM_DELETED) VALUES 
 (132,1,'N','F',0,128,'2006-10-24 00:00:00','I',NULL,'39',NULL,NULL,NULL,NULL,NULL,NULL,NULL,0,NULL,NULL,NULL,NULL,NULL,NULL,NULL,NULL,NULL,0,'N'),
 (133,1,'N','F',0,129,'2006-10-24 00:00:00','I',NULL,'15',NULL,NULL,NULL,NULL,NULL,NULL,NULL,0,NULL,NULL,NULL,NULL,NULL,NULL,NULL,NULL,NULL,0,'N'),
 (134,1,'N','F',0,130,'2006-10-24 00:00:00','I',NULL,'24',NULL,NULL,NULL,NULL,NULL,NULL,NULL,0,NULL,NULL,NULL,NULL,NULL,NULL,NULL,NULL,NULL,0,'N'),
 (135,1,'N','F',0,131,'2006-10-25 00:00:00','I',NULL,'16',NULL,NULL,NULL,NULL,NULL,NULL,NULL,0,NULL,NULL,NULL,NULL,NULL,NULL,NULL,NULL,NULL,0,'N'),
 (136,0,'N','I',2,132,'2006-10-07 00:00:00','I',NULL,'40','40',NULL,NULL,NULL,'2006-10-14 00:00:00','B',NULL,0,NULL,NULL,NULL,NULL,NULL,NULL,NULL,NULL,NULL,0,'N');
INSERT INTO ADMISSION (ADM_ID,ADM_IN,ADM_TYPE,ADM_WRD_ID_A,ADM_YPROG,ADM_PAT_ID,ADM_DATE_ADM,ADM_ADMT_ID_A_ADM,ADM_FHU,ADM_IN_DIS_ID_A,ADM_OUT_DIS_ID_A,ADM_OPE_ID_A,ADM_DATE_OP,ADM_RESOP,ADM_DATE_DIS,ADM_DIST_ID_A,ADM_NOTE,ADM_TRANS,ADM_PRG_DATE_VIS,ADM_PRG_PTT_ID_A,ADM_PRG_DATE_DEL,ADM_PRG_DLT_ID_A,ADM_PRG_DRT_ID_A,ADM_PRG_WEIGHT,ADM_PRG_DATE_CTRL1,ADM_PRG_DATE_CTRL2,ADM_PRG_DATE_ABORT,ADM_LOCK,ADM_DELETED) VALUES 
 (137,0,'N','I',2,133,'2006-10-07 00:00:00','R',NULL,'24','24',NULL,NULL,NULL,'2006-10-10 00:00:00','D',NULL,0,NULL,NULL,NULL,NULL,NULL,NULL,NULL,NULL,NULL,0,'N'),
 (138,0,'N','I',2,134,'2006-10-07 00:00:00','I',NULL,'24','24',NULL,NULL,NULL,'2006-10-17 00:00:00','D',NULL,0,NULL,NULL,NULL,NULL,NULL,NULL,NULL,NULL,NULL,0,'N'),
 (139,0,'N','I',2,135,'2006-10-08 00:00:00','I',NULL,'15','15',NULL,NULL,NULL,'2006-10-12 00:00:00','D',NULL,0,NULL,NULL,NULL,NULL,NULL,NULL,NULL,NULL,NULL,0,'N'),
 (140,0,'N','I',2,136,'2006-10-09 00:00:00','I',NULL,'17','17',NULL,NULL,NULL,'2006-10-14 00:00:00','D',NULL,0,NULL,NULL,NULL,NULL,NULL,NULL,NULL,NULL,NULL,0,'N'),
 (141,0,'N','I',2,137,'2006-10-09 00:00:00','I',NULL,'47','47',NULL,NULL,NULL,'2006-10-14 00:00:00','B',NULL,0,NULL,NULL,NULL,NULL,NULL,NULL,NULL,NULL,NULL,0,'N');
INSERT INTO ADMISSION (ADM_ID,ADM_IN,ADM_TYPE,ADM_WRD_ID_A,ADM_YPROG,ADM_PAT_ID,ADM_DATE_ADM,ADM_ADMT_ID_A_ADM,ADM_FHU,ADM_IN_DIS_ID_A,ADM_OUT_DIS_ID_A,ADM_OPE_ID_A,ADM_DATE_OP,ADM_RESOP,ADM_DATE_DIS,ADM_DIST_ID_A,ADM_NOTE,ADM_TRANS,ADM_PRG_DATE_VIS,ADM_PRG_PTT_ID_A,ADM_PRG_DATE_DEL,ADM_PRG_DLT_ID_A,ADM_PRG_DRT_ID_A,ADM_PRG_WEIGHT,ADM_PRG_DATE_CTRL1,ADM_PRG_DATE_CTRL2,ADM_PRG_DATE_ABORT,ADM_LOCK,ADM_DELETED) VALUES 
 (142,0,'N','I',2,138,'2006-10-09 00:00:00','I',NULL,'15','15',NULL,NULL,NULL,'2006-10-17 00:00:00','B',NULL,0,NULL,NULL,NULL,NULL,NULL,NULL,NULL,NULL,NULL,0,'N'),
 (143,0,'N','I',2,139,'2006-10-10 00:00:00','I',NULL,'23','23',NULL,NULL,NULL,'2006-10-13 00:00:00','B',NULL,0,NULL,NULL,NULL,NULL,NULL,NULL,NULL,NULL,NULL,0,'N'),
 (144,0,'N','I',2,140,'2006-10-10 00:00:00','I',NULL,'47','47',NULL,NULL,NULL,'2006-10-19 00:00:00','B',NULL,0,NULL,NULL,NULL,NULL,NULL,NULL,NULL,NULL,NULL,0,'N'),
 (145,0,'N','I',2,141,'2006-10-10 00:00:00','I',NULL,'25','25',NULL,NULL,NULL,'2006-10-10 00:00:00','D',NULL,0,NULL,NULL,NULL,NULL,NULL,NULL,NULL,NULL,NULL,0,'N'),
 (146,0,'N','I',2,142,'2006-10-10 00:00:00','I',NULL,'15','15',NULL,NULL,NULL,'2006-10-12 00:00:00','D',NULL,0,NULL,NULL,NULL,NULL,NULL,NULL,NULL,NULL,NULL,0,'N');
INSERT INTO ADMISSION (ADM_ID,ADM_IN,ADM_TYPE,ADM_WRD_ID_A,ADM_YPROG,ADM_PAT_ID,ADM_DATE_ADM,ADM_ADMT_ID_A_ADM,ADM_FHU,ADM_IN_DIS_ID_A,ADM_OUT_DIS_ID_A,ADM_OPE_ID_A,ADM_DATE_OP,ADM_RESOP,ADM_DATE_DIS,ADM_DIST_ID_A,ADM_NOTE,ADM_TRANS,ADM_PRG_DATE_VIS,ADM_PRG_PTT_ID_A,ADM_PRG_DATE_DEL,ADM_PRG_DLT_ID_A,ADM_PRG_DRT_ID_A,ADM_PRG_WEIGHT,ADM_PRG_DATE_CTRL1,ADM_PRG_DATE_CTRL2,ADM_PRG_DATE_ABORT,ADM_LOCK,ADM_DELETED) VALUES 
 (147,0,'N','I',791,143,'2006-10-10 00:00:00','I',NULL,'47','90',NULL,NULL,NULL,'2006-10-28 00:00:00','EQ',NULL,0,NULL,NULL,NULL,NULL,NULL,NULL,NULL,NULL,NULL,2,'N'),
 (148,0,'N','I',2,144,'2006-10-10 00:00:00','I',NULL,'48','49',NULL,NULL,NULL,'2006-10-13 00:00:00','B',NULL,0,NULL,NULL,NULL,NULL,NULL,NULL,NULL,NULL,NULL,0,'N'),
 (149,1,'N','I',2,145,'2006-10-10 00:00:00','I',NULL,'14',NULL,NULL,NULL,NULL,NULL,NULL,NULL,0,NULL,NULL,NULL,NULL,NULL,NULL,NULL,NULL,NULL,0,'N'),
 (150,0,'N','I',2,146,'2006-10-11 00:00:00','I',NULL,'15','15',NULL,NULL,NULL,'2006-10-13 00:00:00','D',NULL,0,NULL,NULL,NULL,NULL,NULL,NULL,NULL,NULL,NULL,0,'N'),
 (151,0,'N','I',2,147,'2006-10-11 00:00:00','I',NULL,'15','15',NULL,NULL,NULL,'2006-10-21 00:00:00','B',NULL,0,NULL,NULL,NULL,NULL,NULL,NULL,NULL,NULL,NULL,0,'N');
INSERT INTO ADMISSION (ADM_ID,ADM_IN,ADM_TYPE,ADM_WRD_ID_A,ADM_YPROG,ADM_PAT_ID,ADM_DATE_ADM,ADM_ADMT_ID_A_ADM,ADM_FHU,ADM_IN_DIS_ID_A,ADM_OUT_DIS_ID_A,ADM_OPE_ID_A,ADM_DATE_OP,ADM_RESOP,ADM_DATE_DIS,ADM_DIST_ID_A,ADM_NOTE,ADM_TRANS,ADM_PRG_DATE_VIS,ADM_PRG_PTT_ID_A,ADM_PRG_DATE_DEL,ADM_PRG_DLT_ID_A,ADM_PRG_DRT_ID_A,ADM_PRG_WEIGHT,ADM_PRG_DATE_CTRL1,ADM_PRG_DATE_CTRL2,ADM_PRG_DATE_ABORT,ADM_LOCK,ADM_DELETED) VALUES 
 (152,0,'N','I',2,148,'2006-10-11 00:00:00','I',NULL,'15','15',NULL,NULL,NULL,'2006-10-19 00:00:00','B',NULL,0,NULL,NULL,NULL,NULL,NULL,NULL,NULL,NULL,NULL,0,'N'),
 (153,0,'N','I',2,149,'2006-10-12 00:00:00','I',NULL,'48','48',NULL,NULL,NULL,'2006-10-16 00:00:00','EQ',NULL,0,NULL,NULL,NULL,NULL,NULL,NULL,NULL,NULL,NULL,0,'N'),
 (154,0,'N','I',2,150,'2006-10-12 00:00:00','I',NULL,'48','48',NULL,NULL,NULL,'2006-10-21 00:00:00','B',NULL,0,NULL,NULL,NULL,NULL,NULL,NULL,NULL,NULL,NULL,0,'N'),
 (155,0,'N','I',2,151,'2006-10-12 00:00:00','I',NULL,'39','39',NULL,NULL,NULL,'2006-10-16 00:00:00','B',NULL,0,NULL,NULL,NULL,NULL,NULL,NULL,NULL,NULL,NULL,0,'N'),
 (156,0,'N','I',2,152,'2006-10-12 00:00:00','I',NULL,'12','12',NULL,NULL,NULL,'2006-10-12 00:00:00','D',NULL,0,NULL,NULL,NULL,NULL,NULL,NULL,NULL,NULL,NULL,0,'N');
INSERT INTO ADMISSION (ADM_ID,ADM_IN,ADM_TYPE,ADM_WRD_ID_A,ADM_YPROG,ADM_PAT_ID,ADM_DATE_ADM,ADM_ADMT_ID_A_ADM,ADM_FHU,ADM_IN_DIS_ID_A,ADM_OUT_DIS_ID_A,ADM_OPE_ID_A,ADM_DATE_OP,ADM_RESOP,ADM_DATE_DIS,ADM_DIST_ID_A,ADM_NOTE,ADM_TRANS,ADM_PRG_DATE_VIS,ADM_PRG_PTT_ID_A,ADM_PRG_DATE_DEL,ADM_PRG_DLT_ID_A,ADM_PRG_DRT_ID_A,ADM_PRG_WEIGHT,ADM_PRG_DATE_CTRL1,ADM_PRG_DATE_CTRL2,ADM_PRG_DATE_ABORT,ADM_LOCK,ADM_DELETED) VALUES 
 (157,0,'N','I',801,153,'2006-10-12 00:00:00','I',NULL,'44','44',NULL,NULL,NULL,'2006-10-25 00:00:00','EQ',NULL,0,NULL,NULL,NULL,NULL,NULL,NULL,NULL,NULL,NULL,1,'N'),
 (158,0,'N','I',802,154,'2006-10-12 00:00:00','I',NULL,'14','14',NULL,NULL,NULL,'2006-10-28 00:00:00','B',NULL,0,NULL,NULL,NULL,NULL,NULL,NULL,NULL,NULL,NULL,1,'N'),
 (159,0,'N','I',803,155,'2006-10-13 00:00:00','I',NULL,'14','47',NULL,NULL,NULL,'2006-10-19 00:00:00','EQ',NULL,0,NULL,NULL,NULL,NULL,NULL,NULL,NULL,NULL,NULL,2,'N'),
 (160,0,'N','I',2,156,'2006-10-13 00:00:00','I',NULL,'48','48',NULL,NULL,NULL,'2006-10-19 00:00:00','B',NULL,0,NULL,NULL,NULL,NULL,NULL,NULL,NULL,NULL,NULL,0,'N'),
 (161,1,'N','I',2,158,'2006-10-14 00:00:00','I',NULL,'14',NULL,NULL,NULL,NULL,NULL,NULL,NULL,0,NULL,NULL,NULL,NULL,NULL,NULL,NULL,NULL,NULL,0,'N');
INSERT INTO ADMISSION (ADM_ID,ADM_IN,ADM_TYPE,ADM_WRD_ID_A,ADM_YPROG,ADM_PAT_ID,ADM_DATE_ADM,ADM_ADMT_ID_A_ADM,ADM_FHU,ADM_IN_DIS_ID_A,ADM_OUT_DIS_ID_A,ADM_OPE_ID_A,ADM_DATE_OP,ADM_RESOP,ADM_DATE_DIS,ADM_DIST_ID_A,ADM_NOTE,ADM_TRANS,ADM_PRG_DATE_VIS,ADM_PRG_PTT_ID_A,ADM_PRG_DATE_DEL,ADM_PRG_DLT_ID_A,ADM_PRG_DRT_ID_A,ADM_PRG_WEIGHT,ADM_PRG_DATE_CTRL1,ADM_PRG_DATE_CTRL2,ADM_PRG_DATE_ABORT,ADM_LOCK,ADM_DELETED) VALUES 
 (162,0,'N','I',807,159,'2006-10-14 00:00:00','I',NULL,'14','14',NULL,NULL,NULL,'2006-10-28 00:00:00','B',NULL,0,NULL,NULL,NULL,NULL,NULL,NULL,NULL,NULL,NULL,1,'N'),
 (163,1,'N','I',2,160,'2006-10-14 00:00:00','I',NULL,'48',NULL,NULL,NULL,NULL,NULL,NULL,NULL,0,NULL,NULL,NULL,NULL,NULL,NULL,NULL,NULL,NULL,0,'N'),
 (164,1,'N','I',2,161,'2006-10-14 00:00:00','I',NULL,'39',NULL,NULL,NULL,NULL,NULL,NULL,NULL,0,NULL,NULL,NULL,NULL,NULL,NULL,NULL,NULL,NULL,0,'N'),
 (165,1,'N','C',2006,162,'2006-10-26 00:00:00','I',NULL,'39',NULL,NULL,NULL,NULL,NULL,NULL,NULL,0,NULL,NULL,NULL,NULL,NULL,NULL,NULL,NULL,NULL,0,'N'),
 (166,0,'P','M',2,163,'2006-10-22 00:00:00','I',NULL,'26',NULL,NULL,NULL,NULL,'2006-10-23 00:00:00','B',NULL,0,'2006-10-22 00:00:00','S2','2006-10-22 00:00:00','N','A',3.4,NULL,NULL,NULL,0,'N');
INSERT INTO ADMISSION (ADM_ID,ADM_IN,ADM_TYPE,ADM_WRD_ID_A,ADM_YPROG,ADM_PAT_ID,ADM_DATE_ADM,ADM_ADMT_ID_A_ADM,ADM_FHU,ADM_IN_DIS_ID_A,ADM_OUT_DIS_ID_A,ADM_OPE_ID_A,ADM_DATE_OP,ADM_RESOP,ADM_DATE_DIS,ADM_DIST_ID_A,ADM_NOTE,ADM_TRANS,ADM_PRG_DATE_VIS,ADM_PRG_PTT_ID_A,ADM_PRG_DATE_DEL,ADM_PRG_DLT_ID_A,ADM_PRG_DRT_ID_A,ADM_PRG_WEIGHT,ADM_PRG_DATE_CTRL1,ADM_PRG_DATE_CTRL2,ADM_PRG_DATE_ABORT,ADM_LOCK,ADM_DELETED) VALUES 
 (167,1,'P','M',2,164,'2006-10-22 00:00:00','A',NULL,'26',NULL,'3','2006-10-22 00:00:00',NULL,NULL,NULL,NULL,0,'2006-10-22 00:00:00',NULL,NULL,NULL,NULL,NULL,NULL,NULL,NULL,0,'N'),
 (168,0,'P','M',2,165,'2006-10-22 00:00:00','I',NULL,'26',NULL,NULL,NULL,NULL,'2006-10-24 00:00:00','B',NULL,0,'2006-10-22 00:00:00','S2','2006-10-22 00:00:00','N','A',3.1,NULL,NULL,NULL,0,'N'),
 (169,0,'P','M',2,166,'2006-10-23 00:00:00','I',NULL,'26',NULL,NULL,'2006-10-23 00:00:00',NULL,'2006-10-26 00:00:00','B',NULL,0,'2006-10-23 00:00:00',NULL,'2006-10-23 00:00:00','N','A',3.33,NULL,NULL,NULL,0,'N'),
 (170,0,'P','M',2,167,'2006-10-23 00:00:00','I',NULL,NULL,NULL,NULL,NULL,NULL,'2006-10-27 00:00:00','B',NULL,0,'2006-10-23 00:00:00',NULL,'2006-10-23 00:00:00','N','A',2.5,NULL,NULL,NULL,0,'N');
INSERT INTO ADMISSION (ADM_ID,ADM_IN,ADM_TYPE,ADM_WRD_ID_A,ADM_YPROG,ADM_PAT_ID,ADM_DATE_ADM,ADM_ADMT_ID_A_ADM,ADM_FHU,ADM_IN_DIS_ID_A,ADM_OUT_DIS_ID_A,ADM_OPE_ID_A,ADM_DATE_OP,ADM_RESOP,ADM_DATE_DIS,ADM_DIST_ID_A,ADM_NOTE,ADM_TRANS,ADM_PRG_DATE_VIS,ADM_PRG_PTT_ID_A,ADM_PRG_DATE_DEL,ADM_PRG_DLT_ID_A,ADM_PRG_DRT_ID_A,ADM_PRG_WEIGHT,ADM_PRG_DATE_CTRL1,ADM_PRG_DATE_CTRL2,ADM_PRG_DATE_ABORT,ADM_LOCK,ADM_DELETED) VALUES 
 (171,0,'P','M',2,168,'2006-10-23 00:00:00','I',NULL,NULL,NULL,NULL,NULL,NULL,'2006-10-25 00:00:00','B',NULL,0,'2006-10-23 00:00:00',NULL,'2006-10-23 00:00:00','N','A',3.1,NULL,NULL,NULL,0,'N'),
 (172,0,'P','M',2,169,'2006-10-23 00:00:00','I',NULL,NULL,NULL,NULL,NULL,NULL,'2006-10-25 00:00:00','B',NULL,0,'2006-10-23 00:00:00',NULL,'2006-10-23 00:00:00','N','A',3.45,NULL,NULL,NULL,0,'N'),
 (173,0,'P','M',2,170,'2006-10-23 00:00:00','I',NULL,NULL,NULL,NULL,NULL,NULL,'2006-10-25 00:00:00','B',NULL,0,'2006-10-23 00:00:00',NULL,'2006-10-23 00:00:00','N','A',3.3,NULL,NULL,NULL,0,'N'),
 (174,0,'P','M',2,171,'2006-10-23 00:00:00','I',NULL,NULL,NULL,NULL,NULL,NULL,'2006-10-24 00:00:00','B',NULL,0,'2006-10-23 00:00:00',NULL,'2006-10-23 00:00:00','N','A',3,NULL,NULL,NULL,0,'N');
INSERT INTO ADMISSION (ADM_ID,ADM_IN,ADM_TYPE,ADM_WRD_ID_A,ADM_YPROG,ADM_PAT_ID,ADM_DATE_ADM,ADM_ADMT_ID_A_ADM,ADM_FHU,ADM_IN_DIS_ID_A,ADM_OUT_DIS_ID_A,ADM_OPE_ID_A,ADM_DATE_OP,ADM_RESOP,ADM_DATE_DIS,ADM_DIST_ID_A,ADM_NOTE,ADM_TRANS,ADM_PRG_DATE_VIS,ADM_PRG_PTT_ID_A,ADM_PRG_DATE_DEL,ADM_PRG_DLT_ID_A,ADM_PRG_DRT_ID_A,ADM_PRG_WEIGHT,ADM_PRG_DATE_CTRL1,ADM_PRG_DATE_CTRL2,ADM_PRG_DATE_ABORT,ADM_LOCK,ADM_DELETED) VALUES 
 (175,1,'P','M',2,171,'2006-10-23 00:00:00','I',NULL,NULL,NULL,NULL,NULL,NULL,NULL,NULL,NULL,0,'2006-10-23 00:00:00',NULL,'2006-10-23 00:00:00','N','A',3.03,NULL,NULL,NULL,0,'N'),
 (176,1,'P','M',2,172,'2006-10-23 00:00:00','A',NULL,NULL,NULL,NULL,NULL,NULL,NULL,NULL,NULL,0,'2006-10-23 00:00:00',NULL,'2006-10-23 00:00:00','V',NULL,3.12,NULL,NULL,NULL,0,'N'),
 (177,0,'P','M',2,173,'2006-10-24 00:00:00','I',NULL,NULL,NULL,NULL,NULL,NULL,'2006-10-26 00:00:00','B',NULL,0,'2006-10-24 00:00:00',NULL,'2006-10-24 00:00:00','N','A',3,NULL,NULL,NULL,0,'N'),
 (178,1,'P','M',2,173,'2006-10-24 00:00:00','I',NULL,NULL,NULL,NULL,NULL,NULL,NULL,NULL,NULL,0,'2006-10-24 00:00:00',NULL,'2006-10-24 00:00:00','N',NULL,3,NULL,NULL,NULL,0,'N');
INSERT INTO ADMISSION (ADM_ID,ADM_IN,ADM_TYPE,ADM_WRD_ID_A,ADM_YPROG,ADM_PAT_ID,ADM_DATE_ADM,ADM_ADMT_ID_A_ADM,ADM_FHU,ADM_IN_DIS_ID_A,ADM_OUT_DIS_ID_A,ADM_OPE_ID_A,ADM_DATE_OP,ADM_RESOP,ADM_DATE_DIS,ADM_DIST_ID_A,ADM_NOTE,ADM_TRANS,ADM_PRG_DATE_VIS,ADM_PRG_PTT_ID_A,ADM_PRG_DATE_DEL,ADM_PRG_DLT_ID_A,ADM_PRG_DRT_ID_A,ADM_PRG_WEIGHT,ADM_PRG_DATE_CTRL1,ADM_PRG_DATE_CTRL2,ADM_PRG_DATE_ABORT,ADM_LOCK,ADM_DELETED) VALUES 
 (179,0,'P','M',2,174,'2006-10-24 00:00:00','I',NULL,NULL,NULL,NULL,NULL,NULL,'2006-10-25 00:00:00','B',NULL,0,'2006-10-24 00:00:00',NULL,'2006-10-24 00:00:00','N','A',2.7,NULL,NULL,NULL,0,'N'),
 (180,0,'P','M',2,175,'2006-10-24 00:00:00','I',NULL,'12','12',NULL,NULL,NULL,'2006-10-26 00:00:00','B',NULL,0,NULL,NULL,NULL,NULL,NULL,NULL,NULL,NULL,NULL,0,'N'),
 (181,0,'P','M',2,176,'2006-10-24 00:00:00','I',NULL,NULL,NULL,NULL,NULL,NULL,'2006-10-26 00:00:00','B',NULL,0,'2006-10-24 00:00:00',NULL,'2006-10-24 00:00:00','N','A',4.1,NULL,NULL,NULL,0,'N'),
 (182,1,'P','M',2,177,'2006-10-24 00:00:00','I',NULL,NULL,NULL,'6','2006-10-24 00:00:00',NULL,NULL,NULL,NULL,0,'2006-10-24 00:00:00',NULL,'2006-10-24 00:00:00',NULL,'A',2.7,NULL,NULL,NULL,0,'N');
INSERT INTO ADMISSION (ADM_ID,ADM_IN,ADM_TYPE,ADM_WRD_ID_A,ADM_YPROG,ADM_PAT_ID,ADM_DATE_ADM,ADM_ADMT_ID_A_ADM,ADM_FHU,ADM_IN_DIS_ID_A,ADM_OUT_DIS_ID_A,ADM_OPE_ID_A,ADM_DATE_OP,ADM_RESOP,ADM_DATE_DIS,ADM_DIST_ID_A,ADM_NOTE,ADM_TRANS,ADM_PRG_DATE_VIS,ADM_PRG_PTT_ID_A,ADM_PRG_DATE_DEL,ADM_PRG_DLT_ID_A,ADM_PRG_DRT_ID_A,ADM_PRG_WEIGHT,ADM_PRG_DATE_CTRL1,ADM_PRG_DATE_CTRL2,ADM_PRG_DATE_ABORT,ADM_LOCK,ADM_DELETED) VALUES 
 (183,1,'P','M',2,178,'2006-10-25 00:00:00','I',NULL,'22',NULL,NULL,NULL,NULL,NULL,NULL,NULL,0,NULL,NULL,NULL,NULL,NULL,NULL,NULL,NULL,NULL,0,'N'),
 (184,0,'P','M',2,179,'2006-10-25 00:00:00','I',NULL,NULL,NULL,NULL,NULL,NULL,'2006-10-26 00:00:00','B',NULL,0,'2006-10-25 00:00:00',NULL,'2006-10-25 00:00:00','N','A',2.7,NULL,NULL,NULL,0,'N'),
 (185,1,'N','I',2,182,'2006-10-27 00:00:00','I',NULL,'48',NULL,NULL,NULL,NULL,NULL,NULL,NULL,0,NULL,NULL,NULL,NULL,NULL,NULL,NULL,NULL,NULL,0,'N'),
 (186,1,'N','I',2,183,'2006-10-27 00:00:00','I',NULL,'14',NULL,NULL,NULL,NULL,NULL,NULL,NULL,0,NULL,NULL,NULL,NULL,NULL,NULL,NULL,NULL,NULL,0,'N'),
 (190,1,'N','I',2,188,'2006-10-28 00:00:00','I',NULL,'16',NULL,NULL,NULL,NULL,NULL,NULL,NULL,0,NULL,NULL,NULL,NULL,NULL,NULL,NULL,NULL,NULL,0,'N');
INSERT INTO ADMISSION (ADM_ID,ADM_IN,ADM_TYPE,ADM_WRD_ID_A,ADM_YPROG,ADM_PAT_ID,ADM_DATE_ADM,ADM_ADMT_ID_A_ADM,ADM_FHU,ADM_IN_DIS_ID_A,ADM_OUT_DIS_ID_A,ADM_OPE_ID_A,ADM_DATE_OP,ADM_RESOP,ADM_DATE_DIS,ADM_DIST_ID_A,ADM_NOTE,ADM_TRANS,ADM_PRG_DATE_VIS,ADM_PRG_PTT_ID_A,ADM_PRG_DATE_DEL,ADM_PRG_DLT_ID_A,ADM_PRG_DRT_ID_A,ADM_PRG_WEIGHT,ADM_PRG_DATE_CTRL1,ADM_PRG_DATE_CTRL2,ADM_PRG_DATE_ABORT,ADM_LOCK,ADM_DELETED) VALUES 
 (191,1,'N','I',2,189,'2006-10-28 00:00:00','I',NULL,'44',NULL,NULL,NULL,NULL,NULL,NULL,NULL,0,NULL,NULL,NULL,NULL,NULL,NULL,NULL,NULL,NULL,0,'N'),
 (192,1,'N','I',2,190,'2006-10-28 00:00:00','I',NULL,'43',NULL,NULL,NULL,NULL,NULL,NULL,NULL,0,NULL,NULL,NULL,NULL,NULL,NULL,NULL,NULL,NULL,0,'N'),
 (193,1,'N','I',2,191,'2006-10-28 00:00:00','R',NULL,'47',NULL,NULL,NULL,NULL,NULL,NULL,NULL,0,NULL,NULL,NULL,NULL,NULL,NULL,NULL,NULL,NULL,0,'N'),
 (194,0,'N','I',873,192,'2006-10-26 00:00:00','I',NULL,'14','14',NULL,NULL,NULL,'2006-10-31 00:00:00','B',NULL,0,NULL,NULL,NULL,NULL,NULL,NULL,NULL,NULL,NULL,1,'N'),
 (195,0,'N','I',874,193,'2006-10-28 00:00:00','A',NULL,'14','14',NULL,NULL,NULL,'2006-10-29 00:00:00','D',NULL,0,NULL,NULL,NULL,NULL,NULL,NULL,NULL,NULL,NULL,2,'N');
INSERT INTO ADMISSION (ADM_ID,ADM_IN,ADM_TYPE,ADM_WRD_ID_A,ADM_YPROG,ADM_PAT_ID,ADM_DATE_ADM,ADM_ADMT_ID_A_ADM,ADM_FHU,ADM_IN_DIS_ID_A,ADM_OUT_DIS_ID_A,ADM_OPE_ID_A,ADM_DATE_OP,ADM_RESOP,ADM_DATE_DIS,ADM_DIST_ID_A,ADM_NOTE,ADM_TRANS,ADM_PRG_DATE_VIS,ADM_PRG_PTT_ID_A,ADM_PRG_DATE_DEL,ADM_PRG_DLT_ID_A,ADM_PRG_DRT_ID_A,ADM_PRG_WEIGHT,ADM_PRG_DATE_CTRL1,ADM_PRG_DATE_CTRL2,ADM_PRG_DATE_ABORT,ADM_LOCK,ADM_DELETED) VALUES 
 (196,1,'N','I',2,194,'2006-10-30 00:00:00','I',NULL,'47',NULL,NULL,NULL,NULL,NULL,NULL,NULL,0,NULL,NULL,NULL,NULL,NULL,NULL,NULL,NULL,NULL,0,'N'),
 (197,1,'N','I',2,195,'2006-10-30 00:00:00','I',NULL,'39',NULL,NULL,NULL,NULL,NULL,NULL,NULL,0,NULL,NULL,NULL,NULL,NULL,NULL,NULL,NULL,NULL,0,'N'),
 (198,1,'N','I',2,196,'2006-10-30 00:00:00','I',NULL,'48',NULL,NULL,NULL,NULL,NULL,NULL,NULL,0,NULL,NULL,NULL,NULL,NULL,NULL,NULL,NULL,NULL,0,'N'),
 (199,1,'N','I',2,197,'2006-10-30 00:00:00','I',NULL,'19',NULL,NULL,NULL,NULL,NULL,NULL,NULL,0,NULL,NULL,NULL,NULL,NULL,NULL,NULL,NULL,NULL,0,'N'),
 (200,1,'N','I',2,198,'2006-10-30 00:00:00','I',NULL,'37',NULL,NULL,NULL,NULL,NULL,NULL,NULL,0,NULL,NULL,NULL,NULL,NULL,NULL,NULL,NULL,NULL,0,'N');
INSERT INTO ADMISSION (ADM_ID,ADM_IN,ADM_TYPE,ADM_WRD_ID_A,ADM_YPROG,ADM_PAT_ID,ADM_DATE_ADM,ADM_ADMT_ID_A_ADM,ADM_FHU,ADM_IN_DIS_ID_A,ADM_OUT_DIS_ID_A,ADM_OPE_ID_A,ADM_DATE_OP,ADM_RESOP,ADM_DATE_DIS,ADM_DIST_ID_A,ADM_NOTE,ADM_TRANS,ADM_PRG_DATE_VIS,ADM_PRG_PTT_ID_A,ADM_PRG_DATE_DEL,ADM_PRG_DLT_ID_A,ADM_PRG_DRT_ID_A,ADM_PRG_WEIGHT,ADM_PRG_DATE_CTRL1,ADM_PRG_DATE_CTRL2,ADM_PRG_DATE_ABORT,ADM_LOCK,ADM_DELETED) VALUES 
 (201,1,'N','I',2,199,'2006-10-30 00:00:00','I',NULL,'37',NULL,NULL,NULL,NULL,NULL,NULL,NULL,0,NULL,NULL,NULL,NULL,NULL,NULL,NULL,NULL,NULL,0,'N'),
 (202,1,'N','I',2,200,'2006-10-30 00:00:00','I',NULL,'3',NULL,NULL,NULL,NULL,NULL,NULL,NULL,0,NULL,NULL,NULL,NULL,NULL,NULL,NULL,NULL,NULL,0,'N'),
 (204,1,'N','F',0,202,'2006-10-28 00:00:00','I',NULL,'26',NULL,NULL,NULL,NULL,NULL,NULL,NULL,0,NULL,NULL,NULL,NULL,NULL,NULL,NULL,NULL,NULL,0,'N'),
 (205,1,'N','F',0,203,'2006-10-30 00:00:00','I',NULL,'44',NULL,NULL,NULL,NULL,NULL,NULL,NULL,0,NULL,NULL,NULL,NULL,NULL,NULL,NULL,NULL,NULL,0,'N'),
 (206,1,'N','F',0,204,'2006-10-30 00:00:00','I',NULL,'44',NULL,NULL,NULL,NULL,NULL,NULL,NULL,0,NULL,NULL,NULL,NULL,NULL,NULL,NULL,NULL,NULL,0,'N');
INSERT INTO ADMISSION (ADM_ID,ADM_IN,ADM_TYPE,ADM_WRD_ID_A,ADM_YPROG,ADM_PAT_ID,ADM_DATE_ADM,ADM_ADMT_ID_A_ADM,ADM_FHU,ADM_IN_DIS_ID_A,ADM_OUT_DIS_ID_A,ADM_OPE_ID_A,ADM_DATE_OP,ADM_RESOP,ADM_DATE_DIS,ADM_DIST_ID_A,ADM_NOTE,ADM_TRANS,ADM_PRG_DATE_VIS,ADM_PRG_PTT_ID_A,ADM_PRG_DATE_DEL,ADM_PRG_DLT_ID_A,ADM_PRG_DRT_ID_A,ADM_PRG_WEIGHT,ADM_PRG_DATE_CTRL1,ADM_PRG_DATE_CTRL2,ADM_PRG_DATE_ABORT,ADM_LOCK,ADM_DELETED) VALUES 
 (207,1,'N','F',0,205,'2006-10-31 00:00:00','R',NULL,'39',NULL,NULL,NULL,NULL,NULL,NULL,NULL,0,NULL,NULL,NULL,NULL,NULL,NULL,NULL,NULL,NULL,0,'N'),
 (208,1,'N','F',0,206,'2006-10-31 00:00:00','A',NULL,'15',NULL,NULL,NULL,NULL,NULL,NULL,NULL,0,NULL,NULL,NULL,NULL,NULL,NULL,NULL,NULL,NULL,0,'N'),
 (209,1,'N','F',0,208,'2006-10-31 00:00:00','I',NULL,'15',NULL,NULL,NULL,NULL,NULL,NULL,NULL,0,NULL,NULL,NULL,NULL,NULL,NULL,NULL,NULL,NULL,0,'N'),
 (213,1,'N','I',887,214,'2006-11-01 00:00:00','I',NULL,'44',NULL,NULL,NULL,NULL,NULL,NULL,NULL,0,NULL,NULL,NULL,NULL,NULL,NULL,NULL,NULL,NULL,0,'N'),
 (214,1,'N','I',884,215,'2006-10-31 00:00:00','I',NULL,'48',NULL,NULL,NULL,NULL,NULL,NULL,NULL,0,NULL,NULL,NULL,NULL,NULL,NULL,NULL,NULL,NULL,0,'N');
INSERT INTO ADMISSION (ADM_ID,ADM_IN,ADM_TYPE,ADM_WRD_ID_A,ADM_YPROG,ADM_PAT_ID,ADM_DATE_ADM,ADM_ADMT_ID_A_ADM,ADM_FHU,ADM_IN_DIS_ID_A,ADM_OUT_DIS_ID_A,ADM_OPE_ID_A,ADM_DATE_OP,ADM_RESOP,ADM_DATE_DIS,ADM_DIST_ID_A,ADM_NOTE,ADM_TRANS,ADM_PRG_DATE_VIS,ADM_PRG_PTT_ID_A,ADM_PRG_DATE_DEL,ADM_PRG_DLT_ID_A,ADM_PRG_DRT_ID_A,ADM_PRG_WEIGHT,ADM_PRG_DATE_CTRL1,ADM_PRG_DATE_CTRL2,ADM_PRG_DATE_ABORT,ADM_LOCK,ADM_DELETED) VALUES 
 (215,1,'N','I',884,216,'2006-10-31 00:00:00','I',NULL,'44',NULL,NULL,NULL,NULL,NULL,NULL,NULL,0,NULL,NULL,NULL,NULL,NULL,NULL,NULL,NULL,NULL,0,'N'),
 (216,1,'N','I',885,217,'2006-10-31 00:00:00','I',NULL,'40',NULL,NULL,NULL,NULL,NULL,NULL,NULL,0,NULL,NULL,NULL,NULL,NULL,NULL,NULL,NULL,NULL,0,'N'),
 (217,1,'N','I',886,218,'2006-10-31 00:00:00','I',NULL,'43',NULL,NULL,NULL,NULL,NULL,NULL,NULL,0,NULL,NULL,NULL,NULL,NULL,NULL,NULL,NULL,NULL,0,'N'),
 (218,1,'N','I',888,219,'2006-11-01 00:00:00','I',NULL,'19',NULL,NULL,NULL,NULL,NULL,NULL,NULL,0,NULL,NULL,NULL,NULL,NULL,NULL,NULL,NULL,NULL,0,'N'),
 (219,1,'N','I',889,220,'2006-11-02 00:00:00','I',NULL,'39',NULL,NULL,NULL,NULL,NULL,NULL,NULL,0,NULL,NULL,NULL,NULL,NULL,NULL,NULL,NULL,NULL,0,'N');
INSERT INTO ADMISSION (ADM_ID,ADM_IN,ADM_TYPE,ADM_WRD_ID_A,ADM_YPROG,ADM_PAT_ID,ADM_DATE_ADM,ADM_ADMT_ID_A_ADM,ADM_FHU,ADM_IN_DIS_ID_A,ADM_OUT_DIS_ID_A,ADM_OPE_ID_A,ADM_DATE_OP,ADM_RESOP,ADM_DATE_DIS,ADM_DIST_ID_A,ADM_NOTE,ADM_TRANS,ADM_PRG_DATE_VIS,ADM_PRG_PTT_ID_A,ADM_PRG_DATE_DEL,ADM_PRG_DLT_ID_A,ADM_PRG_DRT_ID_A,ADM_PRG_WEIGHT,ADM_PRG_DATE_CTRL1,ADM_PRG_DATE_CTRL2,ADM_PRG_DATE_ABORT,ADM_LOCK,ADM_DELETED) VALUES 
 (220,1,'N','I',890,221,'2006-11-02 00:00:00','I',NULL,'15',NULL,NULL,NULL,NULL,NULL,NULL,NULL,0,NULL,NULL,NULL,NULL,NULL,NULL,NULL,NULL,NULL,0,'N'),
 (221,1,'N','I',891,222,'2006-11-02 00:00:00','I',NULL,'44',NULL,NULL,NULL,NULL,NULL,NULL,NULL,0,NULL,NULL,NULL,NULL,NULL,NULL,NULL,NULL,NULL,0,'N'),
 (222,1,'N','I',892,223,'2006-11-02 00:00:00','I',NULL,'15',NULL,NULL,NULL,NULL,NULL,NULL,NULL,0,NULL,NULL,NULL,NULL,NULL,NULL,NULL,NULL,NULL,0,'N'),
 (223,1,'N','I',893,224,'2006-11-02 00:00:00','I',NULL,'17',NULL,NULL,NULL,NULL,NULL,NULL,NULL,0,NULL,NULL,NULL,NULL,NULL,NULL,NULL,NULL,NULL,0,'N'),
 (224,1,'N','C',4703,225,'2006-11-01 00:00:00','I',NULL,'30',NULL,NULL,NULL,NULL,NULL,NULL,NULL,0,NULL,NULL,NULL,NULL,NULL,NULL,NULL,NULL,NULL,0,'N');
INSERT INTO ADMISSION (ADM_ID,ADM_IN,ADM_TYPE,ADM_WRD_ID_A,ADM_YPROG,ADM_PAT_ID,ADM_DATE_ADM,ADM_ADMT_ID_A_ADM,ADM_FHU,ADM_IN_DIS_ID_A,ADM_OUT_DIS_ID_A,ADM_OPE_ID_A,ADM_DATE_OP,ADM_RESOP,ADM_DATE_DIS,ADM_DIST_ID_A,ADM_NOTE,ADM_TRANS,ADM_PRG_DATE_VIS,ADM_PRG_PTT_ID_A,ADM_PRG_DATE_DEL,ADM_PRG_DLT_ID_A,ADM_PRG_DRT_ID_A,ADM_PRG_WEIGHT,ADM_PRG_DATE_CTRL1,ADM_PRG_DATE_CTRL2,ADM_PRG_DATE_ABORT,ADM_LOCK,ADM_DELETED) VALUES 
 (225,1,'N','C',4704,226,'2006-11-01 00:00:00','I',NULL,'39',NULL,NULL,NULL,NULL,NULL,NULL,NULL,0,NULL,NULL,NULL,NULL,NULL,NULL,NULL,NULL,NULL,0,'N'),
 (226,1,'N','C',4705,227,'2006-11-01 00:00:00','I',NULL,'39',NULL,NULL,NULL,NULL,NULL,NULL,NULL,0,NULL,NULL,NULL,NULL,NULL,NULL,NULL,NULL,NULL,0,'N'),
 (227,1,'N','C',4706,228,'2006-11-01 00:00:00','I',NULL,'39',NULL,NULL,NULL,NULL,NULL,NULL,NULL,0,NULL,NULL,NULL,NULL,NULL,NULL,NULL,NULL,NULL,0,'N'),
 (228,1,'N','C',4707,229,'2006-11-01 00:00:00','I',NULL,'39',NULL,NULL,NULL,NULL,NULL,NULL,NULL,0,NULL,NULL,NULL,NULL,NULL,NULL,NULL,NULL,NULL,0,'N'),
 (229,1,'N','C',4708,230,'2006-11-01 00:00:00','I',NULL,'30',NULL,NULL,NULL,NULL,NULL,NULL,NULL,0,NULL,NULL,NULL,NULL,NULL,NULL,NULL,NULL,NULL,0,'N');
INSERT INTO ADMISSION (ADM_ID,ADM_IN,ADM_TYPE,ADM_WRD_ID_A,ADM_YPROG,ADM_PAT_ID,ADM_DATE_ADM,ADM_ADMT_ID_A_ADM,ADM_FHU,ADM_IN_DIS_ID_A,ADM_OUT_DIS_ID_A,ADM_OPE_ID_A,ADM_DATE_OP,ADM_RESOP,ADM_DATE_DIS,ADM_DIST_ID_A,ADM_NOTE,ADM_TRANS,ADM_PRG_DATE_VIS,ADM_PRG_PTT_ID_A,ADM_PRG_DATE_DEL,ADM_PRG_DLT_ID_A,ADM_PRG_DRT_ID_A,ADM_PRG_WEIGHT,ADM_PRG_DATE_CTRL1,ADM_PRG_DATE_CTRL2,ADM_PRG_DATE_ABORT,ADM_LOCK,ADM_DELETED) VALUES 
 (230,1,'N','C',4709,231,'2006-11-01 00:00:00','I',NULL,'39',NULL,NULL,NULL,NULL,NULL,NULL,NULL,0,NULL,NULL,NULL,NULL,NULL,NULL,NULL,NULL,NULL,1,'N'),
 (231,1,'N','C',4710,232,'2006-11-01 00:00:00','I',NULL,'39',NULL,NULL,NULL,NULL,NULL,NULL,NULL,0,NULL,NULL,NULL,NULL,NULL,NULL,NULL,NULL,NULL,0,'N'),
 (232,1,'N','C',4711,233,'2006-11-01 00:00:00','I',NULL,'39',NULL,NULL,NULL,NULL,NULL,NULL,NULL,0,NULL,NULL,NULL,NULL,NULL,NULL,NULL,NULL,NULL,0,'N'),
 (233,1,'N','C',4712,234,'2006-11-01 00:00:00','I',NULL,'39',NULL,NULL,NULL,NULL,NULL,NULL,NULL,0,NULL,NULL,NULL,NULL,NULL,NULL,NULL,NULL,NULL,0,'N'),
 (234,1,'N','C',4713,235,'2006-11-01 00:00:00','I',NULL,'39',NULL,NULL,NULL,NULL,NULL,NULL,NULL,0,NULL,NULL,NULL,NULL,NULL,NULL,NULL,NULL,NULL,0,'N');
INSERT INTO ADMISSION (ADM_ID,ADM_IN,ADM_TYPE,ADM_WRD_ID_A,ADM_YPROG,ADM_PAT_ID,ADM_DATE_ADM,ADM_ADMT_ID_A_ADM,ADM_FHU,ADM_IN_DIS_ID_A,ADM_OUT_DIS_ID_A,ADM_OPE_ID_A,ADM_DATE_OP,ADM_RESOP,ADM_DATE_DIS,ADM_DIST_ID_A,ADM_NOTE,ADM_TRANS,ADM_PRG_DATE_VIS,ADM_PRG_PTT_ID_A,ADM_PRG_DATE_DEL,ADM_PRG_DLT_ID_A,ADM_PRG_DRT_ID_A,ADM_PRG_WEIGHT,ADM_PRG_DATE_CTRL1,ADM_PRG_DATE_CTRL2,ADM_PRG_DATE_ABORT,ADM_LOCK,ADM_DELETED) VALUES 
 (235,1,'N','C',4714,236,'2006-11-01 00:00:00','I',NULL,'12',NULL,NULL,NULL,NULL,NULL,NULL,NULL,0,NULL,NULL,NULL,NULL,NULL,NULL,NULL,NULL,NULL,0,'N'),
 (236,1,'N','C',4715,237,'2006-11-01 00:00:00','I',NULL,'39',NULL,NULL,NULL,NULL,NULL,NULL,NULL,0,NULL,NULL,NULL,NULL,NULL,NULL,NULL,NULL,NULL,0,'N'),
 (237,1,'N','C',4716,238,'2006-11-01 00:00:00','I',NULL,'12',NULL,NULL,NULL,NULL,NULL,NULL,NULL,0,NULL,NULL,NULL,NULL,NULL,NULL,NULL,NULL,NULL,0,'N'),
 (238,1,'N','C',4717,239,'2006-11-01 00:00:00','I',NULL,'39',NULL,NULL,NULL,NULL,NULL,NULL,NULL,0,NULL,NULL,NULL,NULL,NULL,NULL,NULL,NULL,NULL,0,'N'),
 (239,1,'N','C',4718,240,'2006-11-01 00:00:00','I',NULL,'30',NULL,NULL,NULL,NULL,NULL,NULL,NULL,0,NULL,NULL,NULL,NULL,NULL,NULL,NULL,NULL,NULL,0,'N');
INSERT INTO ADMISSION (ADM_ID,ADM_IN,ADM_TYPE,ADM_WRD_ID_A,ADM_YPROG,ADM_PAT_ID,ADM_DATE_ADM,ADM_ADMT_ID_A_ADM,ADM_FHU,ADM_IN_DIS_ID_A,ADM_OUT_DIS_ID_A,ADM_OPE_ID_A,ADM_DATE_OP,ADM_RESOP,ADM_DATE_DIS,ADM_DIST_ID_A,ADM_NOTE,ADM_TRANS,ADM_PRG_DATE_VIS,ADM_PRG_PTT_ID_A,ADM_PRG_DATE_DEL,ADM_PRG_DLT_ID_A,ADM_PRG_DRT_ID_A,ADM_PRG_WEIGHT,ADM_PRG_DATE_CTRL1,ADM_PRG_DATE_CTRL2,ADM_PRG_DATE_ABORT,ADM_LOCK,ADM_DELETED) VALUES 
 (240,1,'N','C',4719,241,'2006-11-01 00:00:00','I',NULL,'30',NULL,NULL,NULL,NULL,NULL,NULL,NULL,0,NULL,NULL,NULL,NULL,NULL,NULL,NULL,NULL,NULL,0,'N'),
 (241,1,'N','C',4720,242,'2006-11-01 00:00:00','I',NULL,'30',NULL,NULL,NULL,NULL,NULL,NULL,NULL,0,NULL,NULL,NULL,NULL,NULL,NULL,NULL,NULL,NULL,0,'N'),
 (242,1,'N','C',4721,243,'2006-11-01 00:00:00','I',NULL,'39',NULL,NULL,NULL,NULL,NULL,NULL,NULL,0,NULL,NULL,NULL,NULL,NULL,NULL,NULL,NULL,NULL,0,'N'),
 (243,1,'N','C',4722,244,'2006-11-01 00:00:00','I',NULL,'39',NULL,NULL,NULL,NULL,NULL,NULL,NULL,0,NULL,NULL,NULL,NULL,NULL,NULL,NULL,NULL,NULL,0,'N'),
 (244,1,'N','C',4723,245,'2006-11-02 00:00:00','I',NULL,'42',NULL,NULL,NULL,NULL,NULL,NULL,NULL,0,NULL,NULL,NULL,NULL,NULL,NULL,NULL,NULL,NULL,0,'N');
INSERT INTO ADMISSION (ADM_ID,ADM_IN,ADM_TYPE,ADM_WRD_ID_A,ADM_YPROG,ADM_PAT_ID,ADM_DATE_ADM,ADM_ADMT_ID_A_ADM,ADM_FHU,ADM_IN_DIS_ID_A,ADM_OUT_DIS_ID_A,ADM_OPE_ID_A,ADM_DATE_OP,ADM_RESOP,ADM_DATE_DIS,ADM_DIST_ID_A,ADM_NOTE,ADM_TRANS,ADM_PRG_DATE_VIS,ADM_PRG_PTT_ID_A,ADM_PRG_DATE_DEL,ADM_PRG_DLT_ID_A,ADM_PRG_DRT_ID_A,ADM_PRG_WEIGHT,ADM_PRG_DATE_CTRL1,ADM_PRG_DATE_CTRL2,ADM_PRG_DATE_ABORT,ADM_LOCK,ADM_DELETED) VALUES 
 (245,1,'N','C',4724,246,'2006-11-02 00:00:00','I',NULL,'39',NULL,NULL,NULL,NULL,NULL,NULL,NULL,0,NULL,NULL,NULL,NULL,NULL,NULL,NULL,NULL,NULL,0,'N'),
 (246,1,'N','C',4725,247,'2006-11-02 00:00:00','I',NULL,'39',NULL,NULL,NULL,NULL,NULL,NULL,NULL,0,NULL,NULL,NULL,NULL,NULL,NULL,NULL,NULL,NULL,0,'N'),
 (247,1,'N','C',4726,248,'2006-11-02 00:00:00','I',NULL,'12',NULL,NULL,NULL,NULL,NULL,NULL,NULL,0,NULL,NULL,NULL,NULL,NULL,NULL,NULL,NULL,NULL,0,'N'),
 (248,1,'N','C',4727,249,'2006-11-02 00:00:00','I',NULL,'39',NULL,NULL,NULL,NULL,NULL,NULL,NULL,0,NULL,NULL,NULL,NULL,NULL,NULL,NULL,NULL,NULL,0,'N'),
 (249,1,'N','C',4728,250,'2006-11-02 00:00:00','I',NULL,'39',NULL,NULL,NULL,NULL,NULL,NULL,NULL,0,NULL,NULL,NULL,NULL,NULL,NULL,NULL,NULL,NULL,0,'N');
INSERT INTO ADMISSION (ADM_ID,ADM_IN,ADM_TYPE,ADM_WRD_ID_A,ADM_YPROG,ADM_PAT_ID,ADM_DATE_ADM,ADM_ADMT_ID_A_ADM,ADM_FHU,ADM_IN_DIS_ID_A,ADM_OUT_DIS_ID_A,ADM_OPE_ID_A,ADM_DATE_OP,ADM_RESOP,ADM_DATE_DIS,ADM_DIST_ID_A,ADM_NOTE,ADM_TRANS,ADM_PRG_DATE_VIS,ADM_PRG_PTT_ID_A,ADM_PRG_DATE_DEL,ADM_PRG_DLT_ID_A,ADM_PRG_DRT_ID_A,ADM_PRG_WEIGHT,ADM_PRG_DATE_CTRL1,ADM_PRG_DATE_CTRL2,ADM_PRG_DATE_ABORT,ADM_LOCK,ADM_DELETED) VALUES 
 (250,1,'N','C',4729,251,'2006-11-02 00:00:00','I',NULL,'39',NULL,NULL,NULL,NULL,NULL,NULL,NULL,0,NULL,NULL,NULL,NULL,NULL,NULL,NULL,NULL,NULL,0,'N'),
 (251,1,'N','C',4730,252,'2006-11-02 00:00:00','I',NULL,'39',NULL,NULL,NULL,NULL,NULL,NULL,NULL,0,NULL,NULL,NULL,NULL,NULL,NULL,NULL,NULL,NULL,0,'N'),
 (252,1,'N','C',4731,253,'2006-11-02 00:00:00','I',NULL,'39',NULL,NULL,NULL,NULL,NULL,NULL,NULL,0,NULL,NULL,NULL,NULL,NULL,NULL,NULL,NULL,NULL,0,'N'),
 (253,1,'N','C',4732,254,'2006-11-02 00:00:00','I',NULL,'39',NULL,NULL,NULL,NULL,NULL,NULL,NULL,0,NULL,NULL,NULL,NULL,NULL,NULL,NULL,NULL,NULL,0,'N'),
 (254,1,'N','C',4733,256,'2006-11-02 00:00:00','I',NULL,'13',NULL,NULL,NULL,NULL,NULL,NULL,NULL,0,NULL,NULL,NULL,NULL,NULL,NULL,NULL,NULL,NULL,0,'N');
INSERT INTO ADMISSION (ADM_ID,ADM_IN,ADM_TYPE,ADM_WRD_ID_A,ADM_YPROG,ADM_PAT_ID,ADM_DATE_ADM,ADM_ADMT_ID_A_ADM,ADM_FHU,ADM_IN_DIS_ID_A,ADM_OUT_DIS_ID_A,ADM_OPE_ID_A,ADM_DATE_OP,ADM_RESOP,ADM_DATE_DIS,ADM_DIST_ID_A,ADM_NOTE,ADM_TRANS,ADM_PRG_DATE_VIS,ADM_PRG_PTT_ID_A,ADM_PRG_DATE_DEL,ADM_PRG_DLT_ID_A,ADM_PRG_DRT_ID_A,ADM_PRG_WEIGHT,ADM_PRG_DATE_CTRL1,ADM_PRG_DATE_CTRL2,ADM_PRG_DATE_ABORT,ADM_LOCK,ADM_DELETED) VALUES 
 (255,0,'N','C',4734,257,'2006-11-02 00:00:00','I',NULL,'12','12',NULL,NULL,NULL,'2006-11-02 00:00:00','D',NULL,0,NULL,NULL,NULL,NULL,NULL,NULL,NULL,NULL,NULL,0,'N'),
 (256,1,'N','C',4735,258,'2006-11-02 00:00:00','I',NULL,'39',NULL,NULL,NULL,NULL,NULL,NULL,NULL,0,NULL,NULL,NULL,NULL,NULL,NULL,NULL,NULL,NULL,0,'N'),
 (257,1,'P','M',2,255,'2006-11-02 00:00:00','I',NULL,NULL,NULL,NULL,NULL,NULL,NULL,NULL,NULL,0,'2006-11-02 00:00:00',NULL,'2006-11-02 00:00:00','N','A',2.5,NULL,NULL,NULL,0,'N'),
 (258,1,'N','C',4736,259,'2006-11-02 00:00:00','I',NULL,'39',NULL,NULL,NULL,NULL,NULL,NULL,NULL,0,NULL,NULL,NULL,NULL,NULL,NULL,NULL,NULL,NULL,0,'N'),
 (259,1,'N','C',4737,261,'2006-11-02 00:00:00','I',NULL,'15',NULL,NULL,NULL,NULL,NULL,NULL,NULL,0,NULL,NULL,NULL,NULL,NULL,NULL,NULL,NULL,NULL,0,'N');
INSERT INTO ADMISSION (ADM_ID,ADM_IN,ADM_TYPE,ADM_WRD_ID_A,ADM_YPROG,ADM_PAT_ID,ADM_DATE_ADM,ADM_ADMT_ID_A_ADM,ADM_FHU,ADM_IN_DIS_ID_A,ADM_OUT_DIS_ID_A,ADM_OPE_ID_A,ADM_DATE_OP,ADM_RESOP,ADM_DATE_DIS,ADM_DIST_ID_A,ADM_NOTE,ADM_TRANS,ADM_PRG_DATE_VIS,ADM_PRG_PTT_ID_A,ADM_PRG_DATE_DEL,ADM_PRG_DLT_ID_A,ADM_PRG_DRT_ID_A,ADM_PRG_WEIGHT,ADM_PRG_DATE_CTRL1,ADM_PRG_DATE_CTRL2,ADM_PRG_DATE_ABORT,ADM_LOCK,ADM_DELETED) VALUES 
 (260,1,'N','C',4738,262,'2006-11-02 00:00:00','I',NULL,'39',NULL,NULL,NULL,NULL,NULL,NULL,NULL,0,NULL,NULL,NULL,NULL,NULL,NULL,NULL,NULL,NULL,0,'N'),
 (261,1,'P','M',2,260,'2006-11-02 00:00:00','I',NULL,NULL,NULL,NULL,NULL,NULL,NULL,NULL,NULL,0,'2006-11-02 00:00:00',NULL,'2006-11-02 00:00:00','N','A',2.9,NULL,NULL,NULL,0,'N'),
 (262,1,'N','C',4739,263,'2006-11-02 00:00:00','I',NULL,'39',NULL,NULL,NULL,NULL,NULL,NULL,NULL,0,NULL,NULL,NULL,NULL,NULL,NULL,NULL,NULL,NULL,0,'N'),
 (263,1,'N','C',4740,265,'2006-11-02 00:00:00','I',NULL,'39',NULL,NULL,NULL,NULL,NULL,NULL,NULL,0,NULL,NULL,NULL,NULL,NULL,NULL,NULL,NULL,NULL,0,'N'),
 (264,1,'P','M',2,264,'2006-11-02 00:00:00','I',NULL,'47',NULL,NULL,NULL,NULL,NULL,NULL,NULL,0,NULL,NULL,NULL,NULL,NULL,NULL,NULL,NULL,NULL,0,'N');
INSERT INTO ADMISSION (ADM_ID,ADM_IN,ADM_TYPE,ADM_WRD_ID_A,ADM_YPROG,ADM_PAT_ID,ADM_DATE_ADM,ADM_ADMT_ID_A_ADM,ADM_FHU,ADM_IN_DIS_ID_A,ADM_OUT_DIS_ID_A,ADM_OPE_ID_A,ADM_DATE_OP,ADM_RESOP,ADM_DATE_DIS,ADM_DIST_ID_A,ADM_NOTE,ADM_TRANS,ADM_PRG_DATE_VIS,ADM_PRG_PTT_ID_A,ADM_PRG_DATE_DEL,ADM_PRG_DLT_ID_A,ADM_PRG_DRT_ID_A,ADM_PRG_WEIGHT,ADM_PRG_DATE_CTRL1,ADM_PRG_DATE_CTRL2,ADM_PRG_DATE_ABORT,ADM_LOCK,ADM_DELETED) VALUES 
 (265,1,'N','C',4741,266,'2006-11-02 00:00:00','I',NULL,'12',NULL,NULL,NULL,NULL,NULL,NULL,NULL,0,NULL,NULL,NULL,NULL,NULL,NULL,NULL,NULL,NULL,0,'N'),
 (266,1,'N','C',4742,267,'2006-11-02 00:00:00','I',NULL,'39',NULL,NULL,NULL,NULL,NULL,NULL,NULL,0,NULL,NULL,NULL,NULL,NULL,NULL,NULL,NULL,NULL,0,'N'),
 (267,1,'N','C',4743,268,'2006-11-02 00:00:00','I',NULL,'15',NULL,NULL,NULL,NULL,NULL,NULL,NULL,0,NULL,NULL,NULL,NULL,NULL,NULL,NULL,NULL,NULL,0,'N'),
 (268,1,'N','F',760,269,'2006-11-02 00:00:00','I',NULL,'44',NULL,NULL,NULL,NULL,NULL,NULL,NULL,0,NULL,NULL,NULL,NULL,NULL,NULL,NULL,NULL,NULL,0,'N'),
 (269,1,'N','C',4744,270,'2006-11-02 00:00:00','I',NULL,'15',NULL,NULL,NULL,NULL,NULL,NULL,NULL,0,NULL,NULL,NULL,NULL,NULL,NULL,NULL,NULL,NULL,0,'N');
INSERT INTO ADMISSION (ADM_ID,ADM_IN,ADM_TYPE,ADM_WRD_ID_A,ADM_YPROG,ADM_PAT_ID,ADM_DATE_ADM,ADM_ADMT_ID_A_ADM,ADM_FHU,ADM_IN_DIS_ID_A,ADM_OUT_DIS_ID_A,ADM_OPE_ID_A,ADM_DATE_OP,ADM_RESOP,ADM_DATE_DIS,ADM_DIST_ID_A,ADM_NOTE,ADM_TRANS,ADM_PRG_DATE_VIS,ADM_PRG_PTT_ID_A,ADM_PRG_DATE_DEL,ADM_PRG_DLT_ID_A,ADM_PRG_DRT_ID_A,ADM_PRG_WEIGHT,ADM_PRG_DATE_CTRL1,ADM_PRG_DATE_CTRL2,ADM_PRG_DATE_ABORT,ADM_LOCK,ADM_DELETED) VALUES 
 (270,1,'N','F',761,271,'2006-11-03 00:00:00','I',NULL,'44',NULL,NULL,NULL,NULL,NULL,NULL,NULL,0,NULL,NULL,NULL,NULL,NULL,NULL,NULL,NULL,NULL,0,'N'),
 (271,1,'N','F',762,273,'2006-11-03 00:00:00','I',NULL,NULL,NULL,NULL,NULL,NULL,NULL,NULL,NULL,0,NULL,NULL,NULL,NULL,NULL,NULL,NULL,NULL,NULL,0,'N'),
 (272,1,'N','C',4745,272,'2006-11-03 00:00:00','I',NULL,'39',NULL,NULL,NULL,NULL,NULL,NULL,NULL,0,NULL,NULL,NULL,NULL,NULL,NULL,NULL,NULL,NULL,0,'N'),
 (273,1,'N','F',763,274,'2006-11-03 00:00:00','I',NULL,'39',NULL,NULL,NULL,NULL,NULL,NULL,NULL,0,NULL,NULL,NULL,NULL,NULL,NULL,NULL,NULL,NULL,0,'N'),
 (274,1,'N','C',4746,275,'2006-11-03 00:00:00','I',NULL,'42',NULL,NULL,NULL,NULL,NULL,NULL,NULL,0,NULL,NULL,NULL,NULL,NULL,NULL,NULL,NULL,NULL,0,'N');
INSERT INTO ADMISSION (ADM_ID,ADM_IN,ADM_TYPE,ADM_WRD_ID_A,ADM_YPROG,ADM_PAT_ID,ADM_DATE_ADM,ADM_ADMT_ID_A_ADM,ADM_FHU,ADM_IN_DIS_ID_A,ADM_OUT_DIS_ID_A,ADM_OPE_ID_A,ADM_DATE_OP,ADM_RESOP,ADM_DATE_DIS,ADM_DIST_ID_A,ADM_NOTE,ADM_TRANS,ADM_PRG_DATE_VIS,ADM_PRG_PTT_ID_A,ADM_PRG_DATE_DEL,ADM_PRG_DLT_ID_A,ADM_PRG_DRT_ID_A,ADM_PRG_WEIGHT,ADM_PRG_DATE_CTRL1,ADM_PRG_DATE_CTRL2,ADM_PRG_DATE_ABORT,ADM_LOCK,ADM_DELETED) VALUES 
 (275,1,'N','C',4747,276,'2006-11-03 00:00:00','I',NULL,'39',NULL,NULL,NULL,NULL,NULL,NULL,NULL,0,NULL,NULL,NULL,NULL,NULL,NULL,NULL,NULL,NULL,0,'N'),
 (276,1,'N','C',4748,277,'2006-11-03 00:00:00','I',NULL,'39',NULL,NULL,NULL,NULL,NULL,NULL,NULL,0,NULL,NULL,NULL,NULL,NULL,NULL,NULL,NULL,NULL,0,'N'),
 (277,1,'N','C',4749,278,'2006-11-03 00:00:00','I',NULL,'39',NULL,NULL,NULL,NULL,NULL,NULL,NULL,0,NULL,NULL,NULL,NULL,NULL,NULL,NULL,NULL,NULL,0,'N'),
 (278,1,'N','C',4750,279,'2006-11-03 00:00:00','I',NULL,'46',NULL,NULL,NULL,NULL,NULL,NULL,NULL,0,NULL,NULL,NULL,NULL,NULL,NULL,NULL,NULL,NULL,0,'N'),
 (279,1,'N','C',4751,280,'2006-11-03 00:00:00','I',NULL,'39',NULL,NULL,NULL,NULL,NULL,NULL,NULL,0,NULL,NULL,NULL,NULL,NULL,NULL,NULL,NULL,NULL,0,'N');
INSERT INTO ADMISSION (ADM_ID,ADM_IN,ADM_TYPE,ADM_WRD_ID_A,ADM_YPROG,ADM_PAT_ID,ADM_DATE_ADM,ADM_ADMT_ID_A_ADM,ADM_FHU,ADM_IN_DIS_ID_A,ADM_OUT_DIS_ID_A,ADM_OPE_ID_A,ADM_DATE_OP,ADM_RESOP,ADM_DATE_DIS,ADM_DIST_ID_A,ADM_NOTE,ADM_TRANS,ADM_PRG_DATE_VIS,ADM_PRG_PTT_ID_A,ADM_PRG_DATE_DEL,ADM_PRG_DLT_ID_A,ADM_PRG_DRT_ID_A,ADM_PRG_WEIGHT,ADM_PRG_DATE_CTRL1,ADM_PRG_DATE_CTRL2,ADM_PRG_DATE_ABORT,ADM_LOCK,ADM_DELETED) VALUES 
 (280,1,'N','C',4752,281,'2006-11-03 00:00:00','I',NULL,'39',NULL,NULL,NULL,NULL,NULL,NULL,NULL,0,NULL,NULL,NULL,NULL,NULL,NULL,NULL,NULL,NULL,0,'N'),
 (281,1,'N','C',4753,282,'2006-11-03 00:00:00','I',NULL,'39',NULL,NULL,NULL,NULL,NULL,NULL,NULL,0,NULL,NULL,NULL,NULL,NULL,NULL,NULL,NULL,NULL,0,'N'),
 (282,1,'N','C',4754,283,'2006-11-03 00:00:00','I',NULL,'39',NULL,NULL,NULL,NULL,NULL,NULL,NULL,0,NULL,NULL,NULL,NULL,NULL,NULL,NULL,NULL,NULL,0,'N'),
 (283,1,'N','C',4755,284,'2006-11-03 00:00:00','I',NULL,'39',NULL,NULL,NULL,NULL,NULL,NULL,NULL,0,NULL,NULL,NULL,NULL,NULL,NULL,NULL,NULL,NULL,0,'N'),
 (284,0,'N','I',793,285,'2006-10-10 00:00:00','I',NULL,'14','14',NULL,NULL,NULL,'2006-10-28 00:00:00','B',NULL,0,NULL,NULL,NULL,NULL,NULL,NULL,NULL,NULL,NULL,0,'N');
INSERT INTO ADMISSION (ADM_ID,ADM_IN,ADM_TYPE,ADM_WRD_ID_A,ADM_YPROG,ADM_PAT_ID,ADM_DATE_ADM,ADM_ADMT_ID_A_ADM,ADM_FHU,ADM_IN_DIS_ID_A,ADM_OUT_DIS_ID_A,ADM_OPE_ID_A,ADM_DATE_OP,ADM_RESOP,ADM_DATE_DIS,ADM_DIST_ID_A,ADM_NOTE,ADM_TRANS,ADM_PRG_DATE_VIS,ADM_PRG_PTT_ID_A,ADM_PRG_DATE_DEL,ADM_PRG_DLT_ID_A,ADM_PRG_DRT_ID_A,ADM_PRG_WEIGHT,ADM_PRG_DATE_CTRL1,ADM_PRG_DATE_CTRL2,ADM_PRG_DATE_ABORT,ADM_LOCK,ADM_DELETED) VALUES 
 (285,1,'N','C',4756,286,'2006-11-03 00:00:00','I',NULL,'30',NULL,NULL,NULL,NULL,NULL,NULL,NULL,0,NULL,NULL,NULL,NULL,NULL,NULL,NULL,NULL,NULL,0,'N'),
 (286,0,'N','I',820,287,'2006-10-16 00:00:00','I',NULL,'48','46',NULL,NULL,NULL,'2006-10-28 00:00:00','B',NULL,0,NULL,NULL,NULL,NULL,NULL,NULL,NULL,NULL,NULL,0,'N'),
 (287,0,'N','I',761,288,'2006-10-18 00:00:00','I',NULL,'95','95',NULL,NULL,NULL,'2006-10-28 00:00:00','B',NULL,0,NULL,NULL,NULL,NULL,NULL,NULL,NULL,NULL,NULL,0,'N'),
 (288,0,'N','I',805,157,'2006-10-13 00:00:00','I',NULL,'108','108',NULL,NULL,NULL,'2006-10-28 00:00:00','EQ',NULL,0,NULL,NULL,NULL,NULL,NULL,NULL,NULL,NULL,NULL,0,'N'),
 (289,0,'N','I',745,289,'2006-09-28 00:00:00','I',NULL,'102','102',NULL,NULL,NULL,'2006-10-28 00:00:00','EQ',NULL,0,NULL,NULL,NULL,NULL,NULL,NULL,NULL,NULL,NULL,0,'N');
INSERT INTO ADMISSION (ADM_ID,ADM_IN,ADM_TYPE,ADM_WRD_ID_A,ADM_YPROG,ADM_PAT_ID,ADM_DATE_ADM,ADM_ADMT_ID_A_ADM,ADM_FHU,ADM_IN_DIS_ID_A,ADM_OUT_DIS_ID_A,ADM_OPE_ID_A,ADM_DATE_OP,ADM_RESOP,ADM_DATE_DIS,ADM_DIST_ID_A,ADM_NOTE,ADM_TRANS,ADM_PRG_DATE_VIS,ADM_PRG_PTT_ID_A,ADM_PRG_DATE_DEL,ADM_PRG_DLT_ID_A,ADM_PRG_DRT_ID_A,ADM_PRG_WEIGHT,ADM_PRG_DATE_CTRL1,ADM_PRG_DATE_CTRL2,ADM_PRG_DATE_ABORT,ADM_LOCK,ADM_DELETED) VALUES 
 (290,0,'N','I',813,290,'2006-10-16 00:00:00','I',NULL,'49','49',NULL,NULL,NULL,'2006-10-28 00:00:00','EQ',NULL,0,NULL,NULL,NULL,NULL,NULL,NULL,NULL,NULL,NULL,0,'N'),
 (291,0,'N','I',741,291,'2006-10-25 00:00:00','I',NULL,'14','14',NULL,NULL,NULL,'2006-10-28 00:00:00','EQ',NULL,0,NULL,NULL,NULL,NULL,NULL,NULL,NULL,NULL,NULL,0,'N'),
 (292,0,'N','I',810,292,'2006-10-14 00:00:00','I',NULL,'104','104',NULL,NULL,NULL,'2006-10-26 00:00:00','EQ',NULL,0,NULL,NULL,NULL,NULL,NULL,NULL,NULL,NULL,NULL,0,'N'),
 (293,0,'N','I',747,293,'2006-09-28 00:00:00','I',NULL,'44','44',NULL,NULL,NULL,'2006-10-25 00:00:00','EQ',NULL,0,NULL,NULL,NULL,NULL,NULL,NULL,NULL,NULL,NULL,0,'N'),
 (294,0,'N','I',748,294,'2006-09-29 00:00:00','I',NULL,'44','29',NULL,NULL,NULL,'2006-10-25 00:00:00','EQ',NULL,0,NULL,NULL,NULL,NULL,NULL,NULL,NULL,NULL,NULL,0,'N');
INSERT INTO ADMISSION (ADM_ID,ADM_IN,ADM_TYPE,ADM_WRD_ID_A,ADM_YPROG,ADM_PAT_ID,ADM_DATE_ADM,ADM_ADMT_ID_A_ADM,ADM_FHU,ADM_IN_DIS_ID_A,ADM_OUT_DIS_ID_A,ADM_OPE_ID_A,ADM_DATE_OP,ADM_RESOP,ADM_DATE_DIS,ADM_DIST_ID_A,ADM_NOTE,ADM_TRANS,ADM_PRG_DATE_VIS,ADM_PRG_PTT_ID_A,ADM_PRG_DATE_DEL,ADM_PRG_DLT_ID_A,ADM_PRG_DRT_ID_A,ADM_PRG_WEIGHT,ADM_PRG_DATE_CTRL1,ADM_PRG_DATE_CTRL2,ADM_PRG_DATE_ABORT,ADM_LOCK,ADM_DELETED) VALUES 
 (295,0,'N','I',751,295,'2006-10-01 00:00:00','I',NULL,'84','84',NULL,NULL,NULL,'2006-10-25 00:00:00','EQ',NULL,0,NULL,NULL,NULL,NULL,NULL,NULL,NULL,NULL,NULL,0,'N'),
 (296,0,'N','I',749,296,'2006-09-30 00:00:00','I',NULL,'23','23',NULL,NULL,NULL,'2006-10-24 00:00:00','EQ',NULL,0,NULL,NULL,NULL,NULL,NULL,NULL,NULL,NULL,NULL,0,'N'),
 (297,0,'N','I',830,297,'2006-10-10 00:00:00','I',NULL,'40','40',NULL,NULL,NULL,'2006-10-24 00:00:00','EQ',NULL,0,NULL,NULL,NULL,NULL,NULL,NULL,NULL,NULL,NULL,0,'N'),
 (298,0,'N','I',822,298,'2006-10-17 00:00:00','I',NULL,'48','47',NULL,NULL,NULL,'2006-10-24 00:00:00','EQ',NULL,0,NULL,NULL,NULL,NULL,NULL,NULL,NULL,NULL,NULL,0,'N'),
 (299,0,'N','I',823,299,'2006-10-17 00:00:00','I',NULL,'40','40',NULL,NULL,NULL,'2006-10-24 00:00:00','EQ',NULL,0,NULL,NULL,NULL,NULL,NULL,NULL,NULL,NULL,NULL,0,'N');
INSERT INTO ADMISSION (ADM_ID,ADM_IN,ADM_TYPE,ADM_WRD_ID_A,ADM_YPROG,ADM_PAT_ID,ADM_DATE_ADM,ADM_ADMT_ID_A_ADM,ADM_FHU,ADM_IN_DIS_ID_A,ADM_OUT_DIS_ID_A,ADM_OPE_ID_A,ADM_DATE_OP,ADM_RESOP,ADM_DATE_DIS,ADM_DIST_ID_A,ADM_NOTE,ADM_TRANS,ADM_PRG_DATE_VIS,ADM_PRG_PTT_ID_A,ADM_PRG_DATE_DEL,ADM_PRG_DLT_ID_A,ADM_PRG_DRT_ID_A,ADM_PRG_WEIGHT,ADM_PRG_DATE_CTRL1,ADM_PRG_DATE_CTRL2,ADM_PRG_DATE_ABORT,ADM_LOCK,ADM_DELETED) VALUES 
 (300,0,'N','I',776,300,'2006-10-07 00:00:00','I',NULL,'39','39',NULL,NULL,NULL,'2006-10-24 00:00:00','EQ',NULL,0,NULL,NULL,NULL,NULL,NULL,NULL,NULL,NULL,NULL,0,'N'),
 (301,0,'N','I',764,301,'2006-10-18 00:00:00','I',NULL,'90','90',NULL,NULL,NULL,'2006-10-24 00:00:00','EQ',NULL,0,NULL,NULL,NULL,NULL,NULL,NULL,NULL,NULL,NULL,0,'N'),
 (302,0,'N','I',815,302,'2006-10-16 00:00:00','I',NULL,'39','46',NULL,NULL,NULL,'2006-10-24 00:00:00','EQ',NULL,0,NULL,NULL,NULL,NULL,NULL,NULL,NULL,NULL,NULL,0,'N'),
 (303,0,'N','I',811,303,'2006-10-15 00:00:00','I',NULL,'24','24',NULL,NULL,NULL,'2006-10-24 00:00:00','EQ',NULL,0,NULL,NULL,NULL,NULL,NULL,NULL,NULL,NULL,NULL,0,'N'),
 (304,0,'N','I',632,304,'2006-10-17 00:00:00','I',NULL,'48','48',NULL,NULL,NULL,'2006-10-24 00:00:00','EQ',NULL,0,NULL,NULL,NULL,NULL,NULL,NULL,NULL,NULL,NULL,0,'N');
INSERT INTO ADMISSION (ADM_ID,ADM_IN,ADM_TYPE,ADM_WRD_ID_A,ADM_YPROG,ADM_PAT_ID,ADM_DATE_ADM,ADM_ADMT_ID_A_ADM,ADM_FHU,ADM_IN_DIS_ID_A,ADM_OUT_DIS_ID_A,ADM_OPE_ID_A,ADM_DATE_OP,ADM_RESOP,ADM_DATE_DIS,ADM_DIST_ID_A,ADM_NOTE,ADM_TRANS,ADM_PRG_DATE_VIS,ADM_PRG_PTT_ID_A,ADM_PRG_DATE_DEL,ADM_PRG_DLT_ID_A,ADM_PRG_DRT_ID_A,ADM_PRG_WEIGHT,ADM_PRG_DATE_CTRL1,ADM_PRG_DATE_CTRL2,ADM_PRG_DATE_ABORT,ADM_LOCK,ADM_DELETED) VALUES 
 (305,0,'N','I',828,305,'2006-10-18 00:00:00','I',NULL,'68','68',NULL,NULL,NULL,'2006-10-24 00:00:00','EQ',NULL,0,NULL,NULL,NULL,NULL,NULL,NULL,NULL,NULL,NULL,0,'N'),
 (306,0,'N','I',773,306,'2006-10-05 00:00:00','I',NULL,'90','90',NULL,NULL,NULL,'2006-10-21 00:00:00','EQ',NULL,0,NULL,NULL,NULL,NULL,NULL,NULL,NULL,NULL,NULL,0,'N'),
 (307,0,'N','I',819,307,'2006-10-16 00:00:00','I',NULL,'108','108',NULL,NULL,NULL,'2006-10-21 00:00:00','EQ',NULL,0,NULL,NULL,NULL,NULL,NULL,NULL,NULL,NULL,NULL,0,'N'),
 (308,0,'N','I',775,308,'2006-10-04 00:00:00','I',NULL,'88','88',NULL,NULL,NULL,'2006-10-19 00:00:00','EQ',NULL,0,NULL,NULL,NULL,NULL,NULL,NULL,NULL,NULL,NULL,0,'N'),
 (309,0,'N','I',766,309,'2006-10-05 00:00:00','I',NULL,'14','14',NULL,NULL,NULL,'2006-10-19 00:00:00','EQ',NULL,0,NULL,NULL,NULL,NULL,NULL,NULL,NULL,NULL,NULL,0,'N');
INSERT INTO ADMISSION (ADM_ID,ADM_IN,ADM_TYPE,ADM_WRD_ID_A,ADM_YPROG,ADM_PAT_ID,ADM_DATE_ADM,ADM_ADMT_ID_A_ADM,ADM_FHU,ADM_IN_DIS_ID_A,ADM_OUT_DIS_ID_A,ADM_OPE_ID_A,ADM_DATE_OP,ADM_RESOP,ADM_DATE_DIS,ADM_DIST_ID_A,ADM_NOTE,ADM_TRANS,ADM_PRG_DATE_VIS,ADM_PRG_PTT_ID_A,ADM_PRG_DATE_DEL,ADM_PRG_DLT_ID_A,ADM_PRG_DRT_ID_A,ADM_PRG_WEIGHT,ADM_PRG_DATE_CTRL1,ADM_PRG_DATE_CTRL2,ADM_PRG_DATE_ABORT,ADM_LOCK,ADM_DELETED) VALUES 
 (310,0,'N','I',740,310,'2006-09-27 00:00:00','I',NULL,'100','100',NULL,NULL,NULL,'2006-10-19 00:00:00','EQ',NULL,0,NULL,NULL,NULL,NULL,NULL,NULL,NULL,NULL,NULL,0,'N'),
 (311,0,'N','I',770,311,'2006-10-05 00:00:00','I',NULL,'95','95',NULL,NULL,NULL,'2006-10-19 00:00:00','EQ',NULL,0,NULL,NULL,NULL,NULL,NULL,NULL,NULL,NULL,NULL,0,'N'),
 (312,0,'N','I',638,312,'2006-08-18 00:00:00','I',NULL,'44','44',NULL,NULL,NULL,'2006-10-17 00:00:00','EQ',NULL,0,NULL,NULL,NULL,NULL,NULL,NULL,NULL,NULL,NULL,0,'N'),
 (313,0,'N','I',774,313,'2006-10-06 00:00:00','I',NULL,'49','49',NULL,NULL,NULL,'2006-10-16 00:00:00','EQ',NULL,0,NULL,NULL,NULL,NULL,NULL,NULL,NULL,NULL,NULL,0,'N'),
 (314,0,'N','I',769,314,'2006-10-05 00:00:00','I',NULL,'84','84',NULL,NULL,NULL,'2006-10-16 00:00:00','EQ',NULL,0,NULL,NULL,NULL,NULL,NULL,NULL,NULL,NULL,NULL,0,'N');
INSERT INTO ADMISSION (ADM_ID,ADM_IN,ADM_TYPE,ADM_WRD_ID_A,ADM_YPROG,ADM_PAT_ID,ADM_DATE_ADM,ADM_ADMT_ID_A_ADM,ADM_FHU,ADM_IN_DIS_ID_A,ADM_OUT_DIS_ID_A,ADM_OPE_ID_A,ADM_DATE_OP,ADM_RESOP,ADM_DATE_DIS,ADM_DIST_ID_A,ADM_NOTE,ADM_TRANS,ADM_PRG_DATE_VIS,ADM_PRG_PTT_ID_A,ADM_PRG_DATE_DEL,ADM_PRG_DLT_ID_A,ADM_PRG_DRT_ID_A,ADM_PRG_WEIGHT,ADM_PRG_DATE_CTRL1,ADM_PRG_DATE_CTRL2,ADM_PRG_DATE_ABORT,ADM_LOCK,ADM_DELETED) VALUES 
 (315,0,'N','I',760,315,'2006-10-04 00:00:00','I',NULL,'48','48',NULL,NULL,NULL,'2006-10-14 00:00:00','D',NULL,0,NULL,NULL,NULL,NULL,NULL,NULL,NULL,NULL,NULL,0,'N'),
 (316,0,'N','I',756,316,'2006-10-03 00:00:00','I',NULL,'90','90',NULL,NULL,NULL,'2006-10-14 00:00:00','EQ',NULL,0,NULL,NULL,NULL,NULL,NULL,NULL,NULL,NULL,NULL,0,'N'),
 (317,0,'N','I',712,317,'2006-09-15 00:00:00','I',NULL,'16','16',NULL,NULL,NULL,'2006-10-14 00:00:00','EQ',NULL,0,NULL,NULL,NULL,NULL,NULL,NULL,NULL,NULL,NULL,0,'N'),
 (318,0,'N','I',736,318,'2006-09-25 00:00:00','I',NULL,'87','87',NULL,NULL,NULL,'2006-10-14 00:00:00','EQ',NULL,0,NULL,NULL,NULL,NULL,NULL,NULL,NULL,NULL,NULL,0,'N'),
 (319,0,'N','I',725,319,'2006-09-21 00:00:00','I',NULL,'18','18',NULL,NULL,NULL,'2006-10-02 00:00:00','EQ',NULL,0,NULL,NULL,NULL,NULL,NULL,NULL,NULL,NULL,NULL,0,'N');
INSERT INTO ADMISSION (ADM_ID,ADM_IN,ADM_TYPE,ADM_WRD_ID_A,ADM_YPROG,ADM_PAT_ID,ADM_DATE_ADM,ADM_ADMT_ID_A_ADM,ADM_FHU,ADM_IN_DIS_ID_A,ADM_OUT_DIS_ID_A,ADM_OPE_ID_A,ADM_DATE_OP,ADM_RESOP,ADM_DATE_DIS,ADM_DIST_ID_A,ADM_NOTE,ADM_TRANS,ADM_PRG_DATE_VIS,ADM_PRG_PTT_ID_A,ADM_PRG_DATE_DEL,ADM_PRG_DLT_ID_A,ADM_PRG_DRT_ID_A,ADM_PRG_WEIGHT,ADM_PRG_DATE_CTRL1,ADM_PRG_DATE_CTRL2,ADM_PRG_DATE_ABORT,ADM_LOCK,ADM_DELETED) VALUES 
 (320,0,'N','I',735,320,'2006-09-25 00:00:00','I',NULL,'39','39',NULL,NULL,NULL,'2006-10-02 00:00:00','EQ',NULL,0,NULL,NULL,NULL,NULL,NULL,NULL,NULL,NULL,NULL,0,'N'),
 (321,0,'N','I',702,321,'2006-09-11 00:00:00','I',NULL,'14','14',NULL,NULL,NULL,'2006-10-04 00:00:00','EQ',NULL,0,NULL,NULL,NULL,NULL,NULL,NULL,NULL,NULL,NULL,0,'N'),
 (322,0,'N','I',754,322,'2006-10-02 00:00:00','I',NULL,'84','84',NULL,NULL,NULL,'2006-10-04 00:00:00','D',NULL,0,NULL,NULL,NULL,NULL,NULL,NULL,NULL,NULL,NULL,0,'N'),
 (323,0,'N','I',758,323,'2006-10-03 00:00:00','R',NULL,'48','48',NULL,NULL,NULL,'2006-10-04 00:00:00','B',NULL,0,NULL,NULL,NULL,NULL,NULL,NULL,NULL,NULL,NULL,0,'N'),
 (324,0,'N','I',724,324,'2006-09-21 00:00:00','I',NULL,'87','87',NULL,NULL,NULL,'2006-10-04 00:00:00','EQ',NULL,0,NULL,NULL,NULL,NULL,NULL,NULL,NULL,NULL,NULL,0,'N');
INSERT INTO ADMISSION (ADM_ID,ADM_IN,ADM_TYPE,ADM_WRD_ID_A,ADM_YPROG,ADM_PAT_ID,ADM_DATE_ADM,ADM_ADMT_ID_A_ADM,ADM_FHU,ADM_IN_DIS_ID_A,ADM_OUT_DIS_ID_A,ADM_OPE_ID_A,ADM_DATE_OP,ADM_RESOP,ADM_DATE_DIS,ADM_DIST_ID_A,ADM_NOTE,ADM_TRANS,ADM_PRG_DATE_VIS,ADM_PRG_PTT_ID_A,ADM_PRG_DATE_DEL,ADM_PRG_DLT_ID_A,ADM_PRG_DRT_ID_A,ADM_PRG_WEIGHT,ADM_PRG_DATE_CTRL1,ADM_PRG_DATE_CTRL2,ADM_PRG_DATE_ABORT,ADM_LOCK,ADM_DELETED) VALUES 
 (325,0,'N','I',721,325,'2006-09-20 00:00:00','I',NULL,'87','87',NULL,NULL,NULL,'2006-10-04 00:00:00','EQ',NULL,0,NULL,NULL,NULL,NULL,NULL,NULL,NULL,NULL,NULL,0,'N'),
 (326,0,'N','I',753,326,'2006-10-02 00:00:00','I',NULL,'9','9',NULL,NULL,NULL,'2006-10-05 00:00:00','D',NULL,0,NULL,NULL,NULL,NULL,NULL,NULL,NULL,NULL,NULL,0,'N'),
 (327,0,'N','I',750,327,'2006-10-01 00:00:00','I',NULL,'39','39',NULL,NULL,NULL,'2006-10-05 00:00:00','EQ',NULL,0,NULL,NULL,NULL,NULL,NULL,NULL,NULL,NULL,NULL,0,'N'),
 (328,0,'N','I',772,328,'2006-10-05 00:00:00','I',NULL,'15','15',NULL,NULL,NULL,'2006-10-05 00:00:00','EQ',NULL,0,NULL,NULL,NULL,NULL,NULL,NULL,NULL,NULL,NULL,0,'N'),
 (329,0,'N','I',752,329,'2006-10-02 00:00:00','I',NULL,'15','104',NULL,NULL,NULL,'2006-10-06 00:00:00','D',NULL,0,NULL,NULL,NULL,NULL,NULL,NULL,NULL,NULL,NULL,0,'N');
INSERT INTO ADMISSION (ADM_ID,ADM_IN,ADM_TYPE,ADM_WRD_ID_A,ADM_YPROG,ADM_PAT_ID,ADM_DATE_ADM,ADM_ADMT_ID_A_ADM,ADM_FHU,ADM_IN_DIS_ID_A,ADM_OUT_DIS_ID_A,ADM_OPE_ID_A,ADM_DATE_OP,ADM_RESOP,ADM_DATE_DIS,ADM_DIST_ID_A,ADM_NOTE,ADM_TRANS,ADM_PRG_DATE_VIS,ADM_PRG_PTT_ID_A,ADM_PRG_DATE_DEL,ADM_PRG_DLT_ID_A,ADM_PRG_DRT_ID_A,ADM_PRG_WEIGHT,ADM_PRG_DATE_CTRL1,ADM_PRG_DATE_CTRL2,ADM_PRG_DATE_ABORT,ADM_LOCK,ADM_DELETED) VALUES 
 (330,0,'N','I',765,330,'2006-10-04 00:00:00','I',NULL,'100','100',NULL,NULL,NULL,'2006-10-06 00:00:00','D',NULL,0,NULL,NULL,NULL,NULL,NULL,NULL,NULL,NULL,NULL,0,'N'),
 (331,0,'N','I',722,331,'2006-09-20 00:00:00','I',NULL,'68','68',NULL,NULL,NULL,'2006-10-08 00:00:00','D',NULL,0,NULL,NULL,NULL,NULL,NULL,NULL,NULL,NULL,NULL,0,'N'),
 (332,0,'N','I',777,332,'2006-10-07 00:00:00','I',NULL,'39','39',NULL,NULL,NULL,'2006-10-10 00:00:00','D',NULL,0,NULL,NULL,NULL,NULL,NULL,NULL,NULL,NULL,NULL,0,'N'),
 (333,0,'N','I',763,333,'2006-10-04 00:00:00','I',NULL,'48','48',NULL,NULL,NULL,'2006-10-10 00:00:00','EQ',NULL,0,NULL,NULL,NULL,NULL,NULL,NULL,NULL,NULL,NULL,0,'N'),
 (334,0,'N','I',768,334,'2006-10-05 00:00:00','I',NULL,'39','39',NULL,NULL,NULL,'2006-10-10 00:00:00','EQ',NULL,0,NULL,NULL,NULL,NULL,NULL,NULL,NULL,NULL,NULL,0,'N');
INSERT INTO ADMISSION (ADM_ID,ADM_IN,ADM_TYPE,ADM_WRD_ID_A,ADM_YPROG,ADM_PAT_ID,ADM_DATE_ADM,ADM_ADMT_ID_A_ADM,ADM_FHU,ADM_IN_DIS_ID_A,ADM_OUT_DIS_ID_A,ADM_OPE_ID_A,ADM_DATE_OP,ADM_RESOP,ADM_DATE_DIS,ADM_DIST_ID_A,ADM_NOTE,ADM_TRANS,ADM_PRG_DATE_VIS,ADM_PRG_PTT_ID_A,ADM_PRG_DATE_DEL,ADM_PRG_DLT_ID_A,ADM_PRG_DRT_ID_A,ADM_PRG_WEIGHT,ADM_PRG_DATE_CTRL1,ADM_PRG_DATE_CTRL2,ADM_PRG_DATE_ABORT,ADM_LOCK,ADM_DELETED) VALUES 
 (335,0,'N','I',742,335,'2006-09-27 00:00:00','I',NULL,'16','16',NULL,NULL,NULL,'2006-10-10 00:00:00','EQ',NULL,0,NULL,NULL,NULL,NULL,NULL,NULL,NULL,NULL,NULL,0,'N'),
 (336,0,'N','I',743,336,'2006-09-27 00:00:00','I',NULL,'64','64',NULL,NULL,NULL,'2006-10-10 00:00:00','EQ',NULL,0,NULL,NULL,NULL,NULL,NULL,NULL,NULL,NULL,NULL,0,'N'),
 (337,0,'N','I',771,337,'2006-10-05 00:00:00','I',NULL,'15','104',NULL,NULL,NULL,'2006-10-10 00:00:00','EQ',NULL,0,NULL,NULL,NULL,NULL,NULL,NULL,NULL,NULL,NULL,0,'N'),
 (338,0,'N','I',732,338,'2006-09-25 00:00:00','I',NULL,'87','87',NULL,NULL,NULL,'2006-10-11 00:00:00','EQ',NULL,0,NULL,NULL,NULL,NULL,NULL,NULL,NULL,NULL,NULL,0,'N'),
 (339,0,'N','I',734,339,'2006-09-25 00:00:00','I',NULL,'15','15',NULL,NULL,NULL,'2006-10-11 00:00:00','EQ',NULL,0,NULL,NULL,NULL,NULL,NULL,NULL,NULL,NULL,NULL,0,'N');
INSERT INTO ADMISSION (ADM_ID,ADM_IN,ADM_TYPE,ADM_WRD_ID_A,ADM_YPROG,ADM_PAT_ID,ADM_DATE_ADM,ADM_ADMT_ID_A_ADM,ADM_FHU,ADM_IN_DIS_ID_A,ADM_OUT_DIS_ID_A,ADM_OPE_ID_A,ADM_DATE_OP,ADM_RESOP,ADM_DATE_DIS,ADM_DIST_ID_A,ADM_NOTE,ADM_TRANS,ADM_PRG_DATE_VIS,ADM_PRG_PTT_ID_A,ADM_PRG_DATE_DEL,ADM_PRG_DLT_ID_A,ADM_PRG_DRT_ID_A,ADM_PRG_WEIGHT,ADM_PRG_DATE_CTRL1,ADM_PRG_DATE_CTRL2,ADM_PRG_DATE_ABORT,ADM_LOCK,ADM_DELETED) VALUES 
 (340,1,'N','C',4757,341,'2006-11-04 00:00:00','I',NULL,'15',NULL,NULL,NULL,NULL,NULL,NULL,NULL,0,NULL,NULL,NULL,NULL,NULL,NULL,NULL,NULL,NULL,0,'N'),
 (341,1,'N','C',4758,342,'2006-11-04 00:00:00','I',NULL,'39',NULL,NULL,NULL,NULL,NULL,NULL,NULL,0,NULL,NULL,NULL,NULL,NULL,NULL,NULL,NULL,NULL,0,'N'),
 (342,1,'N','C',4759,343,'2006-11-04 00:00:00','I',NULL,'39',NULL,NULL,NULL,NULL,NULL,NULL,NULL,0,NULL,NULL,NULL,NULL,NULL,NULL,NULL,NULL,NULL,0,'N'),
 (343,0,'N','I',730,344,'2006-09-23 00:00:00','I',NULL,'87','87',NULL,NULL,NULL,'2006-10-11 00:00:00','EQ',NULL,0,NULL,NULL,NULL,NULL,NULL,NULL,NULL,NULL,NULL,0,'N'),
 (344,1,'P','M',1822,345,'2006-11-02 00:00:00','I',NULL,'39',NULL,NULL,NULL,NULL,NULL,NULL,NULL,0,NULL,NULL,NULL,NULL,NULL,NULL,NULL,NULL,NULL,1,'N');
INSERT INTO ADMISSION (ADM_ID,ADM_IN,ADM_TYPE,ADM_WRD_ID_A,ADM_YPROG,ADM_PAT_ID,ADM_DATE_ADM,ADM_ADMT_ID_A_ADM,ADM_FHU,ADM_IN_DIS_ID_A,ADM_OUT_DIS_ID_A,ADM_OPE_ID_A,ADM_DATE_OP,ADM_RESOP,ADM_DATE_DIS,ADM_DIST_ID_A,ADM_NOTE,ADM_TRANS,ADM_PRG_DATE_VIS,ADM_PRG_PTT_ID_A,ADM_PRG_DATE_DEL,ADM_PRG_DLT_ID_A,ADM_PRG_DRT_ID_A,ADM_PRG_WEIGHT,ADM_PRG_DATE_CTRL1,ADM_PRG_DATE_CTRL2,ADM_PRG_DATE_ABORT,ADM_LOCK,ADM_DELETED) VALUES 
 (345,1,'P','M',1823,346,'2006-11-02 00:00:00','I',NULL,'26',NULL,'3','2006-11-06 00:00:00',NULL,NULL,NULL,NULL,0,NULL,NULL,NULL,NULL,NULL,NULL,NULL,NULL,NULL,0,'N'),
 (346,1,'P','M',1824,347,'2006-11-02 00:00:00','I',NULL,'26',NULL,NULL,NULL,NULL,NULL,NULL,NULL,0,NULL,NULL,NULL,NULL,NULL,NULL,NULL,NULL,NULL,0,'N'),
 (347,1,'P','M',1825,348,'2006-11-02 00:00:00','I',NULL,NULL,NULL,NULL,NULL,NULL,NULL,NULL,NULL,0,NULL,NULL,'2006-11-02 00:00:00','N',NULL,2.9,NULL,NULL,NULL,0,'N'),
 (348,1,'P','M',1826,349,'2006-11-02 00:00:00','I',NULL,NULL,NULL,NULL,NULL,NULL,NULL,NULL,NULL,0,NULL,NULL,NULL,'N',NULL,3.9,NULL,NULL,NULL,0,'N'),
 (349,1,'P','M',1827,350,'2006-11-03 00:00:00','I',NULL,NULL,NULL,'1','2006-11-03 00:00:00',NULL,NULL,NULL,NULL,0,'2006-11-03 00:00:00',NULL,'2006-11-03 00:00:00','C','A',3.14,NULL,NULL,NULL,0,'N');
INSERT INTO ADMISSION (ADM_ID,ADM_IN,ADM_TYPE,ADM_WRD_ID_A,ADM_YPROG,ADM_PAT_ID,ADM_DATE_ADM,ADM_ADMT_ID_A_ADM,ADM_FHU,ADM_IN_DIS_ID_A,ADM_OUT_DIS_ID_A,ADM_OPE_ID_A,ADM_DATE_OP,ADM_RESOP,ADM_DATE_DIS,ADM_DIST_ID_A,ADM_NOTE,ADM_TRANS,ADM_PRG_DATE_VIS,ADM_PRG_PTT_ID_A,ADM_PRG_DATE_DEL,ADM_PRG_DLT_ID_A,ADM_PRG_DRT_ID_A,ADM_PRG_WEIGHT,ADM_PRG_DATE_CTRL1,ADM_PRG_DATE_CTRL2,ADM_PRG_DATE_ABORT,ADM_LOCK,ADM_DELETED) VALUES 
 (350,1,'P','M',1828,351,'2006-10-26 00:00:00','I',NULL,'39',NULL,NULL,NULL,NULL,NULL,NULL,NULL,0,NULL,NULL,NULL,NULL,NULL,NULL,NULL,NULL,NULL,0,'N'),
 (351,1,'P','M',1829,352,'2006-11-03 00:00:00','I',NULL,NULL,NULL,NULL,NULL,NULL,NULL,NULL,NULL,0,NULL,NULL,'2006-11-04 00:00:00','N','A',4.1,NULL,NULL,NULL,0,'N'),
 (352,0,'P','M',1830,353,'2006-11-03 00:00:00','I',NULL,'26',NULL,NULL,NULL,NULL,'2006-11-05 00:00:00','EQ',NULL,0,NULL,NULL,'2006-11-05 00:00:00','V','S',NULL,NULL,NULL,NULL,0,'N'),
 (353,1,'P','M',1831,354,'2006-11-03 00:00:00','I',NULL,'66',NULL,'1','2006-11-03 00:00:00',NULL,NULL,NULL,NULL,0,NULL,NULL,NULL,'C','A',2,NULL,NULL,NULL,0,'N'),
 (354,1,'P','M',1832,355,'2006-11-03 00:00:00','I',NULL,NULL,NULL,'1','2006-11-04 00:00:00',NULL,NULL,NULL,NULL,0,NULL,NULL,NULL,'C','A',2.6,NULL,NULL,NULL,0,'N');
INSERT INTO ADMISSION (ADM_ID,ADM_IN,ADM_TYPE,ADM_WRD_ID_A,ADM_YPROG,ADM_PAT_ID,ADM_DATE_ADM,ADM_ADMT_ID_A_ADM,ADM_FHU,ADM_IN_DIS_ID_A,ADM_OUT_DIS_ID_A,ADM_OPE_ID_A,ADM_DATE_OP,ADM_RESOP,ADM_DATE_DIS,ADM_DIST_ID_A,ADM_NOTE,ADM_TRANS,ADM_PRG_DATE_VIS,ADM_PRG_PTT_ID_A,ADM_PRG_DATE_DEL,ADM_PRG_DLT_ID_A,ADM_PRG_DRT_ID_A,ADM_PRG_WEIGHT,ADM_PRG_DATE_CTRL1,ADM_PRG_DATE_CTRL2,ADM_PRG_DATE_ABORT,ADM_LOCK,ADM_DELETED) VALUES 
 (355,1,'P','M',1833,356,'2006-11-04 00:00:00','I',NULL,NULL,NULL,NULL,NULL,NULL,NULL,NULL,NULL,0,NULL,NULL,'2006-11-04 00:00:00','N','A',3.7,NULL,NULL,NULL,0,'N'),
 (356,1,'P','M',1834,357,'2006-11-04 00:00:00','I',NULL,'26',NULL,'14','2006-11-04 00:00:00',NULL,NULL,NULL,NULL,0,NULL,NULL,NULL,NULL,NULL,NULL,NULL,NULL,NULL,0,'N'),
 (357,1,'P','M',1835,358,'2006-11-04 00:00:00','I',NULL,'26',NULL,'1','2006-11-04 00:00:00',NULL,NULL,NULL,NULL,0,NULL,NULL,NULL,'C','A',3.1,NULL,NULL,NULL,0,'N'),
 (358,1,'P','M',1836,359,'2006-11-04 00:00:00','I',NULL,NULL,NULL,'1','2006-11-04 00:00:00',NULL,NULL,NULL,NULL,0,NULL,NULL,NULL,NULL,NULL,NULL,NULL,NULL,NULL,0,'N'),
 (359,1,'P','M',1837,360,'2006-11-05 00:00:00','I',NULL,NULL,NULL,NULL,NULL,NULL,NULL,NULL,NULL,0,NULL,NULL,'2006-11-05 00:00:00','N','A',3.44,NULL,NULL,NULL,0,'N');
INSERT INTO ADMISSION (ADM_ID,ADM_IN,ADM_TYPE,ADM_WRD_ID_A,ADM_YPROG,ADM_PAT_ID,ADM_DATE_ADM,ADM_ADMT_ID_A_ADM,ADM_FHU,ADM_IN_DIS_ID_A,ADM_OUT_DIS_ID_A,ADM_OPE_ID_A,ADM_DATE_OP,ADM_RESOP,ADM_DATE_DIS,ADM_DIST_ID_A,ADM_NOTE,ADM_TRANS,ADM_PRG_DATE_VIS,ADM_PRG_PTT_ID_A,ADM_PRG_DATE_DEL,ADM_PRG_DLT_ID_A,ADM_PRG_DRT_ID_A,ADM_PRG_WEIGHT,ADM_PRG_DATE_CTRL1,ADM_PRG_DATE_CTRL2,ADM_PRG_DATE_ABORT,ADM_LOCK,ADM_DELETED) VALUES 
 (360,1,'P','M',1838,361,'2006-11-05 00:00:00','I',NULL,NULL,NULL,NULL,NULL,NULL,NULL,NULL,NULL,0,NULL,NULL,'2006-11-05 00:00:00','N','B',NULL,NULL,NULL,NULL,3,'N'),
 (361,1,'P','M',1839,362,'2006-11-06 00:00:00','I',NULL,NULL,NULL,NULL,NULL,NULL,NULL,NULL,NULL,0,NULL,NULL,'2006-11-06 00:00:00','N','A',3.56,NULL,NULL,NULL,0,'N'),
 (362,1,'P','M',1840,363,'2006-11-06 00:00:00','I',NULL,NULL,NULL,'1','2006-11-06 00:00:00',NULL,NULL,NULL,NULL,0,NULL,NULL,'2006-11-06 00:00:00','C','A',NULL,NULL,NULL,NULL,1,'N'),
 (363,1,'P','M',1841,364,'2006-11-06 00:00:00','I',NULL,'66',NULL,'1','2006-11-07 00:00:00',NULL,NULL,NULL,NULL,0,NULL,NULL,NULL,'C',NULL,NULL,NULL,NULL,NULL,0,'N'),
 (364,1,'P','M',1842,365,'2006-11-06 00:00:00','I',NULL,NULL,NULL,NULL,NULL,NULL,NULL,NULL,NULL,0,NULL,NULL,NULL,NULL,NULL,NULL,NULL,NULL,NULL,0,'N');
INSERT INTO ADMISSION (ADM_ID,ADM_IN,ADM_TYPE,ADM_WRD_ID_A,ADM_YPROG,ADM_PAT_ID,ADM_DATE_ADM,ADM_ADMT_ID_A_ADM,ADM_FHU,ADM_IN_DIS_ID_A,ADM_OUT_DIS_ID_A,ADM_OPE_ID_A,ADM_DATE_OP,ADM_RESOP,ADM_DATE_DIS,ADM_DIST_ID_A,ADM_NOTE,ADM_TRANS,ADM_PRG_DATE_VIS,ADM_PRG_PTT_ID_A,ADM_PRG_DATE_DEL,ADM_PRG_DLT_ID_A,ADM_PRG_DRT_ID_A,ADM_PRG_WEIGHT,ADM_PRG_DATE_CTRL1,ADM_PRG_DATE_CTRL2,ADM_PRG_DATE_ABORT,ADM_LOCK,ADM_DELETED) VALUES 
 (365,1,'P','M',1842,365,'2006-11-06 00:00:00','I',NULL,NULL,NULL,NULL,NULL,NULL,NULL,NULL,NULL,0,NULL,NULL,NULL,NULL,NULL,NULL,NULL,NULL,NULL,0,'N'),
 (366,1,'P','M',1843,366,'2006-11-06 00:00:00','I',NULL,NULL,NULL,NULL,NULL,NULL,NULL,NULL,NULL,0,NULL,NULL,'2006-11-06 00:00:00','N','A',3.33,NULL,NULL,NULL,0,'N'),
 (367,1,'P','M',1844,367,'2006-11-06 00:00:00','I',NULL,NULL,NULL,NULL,NULL,NULL,NULL,NULL,NULL,0,NULL,NULL,'2006-11-06 00:00:00','N','A',3.08,NULL,NULL,NULL,0,'N'),
 (368,1,'P','M',1845,368,'2006-11-06 00:00:00','I',NULL,NULL,NULL,'1','2006-11-06 00:00:00',NULL,NULL,NULL,NULL,0,NULL,NULL,'2006-11-06 00:00:00','C','A',3.2,NULL,NULL,NULL,1,'N'),
 (369,1,'P','M',1846,369,'2006-11-06 00:00:00','I',NULL,NULL,NULL,NULL,NULL,NULL,NULL,NULL,NULL,0,NULL,NULL,'2006-11-06 00:00:00','N','A',3.7,NULL,NULL,NULL,0,'N');
INSERT INTO ADMISSION (ADM_ID,ADM_IN,ADM_TYPE,ADM_WRD_ID_A,ADM_YPROG,ADM_PAT_ID,ADM_DATE_ADM,ADM_ADMT_ID_A_ADM,ADM_FHU,ADM_IN_DIS_ID_A,ADM_OUT_DIS_ID_A,ADM_OPE_ID_A,ADM_DATE_OP,ADM_RESOP,ADM_DATE_DIS,ADM_DIST_ID_A,ADM_NOTE,ADM_TRANS,ADM_PRG_DATE_VIS,ADM_PRG_PTT_ID_A,ADM_PRG_DATE_DEL,ADM_PRG_DLT_ID_A,ADM_PRG_DRT_ID_A,ADM_PRG_WEIGHT,ADM_PRG_DATE_CTRL1,ADM_PRG_DATE_CTRL2,ADM_PRG_DATE_ABORT,ADM_LOCK,ADM_DELETED) VALUES 
 (370,1,'P','M',1847,370,'2006-11-07 00:00:00','I',NULL,NULL,NULL,NULL,NULL,NULL,NULL,NULL,NULL,0,NULL,NULL,'2006-11-07 00:00:00','N','A',3.05,NULL,NULL,NULL,0,'N'),
 (371,1,'N','F',0,371,'2006-11-02 00:00:00','I',NULL,'48',NULL,NULL,NULL,NULL,NULL,NULL,NULL,0,NULL,NULL,NULL,NULL,NULL,NULL,NULL,NULL,NULL,0,'N'),
 (372,1,'N','F',0,373,'2006-11-02 00:00:00','I',NULL,'44',NULL,NULL,NULL,NULL,NULL,NULL,NULL,0,NULL,NULL,NULL,NULL,NULL,NULL,NULL,NULL,NULL,0,'N'),
 (373,1,'N','I',887,372,'2006-11-01 00:00:00','I',NULL,'84',NULL,NULL,NULL,NULL,NULL,NULL,NULL,0,NULL,NULL,NULL,NULL,NULL,NULL,NULL,NULL,NULL,0,'N'),
 (374,1,'N','F',0,374,'2006-11-03 00:00:00','I',NULL,'44',NULL,NULL,NULL,NULL,NULL,NULL,NULL,0,NULL,NULL,NULL,NULL,NULL,NULL,NULL,NULL,NULL,0,'N');
INSERT INTO ADMISSION (ADM_ID,ADM_IN,ADM_TYPE,ADM_WRD_ID_A,ADM_YPROG,ADM_PAT_ID,ADM_DATE_ADM,ADM_ADMT_ID_A_ADM,ADM_FHU,ADM_IN_DIS_ID_A,ADM_OUT_DIS_ID_A,ADM_OPE_ID_A,ADM_DATE_OP,ADM_RESOP,ADM_DATE_DIS,ADM_DIST_ID_A,ADM_NOTE,ADM_TRANS,ADM_PRG_DATE_VIS,ADM_PRG_PTT_ID_A,ADM_PRG_DATE_DEL,ADM_PRG_DLT_ID_A,ADM_PRG_DRT_ID_A,ADM_PRG_WEIGHT,ADM_PRG_DATE_CTRL1,ADM_PRG_DATE_CTRL2,ADM_PRG_DATE_ABORT,ADM_LOCK,ADM_DELETED) VALUES 
 (375,1,'N','I',888,375,'2006-11-01 00:00:00','I',NULL,'16',NULL,NULL,NULL,NULL,NULL,NULL,NULL,0,NULL,NULL,NULL,NULL,NULL,NULL,NULL,NULL,NULL,0,'N'),
 (376,1,'N','F',764,376,'2006-11-04 00:00:00','I',NULL,'48',NULL,NULL,NULL,NULL,NULL,NULL,NULL,0,NULL,NULL,NULL,NULL,NULL,NULL,NULL,NULL,NULL,0,'N'),
 (377,1,'N','F',765,377,'2006-11-04 00:00:00','I',NULL,'39',NULL,NULL,NULL,NULL,NULL,NULL,NULL,0,NULL,NULL,NULL,NULL,NULL,NULL,NULL,NULL,NULL,0,'N'),
 (378,1,'N','I',894,378,'2006-11-03 00:00:00','R',NULL,'84',NULL,NULL,NULL,NULL,NULL,NULL,NULL,0,NULL,NULL,NULL,NULL,NULL,NULL,NULL,NULL,NULL,0,'N'),
 (379,1,'N','C',4760,380,'2006-11-04 00:00:00','I',NULL,'39',NULL,NULL,NULL,NULL,NULL,NULL,NULL,0,NULL,NULL,NULL,NULL,NULL,NULL,NULL,NULL,NULL,1,'N');
INSERT INTO ADMISSION (ADM_ID,ADM_IN,ADM_TYPE,ADM_WRD_ID_A,ADM_YPROG,ADM_PAT_ID,ADM_DATE_ADM,ADM_ADMT_ID_A_ADM,ADM_FHU,ADM_IN_DIS_ID_A,ADM_OUT_DIS_ID_A,ADM_OPE_ID_A,ADM_DATE_OP,ADM_RESOP,ADM_DATE_DIS,ADM_DIST_ID_A,ADM_NOTE,ADM_TRANS,ADM_PRG_DATE_VIS,ADM_PRG_PTT_ID_A,ADM_PRG_DATE_DEL,ADM_PRG_DLT_ID_A,ADM_PRG_DRT_ID_A,ADM_PRG_WEIGHT,ADM_PRG_DATE_CTRL1,ADM_PRG_DATE_CTRL2,ADM_PRG_DATE_ABORT,ADM_LOCK,ADM_DELETED) VALUES 
 (380,1,'N','I',895,381,'2006-11-04 00:00:00','I',NULL,'39',NULL,NULL,NULL,NULL,NULL,NULL,NULL,0,NULL,NULL,NULL,NULL,NULL,NULL,NULL,NULL,NULL,0,'N'),
 (381,1,'N','F',766,379,'2006-11-04 00:00:00','I',NULL,'48','48',NULL,NULL,NULL,NULL,NULL,NULL,0,NULL,NULL,NULL,NULL,NULL,NULL,NULL,NULL,NULL,0,'N'),
 (382,1,'N','C',4761,382,'2006-11-04 00:00:00','I',NULL,'39',NULL,NULL,NULL,NULL,NULL,NULL,NULL,0,NULL,NULL,NULL,NULL,NULL,NULL,NULL,NULL,NULL,1,'N'),
 (383,1,'N','I',896,383,'2006-11-04 00:00:00','I',NULL,'104',NULL,NULL,NULL,NULL,NULL,NULL,NULL,0,NULL,NULL,NULL,NULL,NULL,NULL,NULL,NULL,NULL,0,'N'),
 (384,1,'N','F',767,384,'2006-11-04 00:00:00','I',NULL,'48',NULL,NULL,NULL,NULL,NULL,NULL,NULL,0,NULL,NULL,NULL,NULL,NULL,NULL,NULL,NULL,NULL,0,'N');
INSERT INTO ADMISSION (ADM_ID,ADM_IN,ADM_TYPE,ADM_WRD_ID_A,ADM_YPROG,ADM_PAT_ID,ADM_DATE_ADM,ADM_ADMT_ID_A_ADM,ADM_FHU,ADM_IN_DIS_ID_A,ADM_OUT_DIS_ID_A,ADM_OPE_ID_A,ADM_DATE_OP,ADM_RESOP,ADM_DATE_DIS,ADM_DIST_ID_A,ADM_NOTE,ADM_TRANS,ADM_PRG_DATE_VIS,ADM_PRG_PTT_ID_A,ADM_PRG_DATE_DEL,ADM_PRG_DLT_ID_A,ADM_PRG_DRT_ID_A,ADM_PRG_WEIGHT,ADM_PRG_DATE_CTRL1,ADM_PRG_DATE_CTRL2,ADM_PRG_DATE_ABORT,ADM_LOCK,ADM_DELETED) VALUES 
 (385,1,'N','C',4762,386,'2006-11-04 00:00:00','I',NULL,'39',NULL,NULL,NULL,NULL,NULL,NULL,NULL,0,NULL,NULL,NULL,NULL,NULL,NULL,NULL,NULL,NULL,1,'N'),
 (386,1,'N','I',897,385,'2006-11-04 00:00:00','I',NULL,'49',NULL,NULL,NULL,NULL,NULL,NULL,NULL,0,NULL,NULL,NULL,NULL,NULL,NULL,NULL,NULL,NULL,0,'N'),
 (387,1,'N','C',4763,388,'2006-11-04 00:00:00','I',NULL,'39',NULL,NULL,NULL,NULL,NULL,NULL,NULL,0,NULL,NULL,NULL,NULL,NULL,NULL,NULL,NULL,NULL,0,'N'),
 (388,1,'N','I',898,389,'2006-11-04 00:00:00','I',NULL,'15',NULL,NULL,NULL,NULL,NULL,NULL,NULL,0,NULL,NULL,NULL,NULL,NULL,NULL,NULL,NULL,NULL,0,'N'),
 (389,1,'N','F',768,387,'2006-11-04 00:00:00','I',NULL,'86',NULL,NULL,NULL,NULL,NULL,NULL,NULL,0,NULL,NULL,NULL,NULL,NULL,NULL,NULL,NULL,NULL,0,'N');
INSERT INTO ADMISSION (ADM_ID,ADM_IN,ADM_TYPE,ADM_WRD_ID_A,ADM_YPROG,ADM_PAT_ID,ADM_DATE_ADM,ADM_ADMT_ID_A_ADM,ADM_FHU,ADM_IN_DIS_ID_A,ADM_OUT_DIS_ID_A,ADM_OPE_ID_A,ADM_DATE_OP,ADM_RESOP,ADM_DATE_DIS,ADM_DIST_ID_A,ADM_NOTE,ADM_TRANS,ADM_PRG_DATE_VIS,ADM_PRG_PTT_ID_A,ADM_PRG_DATE_DEL,ADM_PRG_DLT_ID_A,ADM_PRG_DRT_ID_A,ADM_PRG_WEIGHT,ADM_PRG_DATE_CTRL1,ADM_PRG_DATE_CTRL2,ADM_PRG_DATE_ABORT,ADM_LOCK,ADM_DELETED) VALUES 
 (390,1,'N','C',4764,390,'2006-11-04 00:00:00','I',NULL,'39',NULL,NULL,NULL,NULL,NULL,NULL,NULL,0,NULL,NULL,NULL,NULL,NULL,NULL,NULL,NULL,NULL,0,'N'),
 (391,1,'N','F',769,391,'2006-11-05 00:00:00','I',NULL,'3',NULL,NULL,NULL,NULL,NULL,NULL,NULL,0,NULL,NULL,NULL,NULL,NULL,NULL,NULL,NULL,NULL,0,'N'),
 (392,1,'N','I',899,302,'2006-11-04 00:00:00','I',NULL,'39',NULL,NULL,NULL,NULL,NULL,NULL,NULL,0,NULL,NULL,NULL,NULL,NULL,NULL,NULL,NULL,NULL,0,'N'),
 (393,1,'N','C',4765,392,'2006-11-04 00:00:00','I',NULL,'15',NULL,NULL,NULL,NULL,NULL,NULL,NULL,0,NULL,NULL,NULL,NULL,NULL,NULL,NULL,NULL,NULL,0,'N'),
 (394,1,'N','F',770,393,'2006-11-06 00:00:00','I',NULL,'48',NULL,NULL,NULL,NULL,NULL,NULL,NULL,0,NULL,NULL,NULL,NULL,NULL,NULL,NULL,NULL,NULL,0,'N');
INSERT INTO ADMISSION (ADM_ID,ADM_IN,ADM_TYPE,ADM_WRD_ID_A,ADM_YPROG,ADM_PAT_ID,ADM_DATE_ADM,ADM_ADMT_ID_A_ADM,ADM_FHU,ADM_IN_DIS_ID_A,ADM_OUT_DIS_ID_A,ADM_OPE_ID_A,ADM_DATE_OP,ADM_RESOP,ADM_DATE_DIS,ADM_DIST_ID_A,ADM_NOTE,ADM_TRANS,ADM_PRG_DATE_VIS,ADM_PRG_PTT_ID_A,ADM_PRG_DATE_DEL,ADM_PRG_DLT_ID_A,ADM_PRG_DRT_ID_A,ADM_PRG_WEIGHT,ADM_PRG_DATE_CTRL1,ADM_PRG_DATE_CTRL2,ADM_PRG_DATE_ABORT,ADM_LOCK,ADM_DELETED) VALUES 
 (395,1,'N','I',900,394,'2006-11-06 00:00:00','I',NULL,'49',NULL,NULL,NULL,NULL,NULL,NULL,NULL,0,NULL,NULL,NULL,NULL,NULL,NULL,NULL,NULL,NULL,0,'N'),
 (396,1,'N','C',4766,396,'2006-11-05 00:00:00','I',NULL,'39',NULL,NULL,NULL,NULL,NULL,NULL,NULL,0,NULL,NULL,NULL,NULL,NULL,NULL,NULL,NULL,NULL,0,'N'),
 (397,1,'N','F',771,397,'2006-11-06 00:00:00','I',NULL,'39',NULL,NULL,NULL,NULL,NULL,NULL,NULL,0,NULL,NULL,NULL,NULL,NULL,NULL,NULL,NULL,NULL,0,'N'),
 (398,1,'N','C',4767,395,'2006-11-05 00:00:00','I',NULL,'39',NULL,NULL,NULL,NULL,NULL,NULL,NULL,0,NULL,NULL,NULL,NULL,NULL,NULL,NULL,NULL,NULL,0,'N'),
 (399,1,'N','F',772,399,'2006-11-06 00:00:00','I',NULL,'16',NULL,NULL,NULL,NULL,NULL,NULL,NULL,0,NULL,NULL,NULL,NULL,NULL,NULL,NULL,NULL,NULL,0,'N');
INSERT INTO ADMISSION (ADM_ID,ADM_IN,ADM_TYPE,ADM_WRD_ID_A,ADM_YPROG,ADM_PAT_ID,ADM_DATE_ADM,ADM_ADMT_ID_A_ADM,ADM_FHU,ADM_IN_DIS_ID_A,ADM_OUT_DIS_ID_A,ADM_OPE_ID_A,ADM_DATE_OP,ADM_RESOP,ADM_DATE_DIS,ADM_DIST_ID_A,ADM_NOTE,ADM_TRANS,ADM_PRG_DATE_VIS,ADM_PRG_PTT_ID_A,ADM_PRG_DATE_DEL,ADM_PRG_DLT_ID_A,ADM_PRG_DRT_ID_A,ADM_PRG_WEIGHT,ADM_PRG_DATE_CTRL1,ADM_PRG_DATE_CTRL2,ADM_PRG_DATE_ABORT,ADM_LOCK,ADM_DELETED) VALUES 
 (400,1,'N','C',4768,400,'2006-11-05 00:00:00','I',NULL,'39',NULL,NULL,NULL,NULL,NULL,NULL,NULL,0,NULL,NULL,NULL,NULL,NULL,NULL,NULL,NULL,NULL,0,'N'),
 (401,1,'N','F',773,401,'2006-11-06 00:00:00','I',NULL,'16',NULL,NULL,NULL,NULL,NULL,NULL,NULL,0,NULL,NULL,NULL,NULL,NULL,NULL,NULL,NULL,NULL,0,'N'),
 (402,1,'N','C',4769,402,'2006-11-05 00:00:00','I',NULL,'39',NULL,NULL,NULL,NULL,NULL,NULL,NULL,0,NULL,NULL,NULL,NULL,NULL,NULL,NULL,NULL,NULL,0,'N'),
 (403,1,'N','I',901,398,'2006-11-06 00:00:00','I',NULL,'48',NULL,NULL,NULL,NULL,NULL,NULL,NULL,0,NULL,NULL,NULL,NULL,NULL,NULL,NULL,NULL,NULL,0,'N'),
 (404,1,'N','F',774,403,'2006-11-06 00:00:00','I',NULL,'15',NULL,NULL,NULL,NULL,NULL,NULL,NULL,0,NULL,NULL,NULL,NULL,NULL,NULL,NULL,NULL,NULL,0,'N');
INSERT INTO ADMISSION (ADM_ID,ADM_IN,ADM_TYPE,ADM_WRD_ID_A,ADM_YPROG,ADM_PAT_ID,ADM_DATE_ADM,ADM_ADMT_ID_A_ADM,ADM_FHU,ADM_IN_DIS_ID_A,ADM_OUT_DIS_ID_A,ADM_OPE_ID_A,ADM_DATE_OP,ADM_RESOP,ADM_DATE_DIS,ADM_DIST_ID_A,ADM_NOTE,ADM_TRANS,ADM_PRG_DATE_VIS,ADM_PRG_PTT_ID_A,ADM_PRG_DATE_DEL,ADM_PRG_DLT_ID_A,ADM_PRG_DRT_ID_A,ADM_PRG_WEIGHT,ADM_PRG_DATE_CTRL1,ADM_PRG_DATE_CTRL2,ADM_PRG_DATE_ABORT,ADM_LOCK,ADM_DELETED) VALUES 
 (405,1,'N','C',4770,404,'2006-11-05 00:00:00','I',NULL,'39',NULL,NULL,NULL,NULL,NULL,NULL,NULL,0,NULL,NULL,NULL,NULL,NULL,NULL,NULL,NULL,NULL,0,'N'),
 (406,1,'N','F',775,406,'2006-11-06 00:00:00','I',NULL,'110',NULL,NULL,NULL,NULL,NULL,NULL,NULL,0,NULL,NULL,NULL,NULL,NULL,NULL,NULL,NULL,NULL,0,'N'),
 (407,1,'N','I',902,405,'2006-11-06 00:00:00','I',NULL,'39',NULL,NULL,NULL,NULL,NULL,NULL,NULL,0,NULL,NULL,NULL,NULL,NULL,NULL,NULL,NULL,NULL,1,'N'),
 (408,1,'N','C',4771,407,'2006-11-05 00:00:00','I',NULL,'39',NULL,NULL,NULL,NULL,NULL,NULL,NULL,0,NULL,NULL,NULL,NULL,NULL,NULL,NULL,NULL,NULL,0,'N'),
 (409,1,'N','F',776,408,'2006-11-06 00:00:00','I',NULL,'81',NULL,NULL,NULL,NULL,NULL,NULL,NULL,0,NULL,NULL,NULL,NULL,NULL,NULL,NULL,NULL,NULL,0,'N');
INSERT INTO ADMISSION (ADM_ID,ADM_IN,ADM_TYPE,ADM_WRD_ID_A,ADM_YPROG,ADM_PAT_ID,ADM_DATE_ADM,ADM_ADMT_ID_A_ADM,ADM_FHU,ADM_IN_DIS_ID_A,ADM_OUT_DIS_ID_A,ADM_OPE_ID_A,ADM_DATE_OP,ADM_RESOP,ADM_DATE_DIS,ADM_DIST_ID_A,ADM_NOTE,ADM_TRANS,ADM_PRG_DATE_VIS,ADM_PRG_PTT_ID_A,ADM_PRG_DATE_DEL,ADM_PRG_DLT_ID_A,ADM_PRG_DRT_ID_A,ADM_PRG_WEIGHT,ADM_PRG_DATE_CTRL1,ADM_PRG_DATE_CTRL2,ADM_PRG_DATE_ABORT,ADM_LOCK,ADM_DELETED) VALUES 
 (410,1,'N','C',4772,410,'2006-11-05 00:00:00','I',NULL,'39',NULL,NULL,NULL,NULL,NULL,NULL,NULL,0,NULL,NULL,NULL,NULL,NULL,NULL,NULL,NULL,NULL,0,'N'),
 (411,1,'N','F',777,411,'2006-11-07 00:00:00','I',NULL,'105',NULL,NULL,NULL,NULL,NULL,NULL,NULL,0,NULL,NULL,NULL,NULL,NULL,NULL,NULL,NULL,NULL,0,'N'),
 (412,1,'N','I',903,409,'2006-11-06 00:00:00','I',NULL,'47',NULL,NULL,NULL,NULL,NULL,NULL,NULL,0,NULL,NULL,NULL,NULL,NULL,NULL,NULL,NULL,NULL,0,'N'),
 (413,1,'N','C',4773,412,'2006-11-05 00:00:00','R',NULL,'39',NULL,NULL,NULL,NULL,NULL,NULL,NULL,0,NULL,NULL,NULL,NULL,NULL,NULL,NULL,NULL,NULL,0,'N'),
 (414,1,'N','I',904,413,'2006-11-06 00:00:00','I',NULL,'42',NULL,NULL,NULL,NULL,NULL,NULL,NULL,0,NULL,NULL,NULL,NULL,NULL,NULL,NULL,NULL,NULL,0,'N');
INSERT INTO ADMISSION (ADM_ID,ADM_IN,ADM_TYPE,ADM_WRD_ID_A,ADM_YPROG,ADM_PAT_ID,ADM_DATE_ADM,ADM_ADMT_ID_A_ADM,ADM_FHU,ADM_IN_DIS_ID_A,ADM_OUT_DIS_ID_A,ADM_OPE_ID_A,ADM_DATE_OP,ADM_RESOP,ADM_DATE_DIS,ADM_DIST_ID_A,ADM_NOTE,ADM_TRANS,ADM_PRG_DATE_VIS,ADM_PRG_PTT_ID_A,ADM_PRG_DATE_DEL,ADM_PRG_DLT_ID_A,ADM_PRG_DRT_ID_A,ADM_PRG_WEIGHT,ADM_PRG_DATE_CTRL1,ADM_PRG_DATE_CTRL2,ADM_PRG_DATE_ABORT,ADM_LOCK,ADM_DELETED) VALUES 
 (415,1,'N','I',905,414,'2006-11-06 00:00:00','I',NULL,'47',NULL,NULL,NULL,NULL,NULL,NULL,NULL,0,NULL,NULL,NULL,NULL,NULL,NULL,NULL,NULL,NULL,0,'N'),
 (416,1,'N','C',4774,415,'2006-11-05 00:00:00','I',NULL,'39',NULL,NULL,NULL,NULL,NULL,NULL,NULL,0,NULL,NULL,NULL,NULL,NULL,NULL,NULL,NULL,NULL,0,'N'),
 (417,1,'N','I',906,416,'2006-11-06 00:00:00','I',NULL,'60',NULL,NULL,NULL,NULL,NULL,NULL,NULL,0,NULL,NULL,NULL,NULL,NULL,NULL,NULL,NULL,NULL,0,'N'),
 (418,1,'N','C',4775,417,'2006-11-05 00:00:00','I',NULL,'15',NULL,NULL,NULL,NULL,NULL,NULL,NULL,0,NULL,NULL,NULL,NULL,NULL,NULL,NULL,NULL,NULL,0,'N'),
 (419,1,'N','C',4776,418,'2006-11-05 00:00:00','I',NULL,'39',NULL,NULL,NULL,NULL,NULL,NULL,NULL,0,NULL,NULL,NULL,NULL,NULL,NULL,NULL,NULL,NULL,0,'N');
INSERT INTO ADMISSION (ADM_ID,ADM_IN,ADM_TYPE,ADM_WRD_ID_A,ADM_YPROG,ADM_PAT_ID,ADM_DATE_ADM,ADM_ADMT_ID_A_ADM,ADM_FHU,ADM_IN_DIS_ID_A,ADM_OUT_DIS_ID_A,ADM_OPE_ID_A,ADM_DATE_OP,ADM_RESOP,ADM_DATE_DIS,ADM_DIST_ID_A,ADM_NOTE,ADM_TRANS,ADM_PRG_DATE_VIS,ADM_PRG_PTT_ID_A,ADM_PRG_DATE_DEL,ADM_PRG_DLT_ID_A,ADM_PRG_DRT_ID_A,ADM_PRG_WEIGHT,ADM_PRG_DATE_CTRL1,ADM_PRG_DATE_CTRL2,ADM_PRG_DATE_ABORT,ADM_LOCK,ADM_DELETED) VALUES 
 (420,1,'N','C',4777,420,'2006-11-05 00:00:00','I',NULL,'39',NULL,NULL,NULL,NULL,NULL,NULL,NULL,0,NULL,NULL,NULL,NULL,NULL,NULL,NULL,NULL,NULL,0,'N'),
 (421,1,'N','I',907,419,'2006-11-06 00:00:00','I',NULL,'90',NULL,NULL,NULL,NULL,NULL,NULL,NULL,0,NULL,NULL,NULL,NULL,NULL,NULL,NULL,NULL,NULL,0,'N'),
 (422,1,'N','C',4778,421,'2006-11-05 00:00:00','I',NULL,'15',NULL,NULL,NULL,NULL,NULL,NULL,NULL,0,NULL,NULL,NULL,NULL,NULL,NULL,NULL,NULL,NULL,1,'N'),
 (423,1,'N','I',908,422,'2006-11-06 00:00:00','I',NULL,'39',NULL,NULL,NULL,NULL,NULL,NULL,NULL,0,NULL,NULL,NULL,NULL,NULL,NULL,NULL,NULL,NULL,0,'N'),
 (424,1,'N','I',909,423,'2006-11-07 00:00:00','I',NULL,'90',NULL,NULL,NULL,NULL,NULL,NULL,NULL,0,NULL,NULL,NULL,NULL,NULL,NULL,NULL,NULL,NULL,0,'N');
INSERT INTO ADMISSION (ADM_ID,ADM_IN,ADM_TYPE,ADM_WRD_ID_A,ADM_YPROG,ADM_PAT_ID,ADM_DATE_ADM,ADM_ADMT_ID_A_ADM,ADM_FHU,ADM_IN_DIS_ID_A,ADM_OUT_DIS_ID_A,ADM_OPE_ID_A,ADM_DATE_OP,ADM_RESOP,ADM_DATE_DIS,ADM_DIST_ID_A,ADM_NOTE,ADM_TRANS,ADM_PRG_DATE_VIS,ADM_PRG_PTT_ID_A,ADM_PRG_DATE_DEL,ADM_PRG_DLT_ID_A,ADM_PRG_DRT_ID_A,ADM_PRG_WEIGHT,ADM_PRG_DATE_CTRL1,ADM_PRG_DATE_CTRL2,ADM_PRG_DATE_ABORT,ADM_LOCK,ADM_DELETED) VALUES 
 (425,1,'N','I',910,424,'2006-11-07 00:00:00','I',NULL,'39',NULL,NULL,NULL,NULL,NULL,NULL,NULL,0,NULL,NULL,NULL,NULL,NULL,NULL,NULL,NULL,NULL,0,'N'),
 (426,1,'N','C',4779,426,'2006-11-05 00:00:00','I',NULL,'39',NULL,NULL,NULL,NULL,NULL,NULL,NULL,0,NULL,NULL,NULL,NULL,NULL,NULL,NULL,NULL,NULL,0,'N'),
 (427,1,'N','C',4780,427,'2006-11-05 00:00:00','I',NULL,'39',NULL,NULL,NULL,NULL,NULL,NULL,NULL,0,NULL,NULL,NULL,NULL,NULL,NULL,NULL,NULL,NULL,0,'N'),
 (428,1,'N','C',4781,428,'2006-11-06 00:00:00','I',NULL,NULL,NULL,NULL,NULL,NULL,NULL,NULL,NULL,0,NULL,NULL,NULL,NULL,NULL,NULL,NULL,NULL,NULL,0,'N'),
 (429,1,'N','C',4782,429,'2006-11-08 00:00:00','I',NULL,'39',NULL,NULL,NULL,NULL,NULL,NULL,NULL,0,NULL,NULL,NULL,NULL,NULL,NULL,NULL,NULL,NULL,0,'N');
INSERT INTO ADMISSION (ADM_ID,ADM_IN,ADM_TYPE,ADM_WRD_ID_A,ADM_YPROG,ADM_PAT_ID,ADM_DATE_ADM,ADM_ADMT_ID_A_ADM,ADM_FHU,ADM_IN_DIS_ID_A,ADM_OUT_DIS_ID_A,ADM_OPE_ID_A,ADM_DATE_OP,ADM_RESOP,ADM_DATE_DIS,ADM_DIST_ID_A,ADM_NOTE,ADM_TRANS,ADM_PRG_DATE_VIS,ADM_PRG_PTT_ID_A,ADM_PRG_DATE_DEL,ADM_PRG_DLT_ID_A,ADM_PRG_DRT_ID_A,ADM_PRG_WEIGHT,ADM_PRG_DATE_CTRL1,ADM_PRG_DATE_CTRL2,ADM_PRG_DATE_ABORT,ADM_LOCK,ADM_DELETED) VALUES 
 (430,1,'N','C',4783,430,'2006-11-06 00:00:00','I',NULL,'39',NULL,NULL,NULL,NULL,NULL,NULL,NULL,0,NULL,NULL,NULL,NULL,NULL,NULL,NULL,NULL,NULL,0,'N'),
 (431,1,'N','C',4784,431,'2006-11-06 00:00:00','I',NULL,'39',NULL,NULL,NULL,NULL,NULL,NULL,NULL,0,NULL,NULL,NULL,NULL,NULL,NULL,NULL,NULL,NULL,0,'N'),
 (432,1,'N','C',4785,432,'2006-11-06 00:00:00','I',NULL,'39',NULL,NULL,NULL,NULL,NULL,NULL,NULL,0,NULL,NULL,NULL,NULL,NULL,NULL,NULL,NULL,NULL,0,'N'),
 (433,1,'N','C',4786,433,'2006-11-06 00:00:00','I',NULL,'39',NULL,NULL,NULL,NULL,NULL,NULL,NULL,0,NULL,NULL,NULL,NULL,NULL,NULL,NULL,NULL,NULL,0,'N'),
 (434,1,'N','C',4787,434,'2006-11-06 00:00:00','I',NULL,'39',NULL,NULL,NULL,NULL,NULL,NULL,NULL,0,NULL,NULL,NULL,NULL,NULL,NULL,NULL,NULL,NULL,0,'N');
INSERT INTO ADMISSION (ADM_ID,ADM_IN,ADM_TYPE,ADM_WRD_ID_A,ADM_YPROG,ADM_PAT_ID,ADM_DATE_ADM,ADM_ADMT_ID_A_ADM,ADM_FHU,ADM_IN_DIS_ID_A,ADM_OUT_DIS_ID_A,ADM_OPE_ID_A,ADM_DATE_OP,ADM_RESOP,ADM_DATE_DIS,ADM_DIST_ID_A,ADM_NOTE,ADM_TRANS,ADM_PRG_DATE_VIS,ADM_PRG_PTT_ID_A,ADM_PRG_DATE_DEL,ADM_PRG_DLT_ID_A,ADM_PRG_DRT_ID_A,ADM_PRG_WEIGHT,ADM_PRG_DATE_CTRL1,ADM_PRG_DATE_CTRL2,ADM_PRG_DATE_ABORT,ADM_LOCK,ADM_DELETED) VALUES 
 (435,1,'N','C',4788,435,'2006-11-06 00:00:00','I',NULL,'39',NULL,NULL,NULL,NULL,NULL,NULL,NULL,0,NULL,NULL,NULL,NULL,NULL,NULL,NULL,NULL,NULL,0,'N'),
 (436,1,'N','C',4789,436,'2006-11-08 00:00:00','I',NULL,'39',NULL,NULL,NULL,NULL,NULL,NULL,NULL,0,NULL,NULL,NULL,NULL,NULL,NULL,NULL,NULL,NULL,0,'N'),
 (437,1,'N','C',4790,437,'2006-11-06 00:00:00','I',NULL,'39',NULL,NULL,NULL,NULL,NULL,NULL,NULL,0,NULL,NULL,NULL,NULL,NULL,NULL,NULL,NULL,NULL,0,'N'),
 (438,1,'N','C',4791,438,'2006-11-06 00:00:00','I',NULL,'39',NULL,NULL,NULL,NULL,NULL,NULL,NULL,0,NULL,NULL,NULL,NULL,NULL,NULL,NULL,NULL,NULL,0,'N'),
 (439,1,'N','C',4792,439,'2006-11-06 00:00:00','I',NULL,'30',NULL,NULL,NULL,NULL,NULL,NULL,NULL,0,NULL,NULL,NULL,NULL,NULL,NULL,NULL,NULL,NULL,0,'N');
INSERT INTO ADMISSION (ADM_ID,ADM_IN,ADM_TYPE,ADM_WRD_ID_A,ADM_YPROG,ADM_PAT_ID,ADM_DATE_ADM,ADM_ADMT_ID_A_ADM,ADM_FHU,ADM_IN_DIS_ID_A,ADM_OUT_DIS_ID_A,ADM_OPE_ID_A,ADM_DATE_OP,ADM_RESOP,ADM_DATE_DIS,ADM_DIST_ID_A,ADM_NOTE,ADM_TRANS,ADM_PRG_DATE_VIS,ADM_PRG_PTT_ID_A,ADM_PRG_DATE_DEL,ADM_PRG_DLT_ID_A,ADM_PRG_DRT_ID_A,ADM_PRG_WEIGHT,ADM_PRG_DATE_CTRL1,ADM_PRG_DATE_CTRL2,ADM_PRG_DATE_ABORT,ADM_LOCK,ADM_DELETED) VALUES 
 (440,1,'N','C',4793,440,'2006-11-06 00:00:00','I',NULL,'39',NULL,NULL,NULL,NULL,NULL,NULL,NULL,0,NULL,NULL,NULL,NULL,NULL,NULL,NULL,NULL,NULL,0,'N'),
 (441,1,'N','C',4794,441,'2006-11-06 00:00:00','I',NULL,'39',NULL,NULL,NULL,NULL,NULL,NULL,NULL,0,NULL,NULL,NULL,NULL,NULL,NULL,NULL,NULL,NULL,0,'N'),
 (442,1,'N','C',4795,442,'2006-11-07 00:00:00','I',NULL,'61',NULL,NULL,NULL,NULL,NULL,NULL,NULL,0,NULL,NULL,NULL,NULL,NULL,NULL,NULL,NULL,NULL,0,'N'),
 (443,1,'N','C',4796,443,'2006-11-07 00:00:00','I',NULL,'39',NULL,NULL,NULL,NULL,NULL,NULL,NULL,0,NULL,NULL,NULL,NULL,NULL,NULL,NULL,NULL,NULL,0,'N'),
 (444,1,'N','C',4797,444,'2006-11-07 00:00:00','I',NULL,'30',NULL,NULL,NULL,NULL,NULL,NULL,NULL,0,NULL,NULL,NULL,NULL,NULL,NULL,NULL,NULL,NULL,0,'N');
INSERT INTO ADMISSION (ADM_ID,ADM_IN,ADM_TYPE,ADM_WRD_ID_A,ADM_YPROG,ADM_PAT_ID,ADM_DATE_ADM,ADM_ADMT_ID_A_ADM,ADM_FHU,ADM_IN_DIS_ID_A,ADM_OUT_DIS_ID_A,ADM_OPE_ID_A,ADM_DATE_OP,ADM_RESOP,ADM_DATE_DIS,ADM_DIST_ID_A,ADM_NOTE,ADM_TRANS,ADM_PRG_DATE_VIS,ADM_PRG_PTT_ID_A,ADM_PRG_DATE_DEL,ADM_PRG_DLT_ID_A,ADM_PRG_DRT_ID_A,ADM_PRG_WEIGHT,ADM_PRG_DATE_CTRL1,ADM_PRG_DATE_CTRL2,ADM_PRG_DATE_ABORT,ADM_LOCK,ADM_DELETED) VALUES 
 (445,1,'N','C',4798,445,'2006-11-07 00:00:00','I',NULL,'47',NULL,NULL,NULL,NULL,NULL,NULL,NULL,0,NULL,NULL,NULL,NULL,NULL,NULL,NULL,NULL,NULL,0,'N'),
 (446,1,'N','C',4799,446,'2006-11-07 00:00:00','I',NULL,'39',NULL,NULL,NULL,NULL,NULL,NULL,NULL,0,NULL,NULL,NULL,NULL,NULL,NULL,NULL,NULL,NULL,0,'N'),
 (447,1,'N','C',4800,447,'2006-11-07 00:00:00','I',NULL,'39',NULL,NULL,NULL,NULL,NULL,NULL,NULL,0,NULL,NULL,NULL,NULL,NULL,NULL,NULL,NULL,NULL,0,'N'),
 (448,1,'N','C',4801,448,'2006-11-07 00:00:00','I',NULL,'39',NULL,NULL,NULL,NULL,NULL,NULL,NULL,0,NULL,NULL,NULL,NULL,NULL,NULL,NULL,NULL,NULL,0,'N'),
 (449,1,'N','C',4802,449,'2006-11-07 00:00:00','I',NULL,'23',NULL,NULL,NULL,NULL,NULL,NULL,NULL,0,NULL,NULL,NULL,NULL,NULL,NULL,NULL,NULL,NULL,0,'N');
INSERT INTO ADMISSION (ADM_ID,ADM_IN,ADM_TYPE,ADM_WRD_ID_A,ADM_YPROG,ADM_PAT_ID,ADM_DATE_ADM,ADM_ADMT_ID_A_ADM,ADM_FHU,ADM_IN_DIS_ID_A,ADM_OUT_DIS_ID_A,ADM_OPE_ID_A,ADM_DATE_OP,ADM_RESOP,ADM_DATE_DIS,ADM_DIST_ID_A,ADM_NOTE,ADM_TRANS,ADM_PRG_DATE_VIS,ADM_PRG_PTT_ID_A,ADM_PRG_DATE_DEL,ADM_PRG_DLT_ID_A,ADM_PRG_DRT_ID_A,ADM_PRG_WEIGHT,ADM_PRG_DATE_CTRL1,ADM_PRG_DATE_CTRL2,ADM_PRG_DATE_ABORT,ADM_LOCK,ADM_DELETED) VALUES 
 (450,1,'N','C',4803,450,'2006-11-07 00:00:00','I',NULL,'39',NULL,NULL,NULL,NULL,NULL,NULL,NULL,0,NULL,NULL,NULL,NULL,NULL,NULL,NULL,NULL,NULL,0,'N'),
 (451,1,'N','C',4804,451,'2006-11-07 00:00:00','I',NULL,'39',NULL,NULL,NULL,NULL,NULL,NULL,NULL,0,NULL,NULL,NULL,NULL,NULL,NULL,NULL,NULL,NULL,0,'N'),
 (452,1,'N','C',4805,452,'2006-11-07 00:00:00','I',NULL,'39',NULL,NULL,NULL,NULL,NULL,NULL,NULL,0,NULL,NULL,NULL,NULL,NULL,NULL,NULL,NULL,NULL,0,'N'),
 (453,1,'N','C',4806,453,'2006-11-07 00:00:00','I',NULL,'39',NULL,NULL,NULL,NULL,NULL,NULL,NULL,0,NULL,NULL,NULL,NULL,NULL,NULL,NULL,NULL,NULL,0,'N'),
 (454,1,'N','C',4807,454,'2006-11-07 00:00:00','I',NULL,NULL,NULL,NULL,NULL,NULL,NULL,NULL,NULL,0,NULL,NULL,NULL,NULL,NULL,NULL,NULL,NULL,NULL,0,'N');
INSERT INTO ADMISSION (ADM_ID,ADM_IN,ADM_TYPE,ADM_WRD_ID_A,ADM_YPROG,ADM_PAT_ID,ADM_DATE_ADM,ADM_ADMT_ID_A_ADM,ADM_FHU,ADM_IN_DIS_ID_A,ADM_OUT_DIS_ID_A,ADM_OPE_ID_A,ADM_DATE_OP,ADM_RESOP,ADM_DATE_DIS,ADM_DIST_ID_A,ADM_NOTE,ADM_TRANS,ADM_PRG_DATE_VIS,ADM_PRG_PTT_ID_A,ADM_PRG_DATE_DEL,ADM_PRG_DLT_ID_A,ADM_PRG_DRT_ID_A,ADM_PRG_WEIGHT,ADM_PRG_DATE_CTRL1,ADM_PRG_DATE_CTRL2,ADM_PRG_DATE_ABORT,ADM_LOCK,ADM_DELETED) VALUES 
 (455,1,'N','C',4808,455,'2006-11-07 00:00:00','I',NULL,NULL,NULL,NULL,NULL,NULL,NULL,NULL,NULL,0,NULL,NULL,NULL,NULL,NULL,NULL,NULL,NULL,NULL,0,'N'),
 (456,1,'N','C',4809,456,'2006-11-07 00:00:00','I',NULL,NULL,NULL,NULL,NULL,NULL,NULL,NULL,NULL,0,NULL,NULL,NULL,NULL,NULL,NULL,NULL,NULL,NULL,0,'N'),
 (457,1,'N','C',4810,457,'2006-11-07 00:00:00','I',NULL,NULL,NULL,NULL,NULL,NULL,NULL,NULL,NULL,0,NULL,NULL,NULL,NULL,NULL,NULL,NULL,NULL,NULL,0,'N'),
 (458,1,'N','C',4811,458,'2006-11-07 00:00:00','I',NULL,NULL,NULL,NULL,NULL,NULL,NULL,NULL,NULL,0,NULL,NULL,NULL,NULL,NULL,NULL,NULL,NULL,NULL,0,'N'),
 (459,1,'N','C',4812,459,'2006-11-08 00:00:00','I',NULL,NULL,NULL,NULL,NULL,NULL,NULL,NULL,NULL,0,NULL,NULL,NULL,NULL,NULL,NULL,NULL,NULL,NULL,0,'N');
INSERT INTO ADMISSION (ADM_ID,ADM_IN,ADM_TYPE,ADM_WRD_ID_A,ADM_YPROG,ADM_PAT_ID,ADM_DATE_ADM,ADM_ADMT_ID_A_ADM,ADM_FHU,ADM_IN_DIS_ID_A,ADM_OUT_DIS_ID_A,ADM_OPE_ID_A,ADM_DATE_OP,ADM_RESOP,ADM_DATE_DIS,ADM_DIST_ID_A,ADM_NOTE,ADM_TRANS,ADM_PRG_DATE_VIS,ADM_PRG_PTT_ID_A,ADM_PRG_DATE_DEL,ADM_PRG_DLT_ID_A,ADM_PRG_DRT_ID_A,ADM_PRG_WEIGHT,ADM_PRG_DATE_CTRL1,ADM_PRG_DATE_CTRL2,ADM_PRG_DATE_ABORT,ADM_LOCK,ADM_DELETED) VALUES 
 (460,1,'N','C',4813,460,'2006-11-07 00:00:00','I',NULL,'39',NULL,NULL,NULL,NULL,NULL,NULL,NULL,0,NULL,NULL,NULL,NULL,NULL,NULL,NULL,NULL,NULL,0,'N'),
 (461,1,'N','C',4814,461,'2006-11-07 00:00:00','I',NULL,NULL,NULL,NULL,NULL,NULL,NULL,NULL,NULL,0,NULL,NULL,NULL,NULL,NULL,NULL,NULL,NULL,NULL,0,'N'),
 (462,1,'N','F',778,462,'2006-11-08 00:00:00','I',NULL,'48',NULL,NULL,NULL,NULL,NULL,NULL,NULL,0,NULL,NULL,NULL,NULL,NULL,NULL,NULL,NULL,NULL,0,'N'),
 (463,1,'N','F',779,463,'2006-11-08 00:00:00','I',NULL,'48',NULL,NULL,NULL,NULL,NULL,NULL,NULL,0,NULL,NULL,NULL,NULL,NULL,NULL,NULL,NULL,NULL,0,'N'),
 (464,1,'N','F',780,464,'2006-11-08 00:00:00','I',NULL,'16',NULL,NULL,NULL,NULL,NULL,NULL,NULL,0,NULL,NULL,NULL,NULL,NULL,NULL,NULL,NULL,NULL,0,'N');
INSERT INTO ADMISSION (ADM_ID,ADM_IN,ADM_TYPE,ADM_WRD_ID_A,ADM_YPROG,ADM_PAT_ID,ADM_DATE_ADM,ADM_ADMT_ID_A_ADM,ADM_FHU,ADM_IN_DIS_ID_A,ADM_OUT_DIS_ID_A,ADM_OPE_ID_A,ADM_DATE_OP,ADM_RESOP,ADM_DATE_DIS,ADM_DIST_ID_A,ADM_NOTE,ADM_TRANS,ADM_PRG_DATE_VIS,ADM_PRG_PTT_ID_A,ADM_PRG_DATE_DEL,ADM_PRG_DLT_ID_A,ADM_PRG_DRT_ID_A,ADM_PRG_WEIGHT,ADM_PRG_DATE_CTRL1,ADM_PRG_DATE_CTRL2,ADM_PRG_DATE_ABORT,ADM_LOCK,ADM_DELETED) VALUES 
 (465,1,'N','I',912,465,'2006-11-08 00:00:00','I',NULL,'49',NULL,NULL,NULL,NULL,NULL,NULL,NULL,0,NULL,NULL,NULL,NULL,NULL,NULL,NULL,NULL,NULL,0,'N'),
 (466,1,'N','C',4815,466,'2006-11-08 00:00:00','I',NULL,'39',NULL,NULL,NULL,NULL,NULL,NULL,NULL,0,NULL,NULL,NULL,NULL,NULL,NULL,NULL,NULL,NULL,0,'N'),
 (467,1,'N','I',913,467,'2006-11-08 00:00:00','I',NULL,'90',NULL,NULL,NULL,NULL,NULL,NULL,NULL,0,NULL,NULL,NULL,NULL,NULL,NULL,NULL,NULL,NULL,0,'N'),
 (468,1,'N','I',914,469,'2006-11-08 00:00:00','I',NULL,'16',NULL,NULL,NULL,NULL,NULL,NULL,NULL,0,NULL,NULL,NULL,NULL,NULL,NULL,NULL,NULL,NULL,0,'N'),
 (469,1,'N','I',915,470,'2006-11-08 00:00:00','I',NULL,'90',NULL,NULL,NULL,NULL,NULL,NULL,NULL,0,NULL,NULL,NULL,NULL,NULL,NULL,NULL,NULL,NULL,0,'N');
INSERT INTO ADMISSION (ADM_ID,ADM_IN,ADM_TYPE,ADM_WRD_ID_A,ADM_YPROG,ADM_PAT_ID,ADM_DATE_ADM,ADM_ADMT_ID_A_ADM,ADM_FHU,ADM_IN_DIS_ID_A,ADM_OUT_DIS_ID_A,ADM_OPE_ID_A,ADM_DATE_OP,ADM_RESOP,ADM_DATE_DIS,ADM_DIST_ID_A,ADM_NOTE,ADM_TRANS,ADM_PRG_DATE_VIS,ADM_PRG_PTT_ID_A,ADM_PRG_DATE_DEL,ADM_PRG_DLT_ID_A,ADM_PRG_DRT_ID_A,ADM_PRG_WEIGHT,ADM_PRG_DATE_CTRL1,ADM_PRG_DATE_CTRL2,ADM_PRG_DATE_ABORT,ADM_LOCK,ADM_DELETED) VALUES 
 (470,1,'N','C',4816,471,'2006-11-08 00:00:00','I',NULL,'39',NULL,NULL,NULL,NULL,NULL,NULL,NULL,0,NULL,NULL,NULL,NULL,NULL,NULL,NULL,NULL,NULL,0,'N'),
 (471,1,'N','C',4817,472,'2006-11-08 00:00:00','I',NULL,'39',NULL,NULL,NULL,NULL,NULL,NULL,NULL,0,NULL,NULL,NULL,NULL,NULL,NULL,NULL,NULL,NULL,0,'N'),
 (472,1,'N','C',4818,473,'2006-11-08 00:00:00','I',NULL,'39',NULL,NULL,NULL,NULL,NULL,NULL,NULL,0,NULL,NULL,NULL,NULL,NULL,NULL,NULL,NULL,NULL,0,'N'),
 (473,1,'N','C',4819,474,'2006-11-08 00:00:00','I',NULL,'39',NULL,NULL,NULL,NULL,NULL,NULL,NULL,0,NULL,NULL,NULL,NULL,NULL,NULL,NULL,NULL,NULL,0,'N'),
 (474,1,'N','C',4820,475,'2006-11-08 00:00:00','I',NULL,'39',NULL,NULL,NULL,NULL,NULL,NULL,NULL,0,NULL,NULL,NULL,NULL,NULL,NULL,NULL,NULL,NULL,0,'N');
INSERT INTO ADMISSION (ADM_ID,ADM_IN,ADM_TYPE,ADM_WRD_ID_A,ADM_YPROG,ADM_PAT_ID,ADM_DATE_ADM,ADM_ADMT_ID_A_ADM,ADM_FHU,ADM_IN_DIS_ID_A,ADM_OUT_DIS_ID_A,ADM_OPE_ID_A,ADM_DATE_OP,ADM_RESOP,ADM_DATE_DIS,ADM_DIST_ID_A,ADM_NOTE,ADM_TRANS,ADM_PRG_DATE_VIS,ADM_PRG_PTT_ID_A,ADM_PRG_DATE_DEL,ADM_PRG_DLT_ID_A,ADM_PRG_DRT_ID_A,ADM_PRG_WEIGHT,ADM_PRG_DATE_CTRL1,ADM_PRG_DATE_CTRL2,ADM_PRG_DATE_ABORT,ADM_LOCK,ADM_DELETED) VALUES 
 (475,1,'N','C',4821,476,'2006-11-08 00:00:00','I',NULL,'39',NULL,NULL,NULL,NULL,NULL,NULL,NULL,0,NULL,NULL,NULL,NULL,NULL,NULL,NULL,NULL,NULL,0,'N'),
 (476,1,'N','C',4822,477,'2006-11-08 00:00:00','I',NULL,'39',NULL,NULL,NULL,NULL,NULL,NULL,NULL,0,NULL,NULL,NULL,NULL,NULL,NULL,NULL,NULL,NULL,0,'N'),
 (477,1,'N','C',4823,479,'2006-11-08 00:00:00','I',NULL,'39',NULL,NULL,NULL,NULL,NULL,NULL,NULL,0,NULL,NULL,NULL,NULL,NULL,NULL,NULL,NULL,NULL,0,'N'),
 (478,1,'N','C',4824,480,'2006-11-08 00:00:00','I',NULL,'39',NULL,NULL,NULL,NULL,NULL,NULL,NULL,0,NULL,NULL,NULL,NULL,NULL,NULL,NULL,NULL,NULL,0,'N'),
 (479,1,'N','C',4825,482,'2006-11-08 00:00:00','I',NULL,'39',NULL,NULL,NULL,NULL,NULL,NULL,NULL,0,NULL,NULL,NULL,NULL,NULL,NULL,NULL,NULL,NULL,0,'N');
INSERT INTO ADMISSION (ADM_ID,ADM_IN,ADM_TYPE,ADM_WRD_ID_A,ADM_YPROG,ADM_PAT_ID,ADM_DATE_ADM,ADM_ADMT_ID_A_ADM,ADM_FHU,ADM_IN_DIS_ID_A,ADM_OUT_DIS_ID_A,ADM_OPE_ID_A,ADM_DATE_OP,ADM_RESOP,ADM_DATE_DIS,ADM_DIST_ID_A,ADM_NOTE,ADM_TRANS,ADM_PRG_DATE_VIS,ADM_PRG_PTT_ID_A,ADM_PRG_DATE_DEL,ADM_PRG_DLT_ID_A,ADM_PRG_DRT_ID_A,ADM_PRG_WEIGHT,ADM_PRG_DATE_CTRL1,ADM_PRG_DATE_CTRL2,ADM_PRG_DATE_ABORT,ADM_LOCK,ADM_DELETED) VALUES 
 (480,0,'N','C',4555,483,'2006-10-22 00:00:00','I',NULL,'39','39',NULL,NULL,NULL,'2006-11-03 00:00:00','EQ',NULL,0,NULL,NULL,NULL,NULL,NULL,NULL,NULL,NULL,NULL,0,'N'),
 (481,0,'N','C',4603,484,'2006-10-25 00:00:00','I',NULL,'30','30',NULL,NULL,NULL,'2006-11-03 00:00:00','EQ',NULL,0,NULL,NULL,NULL,NULL,NULL,NULL,NULL,NULL,NULL,0,'N'),
 (482,0,'N','C',4655,485,'2006-10-28 00:00:00','I',NULL,'39','39',NULL,NULL,NULL,'2006-11-03 00:00:00','EQ',NULL,0,NULL,NULL,NULL,NULL,NULL,NULL,NULL,NULL,NULL,0,'N'),
 (483,0,'N','C',4981,486,'2006-10-30 00:00:00','I',NULL,'39','39',NULL,NULL,NULL,'2006-11-03 00:00:00','EQ',NULL,0,NULL,NULL,NULL,NULL,NULL,NULL,NULL,NULL,NULL,0,'N'),
 (484,0,'N','C',4666,487,'2006-10-29 00:00:00','I',NULL,'39','39',NULL,NULL,NULL,'2006-11-03 00:00:00','EQ',NULL,0,NULL,NULL,NULL,NULL,NULL,NULL,NULL,NULL,NULL,0,'N');
INSERT INTO ADMISSION (ADM_ID,ADM_IN,ADM_TYPE,ADM_WRD_ID_A,ADM_YPROG,ADM_PAT_ID,ADM_DATE_ADM,ADM_ADMT_ID_A_ADM,ADM_FHU,ADM_IN_DIS_ID_A,ADM_OUT_DIS_ID_A,ADM_OPE_ID_A,ADM_DATE_OP,ADM_RESOP,ADM_DATE_DIS,ADM_DIST_ID_A,ADM_NOTE,ADM_TRANS,ADM_PRG_DATE_VIS,ADM_PRG_PTT_ID_A,ADM_PRG_DATE_DEL,ADM_PRG_DLT_ID_A,ADM_PRG_DRT_ID_A,ADM_PRG_WEIGHT,ADM_PRG_DATE_CTRL1,ADM_PRG_DATE_CTRL2,ADM_PRG_DATE_ABORT,ADM_LOCK,ADM_DELETED) VALUES 
 (485,0,'N','C',4581,488,'2006-10-24 00:00:00','I',NULL,'49','49',NULL,NULL,NULL,'2006-11-03 00:00:00','EQ',NULL,0,NULL,NULL,NULL,NULL,NULL,NULL,NULL,NULL,NULL,0,'N'),
 (486,0,'N','C',4875,489,'2006-10-30 00:00:00','I',NULL,'87','87',NULL,NULL,NULL,'2006-11-03 00:00:00','EQ',NULL,0,NULL,NULL,NULL,NULL,NULL,NULL,NULL,NULL,NULL,0,'N'),
 (487,0,'N','C',4665,490,'2006-10-29 00:00:00','I',NULL,'39','39',NULL,NULL,NULL,'2006-11-03 00:00:00','EQ',NULL,0,NULL,NULL,NULL,NULL,NULL,NULL,NULL,NULL,NULL,0,'N'),
 (488,0,'N','C',4642,491,'2006-10-27 00:00:00','I',NULL,'39','39',NULL,NULL,NULL,'2006-11-02 00:00:00','EQ',NULL,0,NULL,NULL,NULL,NULL,NULL,NULL,NULL,NULL,NULL,0,'N'),
 (489,0,'N','C',4653,492,'2006-10-28 00:00:00','I',NULL,'39','39',NULL,NULL,NULL,'2006-11-02 00:00:00','EQ',NULL,0,NULL,NULL,NULL,NULL,NULL,NULL,NULL,NULL,NULL,0,'N');
INSERT INTO ADMISSION (ADM_ID,ADM_IN,ADM_TYPE,ADM_WRD_ID_A,ADM_YPROG,ADM_PAT_ID,ADM_DATE_ADM,ADM_ADMT_ID_A_ADM,ADM_FHU,ADM_IN_DIS_ID_A,ADM_OUT_DIS_ID_A,ADM_OPE_ID_A,ADM_DATE_OP,ADM_RESOP,ADM_DATE_DIS,ADM_DIST_ID_A,ADM_NOTE,ADM_TRANS,ADM_PRG_DATE_VIS,ADM_PRG_PTT_ID_A,ADM_PRG_DATE_DEL,ADM_PRG_DLT_ID_A,ADM_PRG_DRT_ID_A,ADM_PRG_WEIGHT,ADM_PRG_DATE_CTRL1,ADM_PRG_DATE_CTRL2,ADM_PRG_DATE_ABORT,ADM_LOCK,ADM_DELETED) VALUES 
 (490,0,'N','C',4636,493,'2006-01-27 00:00:00','I',NULL,'39','39',NULL,NULL,NULL,'2006-11-02 00:00:00','EQ',NULL,0,NULL,NULL,NULL,NULL,NULL,NULL,NULL,NULL,NULL,0,'N'),
 (491,0,'N','C',4494,494,'2006-10-19 00:00:00','I',NULL,'30','30',NULL,NULL,NULL,'2006-11-02 00:00:00','EQ',NULL,0,NULL,NULL,NULL,NULL,NULL,NULL,NULL,NULL,NULL,1,'N'),
 (492,0,'N','C',4586,495,'2006-10-24 00:00:00','I',NULL,'39','39',NULL,NULL,NULL,'2006-11-02 00:00:00','EQ',NULL,0,NULL,NULL,NULL,NULL,NULL,NULL,NULL,NULL,NULL,0,'N'),
 (493,0,'N','C',4610,496,'2006-10-25 00:00:00','I',NULL,'30','30',NULL,NULL,NULL,'2006-11-02 00:00:00','EQ',NULL,0,NULL,NULL,NULL,NULL,NULL,NULL,NULL,NULL,NULL,0,'N'),
 (494,0,'N','C',4986,497,'2006-10-30 00:00:00','I',NULL,'39','39',NULL,NULL,NULL,'2006-11-02 00:00:00','EQ',NULL,0,NULL,NULL,NULL,NULL,NULL,NULL,NULL,NULL,NULL,0,'N');
INSERT INTO ADMISSION (ADM_ID,ADM_IN,ADM_TYPE,ADM_WRD_ID_A,ADM_YPROG,ADM_PAT_ID,ADM_DATE_ADM,ADM_ADMT_ID_A_ADM,ADM_FHU,ADM_IN_DIS_ID_A,ADM_OUT_DIS_ID_A,ADM_OPE_ID_A,ADM_DATE_OP,ADM_RESOP,ADM_DATE_DIS,ADM_DIST_ID_A,ADM_NOTE,ADM_TRANS,ADM_PRG_DATE_VIS,ADM_PRG_PTT_ID_A,ADM_PRG_DATE_DEL,ADM_PRG_DLT_ID_A,ADM_PRG_DRT_ID_A,ADM_PRG_WEIGHT,ADM_PRG_DATE_CTRL1,ADM_PRG_DATE_CTRL2,ADM_PRG_DATE_ABORT,ADM_LOCK,ADM_DELETED) VALUES 
 (495,0,'N','C',4404,498,'2006-10-15 00:00:00','I',NULL,'40','40',NULL,NULL,NULL,'2006-11-02 00:00:00','EQ',NULL,0,NULL,NULL,NULL,NULL,NULL,NULL,NULL,NULL,NULL,0,'N'),
 (496,0,'N','C',4650,499,'2006-10-28 00:00:00','I',NULL,'39','39',NULL,NULL,NULL,'2006-11-02 00:00:00','EQ',NULL,0,NULL,NULL,NULL,NULL,NULL,NULL,NULL,NULL,NULL,0,'N'),
 (497,0,'N','C',4961,500,'2006-10-29 00:00:00','I',NULL,'39','39',NULL,NULL,NULL,'2006-11-02 00:00:00','EQ',NULL,0,NULL,NULL,NULL,NULL,NULL,NULL,NULL,NULL,NULL,0,'N'),
 (498,0,'N','C',4713,501,'2006-11-01 00:00:00','I',NULL,'39','39',NULL,NULL,NULL,'2006-11-02 00:00:00','D',NULL,0,NULL,NULL,NULL,NULL,NULL,NULL,NULL,NULL,NULL,0,'N'),
 (499,0,'N','C',4731,502,'2006-11-02 00:00:00','I',NULL,'39','39',NULL,NULL,NULL,'2006-11-02 00:00:00','D',NULL,0,NULL,NULL,NULL,NULL,NULL,NULL,NULL,NULL,NULL,0,'N');
INSERT INTO ADMISSION (ADM_ID,ADM_IN,ADM_TYPE,ADM_WRD_ID_A,ADM_YPROG,ADM_PAT_ID,ADM_DATE_ADM,ADM_ADMT_ID_A_ADM,ADM_FHU,ADM_IN_DIS_ID_A,ADM_OUT_DIS_ID_A,ADM_OPE_ID_A,ADM_DATE_OP,ADM_RESOP,ADM_DATE_DIS,ADM_DIST_ID_A,ADM_NOTE,ADM_TRANS,ADM_PRG_DATE_VIS,ADM_PRG_PTT_ID_A,ADM_PRG_DATE_DEL,ADM_PRG_DLT_ID_A,ADM_PRG_DRT_ID_A,ADM_PRG_WEIGHT,ADM_PRG_DATE_CTRL1,ADM_PRG_DATE_CTRL2,ADM_PRG_DATE_ABORT,ADM_LOCK,ADM_DELETED) VALUES 
 (500,0,'N','C',4550,503,'2006-10-22 00:00:00','I',NULL,'39','39',NULL,NULL,NULL,'2006-11-03 00:00:00','EQ',NULL,0,NULL,NULL,NULL,NULL,NULL,NULL,NULL,NULL,NULL,0,'N'),
 (501,0,'N','C',4987,504,'2006-10-02 00:00:00','I',NULL,'81','81',NULL,NULL,NULL,'2006-11-02 00:00:00','EQ',NULL,0,NULL,NULL,NULL,NULL,NULL,NULL,NULL,NULL,NULL,0,'N'),
 (502,0,'N','C',4952,505,'2006-10-28 00:00:00','I',NULL,'39','39',NULL,NULL,NULL,'2006-11-02 00:00:00','EQ',NULL,0,NULL,NULL,NULL,NULL,NULL,NULL,NULL,NULL,NULL,0,'N'),
 (503,0,'N','C',4628,506,'2006-10-25 00:00:00','I',NULL,'39','39',NULL,NULL,NULL,'2006-11-02 00:00:00','EQ',NULL,0,NULL,NULL,NULL,NULL,NULL,NULL,NULL,NULL,NULL,0,'N'),
 (504,0,'N','F',757,507,'2006-10-31 00:00:00','I',NULL,'39','29',NULL,NULL,NULL,'2006-11-01 00:00:00','D',NULL,0,NULL,NULL,NULL,NULL,NULL,NULL,NULL,NULL,NULL,0,'N');
INSERT INTO ADMISSION (ADM_ID,ADM_IN,ADM_TYPE,ADM_WRD_ID_A,ADM_YPROG,ADM_PAT_ID,ADM_DATE_ADM,ADM_ADMT_ID_A_ADM,ADM_FHU,ADM_IN_DIS_ID_A,ADM_OUT_DIS_ID_A,ADM_OPE_ID_A,ADM_DATE_OP,ADM_RESOP,ADM_DATE_DIS,ADM_DIST_ID_A,ADM_NOTE,ADM_TRANS,ADM_PRG_DATE_VIS,ADM_PRG_PTT_ID_A,ADM_PRG_DATE_DEL,ADM_PRG_DLT_ID_A,ADM_PRG_DRT_ID_A,ADM_PRG_WEIGHT,ADM_PRG_DATE_CTRL1,ADM_PRG_DATE_CTRL2,ADM_PRG_DATE_ABORT,ADM_LOCK,ADM_DELETED) VALUES 
 (505,0,'N','F',753,508,'2006-10-27 00:00:00','I',NULL,'12','12',NULL,NULL,NULL,'2006-11-02 00:00:00','EQ',NULL,0,NULL,NULL,NULL,NULL,NULL,NULL,NULL,NULL,NULL,0,'N');
/*!40000 ALTER TABLE ADMISSION ENABLE KEYS */;


--
-- Table structure for table ADMISSIONTYPE
--

DROP TABLE IF EXISTS ADMISSIONTYPE;
CREATE TABLE ADMISSIONTYPE (
  ADMT_ID_A varchar(10) NOT NULL,
  ADMT_DESC varchar(50) NOT NULL,
  PRIMARY KEY  (ADMT_ID_A)
) ENGINE=MyISAM;

--
-- Dumping data for table ADMISSIONTYPE
--

/*!40000 ALTER TABLE ADMISSIONTYPE DISABLE KEYS */;
INSERT INTO ADMISSIONTYPE (ADMT_ID_A,ADMT_DESC) VALUES 
 ('A','AMBULANCE'),
 ('I','SELF'),
 ('R','REFERRAL');
/*!40000 ALTER TABLE ADMISSIONTYPE ENABLE KEYS */;


--
-- Table structure for table DELIVERYRESULTTYPE
--

DROP TABLE IF EXISTS DELIVERYRESULTTYPE;
CREATE TABLE DELIVERYRESULTTYPE (
  DRT_ID_A char(1) NOT NULL,
  DRT_DESC varchar(50) NOT NULL,
  PRIMARY KEY  (DRT_ID_A)
) ENGINE=MyISAM;

--
-- Dumping data for table DELIVERYRESULTTYPE
--

/*!40000 ALTER TABLE DELIVERYRESULTTYPE DISABLE KEYS */;
INSERT INTO DELIVERYRESULTTYPE (DRT_ID_A,DRT_DESC) VALUES 
 ('A','LIVE BIRTH'),
 ('B','MASTERATED STILL BIRTH'),
 ('M','MATERNAL DEATH'),
 ('N','NEWBORN DEATH'),
 ('S','FRESH STILL BIRTH');
/*!40000 ALTER TABLE DELIVERYRESULTTYPE ENABLE KEYS */;


--
-- Table structure for table DELIVERYTYPE
--

DROP TABLE IF EXISTS DELIVERYTYPE;
CREATE TABLE DELIVERYTYPE (
  DLT_ID_A char(1) NOT NULL,
  DLT_DESC varchar(50) NOT NULL,
  PRIMARY KEY  (DLT_ID_A)
) ENGINE=MyISAM;

--
-- Dumping data for table DELIVERYTYPE
--

/*!40000 ALTER TABLE DELIVERYTYPE DISABLE KEYS */;
INSERT INTO DELIVERYTYPE (DLT_ID_A,DLT_DESC) VALUES 
 ('C','DELIVERY ASSISTED BY CESARIAN SECTION'),
 ('N','NORMAL DELIVERY'),
 ('V','DELIVERY ASSISTED BY VACUUM EXTRACTION');
/*!40000 ALTER TABLE DELIVERYTYPE ENABLE KEYS */;


--
-- Table structure for table DISCHARGETYPE
--

DROP TABLE IF EXISTS DISCHARGETYPE;
CREATE TABLE DISCHARGETYPE (
  DIST_ID_A varchar(10) NOT NULL,
  DIST_DESC varchar(50) NOT NULL,
  PRIMARY KEY  (DIST_ID_A)
) ENGINE=MyISAM;

--
-- Dumping data for table DISCHARGETYPE
--

/*!40000 ALTER TABLE DISCHARGETYPE DISABLE KEYS */;
INSERT INTO DISCHARGETYPE (DIST_ID_A,DIST_DESC) VALUES 
 ('B','REFERRED'),
 ('D','DEAD'),
 ('EQ','NORMAL DISCHARGE'),
 ('ES','ESCAPE');
/*!40000 ALTER TABLE DISCHARGETYPE ENABLE KEYS */;


--
-- Table structure for table DISEASE
--

DROP TABLE IF EXISTS DISEASE;
CREATE TABLE DISEASE (
  DIS_ID_A varchar(10) NOT NULL,
  DIS_DESC varchar(100) NOT NULL,
  DIS_DCL_ID_A char(2) NOT NULL,
  DIS_LOCK int(11) NOT NULL default '0',
  DIS_OPD_INCLUDE int(11) default NULL,
  DIS_IPD_INCLUDE int(11) default NULL,
  PRIMARY KEY  (DIS_ID_A)
) ENGINE=MyISAM;

--
-- Dumping data for table DISEASE
--

/*!40000 ALTER TABLE DISEASE DISABLE KEYS */;
INSERT INTO DISEASE (DIS_ID_A,DIS_DESC,DIS_DCL_ID_A,DIS_LOCK,DIS_OPD_INCLUDE,DIS_IPD_INCLUDE) VALUES 
 ('1','Acute Flaccid Paralysis','ND',0,1,1),
 ('10','Viral Haemorragic Fever','ND',0,1,1),
 ('100','Other malignant neoplasm','NC',0,1,1),
 ('101','Curable Ulcers','NC',0,1,1),
 ('102','Cerebro-vascular event','NC',0,1,1),
 ('103','Cardiac arrest','NC',0,1,1),
 ('104','Gastro-intestinal bleeding','NC',0,1,1),
 ('105','Respiratory distress','NC',0,1,1),
 ('106','Acute renal failure','NC',1,0,1),
 ('107','Acute sepsis','NC',1,0,1),
 ('108','Schostosomiasis','NC',0,1,1),
 ('11','Yellow Fever','ND',0,1,1),
 ('110','Pelvic Inflammatory DISEASEs (PID)','OC',0,1,1),
 ('111','Tetanus (over 28 days age)','OC',1,1,1),
 ('112','Obstructed Labour','MP',0,1,1),
 ('113','Other types of meningitis','OC',0,1,1),
 ('114','Schistosomiasis','OC',0,1,1),
 ('115','Sleeping sickness','OC',0,1,1),
 ('116','Malaria in pregnancy','MP',0,1,1),
 ('117','Injuries - (road traffic accident)','NC',0,1,1),
 ('12','Anaemia','NC',0,1,1);
INSERT INTO DISEASE (DIS_ID_A,DIS_DESC,DIS_DCL_ID_A,DIS_LOCK,DIS_OPD_INCLUDE,DIS_IPD_INCLUDE) VALUES 
 ('13','Dental DISEASE and conditions','NC',0,1,1),
 ('14','Diabetes Mellitus','NC',0,1,1),
 ('15','Gastro-intestinal DISEASEss (non infective)','NC',1,1,1),
 ('16','Hypertension','NC',0,1,1),
 ('17','Mental Illness','NC',0,1,1),
 ('18','Epilepsy','NC',0,1,1),
 ('19','Other cardio-vascular DISEASEs','NC',0,1,1),
 ('2','Cholera','ND',0,1,1),
 ('20','Severe malnutrition (marasmus,kwashiorkor,marasmic-kwash)','NC',6,1,0),
 ('22','Trauma-Domestic Violence','NC',0,1,1),
 ('23','Trauma-other intensional','NC',0,1,1),
 ('24','Trauma Road traffic accidents','NC',0,1,1),
 ('25','Trauma Other Non intensional','NC',0,1,1),
 ('26','Other complications of pregnancy','MP',1,0,1),
 ('27','Perinatal conditions','MP',0,1,1),
 ('28','Abortions','MP',0,1,1),
 ('29','AIDS','OC',0,1,1),
 ('3','Diarrhoea-Dysentry','ND',2,1,1),
 ('30','Diarrhoea-Not bloody','OC',0,1,1),
 ('31','Diarrhoea-Persistent','OC',0,1,1),
 ('32','Ear Infection','OC',1,0,1);
INSERT INTO DISEASE (DIS_ID_A,DIS_DESC,DIS_DCL_ID_A,DIS_LOCK,DIS_OPD_INCLUDE,DIS_IPD_INCLUDE) VALUES 
 ('33','Eye Infection','OC',0,1,1),
 ('34','Genital Inf.-Urethral discharge','OC',1,0,1),
 ('35','Genital Inf.-Vaginal discharge','OC',1,0,1),
 ('36','Genital Inf.-Ulcerative','OC',1,0,1),
 ('37','Intestinal Worms','OC',0,1,1),
 ('38','Leprosy','OC',0,1,1),
 ('39','Malaria','OC',0,1,1),
 ('4','Guinea Worm','ND',0,1,1),
 ('40','No pneumonia-cold or cough','OC',0,1,1),
 ('41','Onchocerciasis','OC',0,1,1),
 ('42','Pneumonia','OC',0,1,1),
 ('43','Skin DISEASEs','OC',0,1,1),
 ('44','Tuberculosis','OC',2,1,1),
 ('46','Typhoid Fever','OC',0,1,1),
 ('47','Urinary Tract Infections (UTI)','OC',2,1,1),
 ('48','Others(non specified)','OC',1,0,1),
 ('49','All Other DISEASEs','AO',2,1,1),
 ('5','Measles','ND',0,1,1),
 ('50','Other emerging infectious DISEASE','ND',0,1,1),
 ('56','Death in OPD','OC',0,1,1),
 ('57','ENT Conditions','OC',0,1,1),
 ('58','Eye Conditions','OC',0,1,1),
 ('59','Sexually transmited infections (STI)','OC',1,1,1);
INSERT INTO DISEASE (DIS_ID_A,DIS_DESC,DIS_DCL_ID_A,DIS_LOCK,DIS_OPD_INCLUDE,DIS_IPD_INCLUDE) VALUES 
 ('6','Meningitis','ND',0,1,1),
 ('60','Hepatitis','OC',1,0,1),
 ('61','Osteomyelitis','OC',1,0,1),
 ('62','Peritonitis','OC',1,0,1),
 ('63','Pyrexiaof unknown origin (PUO)','OC',1,0,1),
 ('64','Septicaemia','OC',1,0,1),
 ('65','High blood pressure in pregnancy','MP',0,1,1),
 ('66','Haemorrhage related to pregnancy (APH/PPH)','MP',0,1,1),
 ('67','Sepsis related to pregnancy','MP',1,0,1),
 ('68','Asthma','NC',0,1,1),
 ('69','Oral DISEASEs and condition','NC',0,1,1),
 ('7','Tetanus neonatal (less 28 days age)','ND',3,1,1),
 ('70','Endocrine and metabolic disorders (other)','NC',0,1,1),
 ('71','Anxiety disorders','NC',0,1,1),
 ('72','Mania','NC',0,1,1),
 ('73','Depression','NC',0,1,1),
 ('74','Schizophrenia','NC',0,1,1),
 ('75','Alcohol and drug abuse','NC',0,1,1),
 ('76','Childhood and mentle disorders','NC',0,1,1),
 ('77','Severe malnutrition (kwashiorkor)','NC',2,0,1),
 ('78','Severe malnutrition (marasmus)','NC',3,0,1),
 ('79','Severe malnutrition (marasmic-kwash)','NC',2,0,1);
INSERT INTO DISEASE (DIS_ID_A,DIS_DESC,DIS_DCL_ID_A,DIS_LOCK,DIS_OPD_INCLUDE,DIS_IPD_INCLUDE) VALUES 
 ('8','Plague','ND',0,1,1),
 ('80','Low weight for age','NC',0,1,1),
 ('81','Injuries - (trauma due to other causes)','NC',0,1,1),
 ('82','Animal/snake bite','NC',0,1,1),
 ('83','Poisoning','NC',1,0,1),
 ('84','Liver cirrhosis','NC',0,1,1),
 ('85','Hepatocellular carcinoma','NC',0,1,1),
 ('86','Liver DISEASE s (other)','NC',0,1,1),
 ('87','Hernias','NC',0,1,1),
 ('88','DISEASEs of the appendix','NC',0,1,1),
 ('89','Musculo skeletal and connective tissue DISEASE','NC',0,1,1),
 ('9','Rabies','ND',0,1,1),
 ('90','Genito erinary system DISEASEs ( non infective )','NC',0,1,1),
 ('91','Congenital malformations and chromosome abnormalities','ND',1,0,1),
 ('92','Comlpication and surgical care','NC',0,1,1),
 ('93','Benine neoplasm\"s ( all type )','NC',0,1,1),
 ('94','Cancer of the breast','NC',0,1,1),
 ('95','Cancer of the prostate','ND',1,0,1),
 ('96','Malignant neoplasm of the digestive organs','NC',0,1,1),
 ('97','Malignant of the lungs','NC',0,1,1);
INSERT INTO DISEASE (DIS_ID_A,DIS_DESC,DIS_DCL_ID_A,DIS_LOCK,DIS_OPD_INCLUDE,DIS_IPD_INCLUDE) VALUES 
 ('98','Caposis and other skin cancers','NC',0,1,1),
 ('99','Malignant neoplasm of Haemopoetic tissue','NC',0,1,1);
/*!40000 ALTER TABLE DISEASE ENABLE KEYS */;


--
-- Table structure for table DISEASETYPE
--

DROP TABLE IF EXISTS DISEASETYPE;
CREATE TABLE DISEASETYPE (
  DCL_ID_A char(2) NOT NULL,
  DCL_DESC varchar(50) NOT NULL,
  PRIMARY KEY  (DCL_ID_A)
) ENGINE=MyISAM;

--
-- Dumping data for table DISEASETYPE
--

/*!40000 ALTER TABLE DISEASETYPE DISABLE KEYS */;
INSERT INTO DISEASETYPE (DCL_ID_A,DCL_DESC) VALUES 
 ('AO','5. All Other'),
 ('MP','3.MATERNAL AND PERINATAL DISEASES'),
 ('NC','4.NON-COMMUNICABLE DISEASES'),
 ('ND','1.NOTIFIABLE DISEASES'),
 ('OC','2.OTHER INFECTIOUS/COMMUNICABLE DISEASES');
/*!40000 ALTER TABLE DISEASETYPE ENABLE KEYS */;


--
-- Table structure for table EXAM
--

DROP TABLE IF EXISTS EXAM;
CREATE TABLE EXAM (
  EXA_ID_A varchar(10) NOT NULL,
  EXA_DESC varchar(100) NOT NULL,
  EXA_EXC_ID_A char(2) NOT NULL,
  EXA_PROC int(11) NOT NULL,
  EXA_DEFAULT varchar(50) default NULL,
  EXA_LOCK int(11) NOT NULL default '0',
  PRIMARY KEY  (EXA_ID_A)
) ENGINE=MyISAM;

--
-- Dumping data for table EXAM
--

/*!40000 ALTER TABLE EXAM DISABLE KEYS */;
INSERT INTO EXAM (EXA_ID_A,EXA_DESC,EXA_EXC_ID_A,EXA_PROC,EXA_DEFAULT,EXA_LOCK) VALUES 
 ('01.01','1.1 HB','HB',1,'>=12 (NORMAL)',1),
 ('01.02','1.2 WBC Count','HB',1,'4000 - 7000 (NORMAL)',1),
 ('01.03','1.3 Differential ','HB',1,'',0),
 ('01.04','1.4 Film Comment','HB',1,'',0),
 ('01.05','1.5 ESR','HB',1,'NORMAL',1),
 ('01.06','1.6 Sickling Test','HB',1,'NEGATIVE',1),
 ('02.01','2.1 Grouping','BT',1,'',2),
 ('02.02','2.2 Comb\'s Test','BT',1,'NEGATIVE',3),
 ('03.01','3.1 Blood Slide (Malaria)','PA',1,'NEGATIVE',1),
 ('03.02','3.2 Blood Slide (OTHERS, E.G. TRIUPHANOSOMIAS, MICRIFILARIA, LEISHMANIA, BORRELIA)','PA',1,'NEGATIVE',2),
 ('03.021','3.21 Trypanosomiasis','PA',1,'NEGATIVE',2),
 ('03.022','3.22 MICROFILARIA','PA',1,'NEGATIVE',1),
 ('03.023','3.23 LEISHMANIA','PA',1,'NEGATIVE',1),
 ('03.024','3.24 BORRELIA','PA',1,'NEGATIVE',1),
 ('03.03','3.3 STOOL MICROSCOPY','PA',2,'',2),
 ('03.04','3.4 URINE MICROSCOPY','PA',1,'NEGATIVE',1),
 ('03.05','3.5 TISSUE MICROSCOPY','PA',1,'NEGATIVE',1),
 ('03.06','3.6 CSF WET PREP','PA',1,'NEGATIVE',1);
INSERT INTO EXAM (EXA_ID_A,EXA_DESC,EXA_EXC_ID_A,EXA_PROC,EXA_DEFAULT,EXA_LOCK) VALUES 
 ('04.01','4.1 CULTURE AND SENSITIVITY (C&S) FOR HAEMOPHILUS INFUENZA TYPE B','BA',1,'NEGATIVE',2),
 ('04.02','4.2 C&S FOR SALMONELA TYPHI','BA',1,'NEGATIVE',1),
 ('04.03','4.3 C&S FOR VIBRO CHOLERA','BA',1,'NEGATIVE',1),
 ('04.04','4.4 C&S FOR SHIGELLA DYSENTERIAE','BA',1,'NEGATIVE',1),
 ('04.05','4.5 C&S FOR NEISSERIA MENINGITIDES','BA',1,'NEGATIVE',1),
 ('04.06','4.6 OTHER C&S ','BA',1,'NEGATIVE',1),
 ('05.01','5.1 WET PREP','MC',1,'NEGATIVE',1),
 ('05.02','5.2 GRAM STAIN','MC',1,'NEGATIVE',1),
 ('05.03','5.3 INDIA INK','MC',1,'NEGATIVE',1),
 ('05.04','5.4 LEISMANIA','MC',1,'NEGATIVE',1),
 ('05.05','5.5 ZN','MC',1,'NEGATIVE',1),
 ('05.06','5.6 WAYSON','MC',1,'NEGATIVE',1),
 ('05.07','5.7 PAP SMEAR','MC',1,'NEGATIVE',1),
 ('06.01','6.1 VDRL/RPR','SE',1,'NEGATIVE',1),
 ('06.02','6.2 TPHA','SE',1,'NEGATIVE',1),
 ('06.03','6.3 HIV','SE',1,'NEGATIVE',1),
 ('06.04','6.4 HEPATITIS','SE',1,'NEGATIVE',1),
 ('06.05','6.5 OTHERS E.G BRUCELLA, RHEUMATOID FACTOR, WEIL FELIX','SE',1,'NEGATIVE',1);
INSERT INTO EXAM (EXA_ID_A,EXA_DESC,EXA_EXC_ID_A,EXA_PROC,EXA_DEFAULT,EXA_LOCK) VALUES 
 ('06.06','6.6 PREGANCY TEST','SE',1,'NEGATIVE',1),
 ('07.01','7.1 PROTEIN','CH',1,'NEGATIVE',1),
 ('07.02','7.2 SUGAR','CH',1,'NORMAL',1),
 ('07.03','7.3 LFTS','CH',1,'NORMAL',1),
 ('07.03.1','7.3.1 BILIRUBIN TOTAL','CH',1,'< 1.2 (NORMAL)',3),
 ('07.03.2','7.3.2 BILIRUBIN DIRECT','CH',1,'< 1.2 (NORMAL)',7),
 ('07.03.3','7.3.3 GOT','CH',1,'<= 50 (NORMAL)',2),
 ('07.03.4','7.3.4 ALT/GPT','CH',1,'<= 50 (NORMAL)',1),
 ('07.04','7.4 RFTS','CH',1,'NORMAL',1),
 ('07.04.1','7.4.1 CREATININA','CH',1,'< 1.4 (NORMAL)',1),
 ('07.04.2','7.4.2 UREA','CH',1,'10-55 (NORMAL)',1),
 ('08.01','8.1 OCCULT BLOOD','OC',1,'NEGATIVE',1),
 ('URI','URINALYSIS','OT',2,'',1);
/*!40000 ALTER TABLE EXAM ENABLE KEYS */;


--
-- Table structure for table EXAMROW
--

DROP TABLE IF EXISTS EXAMROW;
CREATE TABLE EXAMROW (
  EXR_ID int(11) NOT NULL auto_increment,
  EXR_EXA_ID_A varchar(10) NOT NULL,
  EXR_DESC varchar(50) NOT NULL,
  PRIMARY KEY  (EXR_ID)
) ENGINE=MyISAM;

--
-- Dumping data for table EXAMROW
--

/*!40000 ALTER TABLE EXAMROW DISABLE KEYS */;
INSERT INTO EXAMROW (EXR_ID,EXR_EXA_ID_A,EXR_DESC) VALUES 
 (14,'05.02','NEGATIVE'),
 (15,'05.02','PNEUMOCOCCI'),
 (16,'05.02','MENINGOCOCCI'),
 (17,'05.02','HEMOPHILLUS INFL.'),
 (18,'05.02','CRYPTOCOCCI'),
 (19,'05.02','PLEAMORPHIC BACILLI'),
 (20,'05.02','STAPHYLOCOCCI'),
 (48,'07.03.1','<1.2 (NORMAL)'),
 (49,'07.03.1','1.2 - 5'),
 (50,'07.03.1','> 5'),
 (51,'07.04.1','< 1.4 (NORMAL)'),
 (52,'07.04.1','1.4 - 2.5'),
 (53,'07.04.1','> 2.5'),
 (56,'07.03.3','<= 50 (NORMAL)'),
 (57,'07.03.3','> 50'),
 (60,'01.02','4000 - 7000 (NORMAL)'),
 (61,'01.02','> 7000 (HIGH)'),
 (62,'01.02','< 4000 (LOW)'),
 (76,'URI','SEDIMENTS'),
 (77,'URI','SUGAR'),
 (78,'URI','UROBILINOGEN'),
 (79,'URI','BILIRUBIN'),
 (80,'URI','PROTEIN'),
 (81,'URI','HCG'),
 (83,'07.04.2','> 10'),
 (84,'07.04.2','10-55 (NORMAL)'),
 (85,'07.04.2','< 55'),
 (87,'01.01','6 - 12'),
 (88,'01.01','< 6'),
 (89,'01.01','>=12 (NORMAL)'),
 (90,'01.05','HIGH'),
 (91,'01.05','NORMAL'),
 (92,'01.05','LOW'),
 (93,'01.06','POSITIVE'),
 (94,'01.06','NEGATIVE');
INSERT INTO EXAMROW (EXR_ID,EXR_EXA_ID_A,EXR_DESC) VALUES 
 (96,'02.01','A RH+'),
 (97,'02.01','A RH-'),
 (98,'02.01','B RH+'),
 (99,'02.01','B RH-'),
 (100,'02.01','AB RH+'),
 (101,'02.01','AB RH-'),
 (102,'02.01','O RH+'),
 (103,'02.01','O RH-'),
 (104,'02.02','NEGATIVE'),
 (105,'02.02','POSITIVE'),
 (106,'03.01','NEGATIVE'),
 (107,'03.01','FEW'),
 (109,'03.01','+'),
 (110,'03.01','++'),
 (111,'03.01','+++'),
 (112,'03.01','++++'),
 (113,'03.02','POSITIVE'),
 (114,'03.02','NEGATIVE'),
 (116,'03.021','NEGATIVE'),
 (117,'03.022','POSITIVE'),
 (118,'03.022','NEGATIVE'),
 (119,'03.023','NEGATIVE'),
 (120,'03.023','POSITIVE'),
 (121,'03.024','NEGATIVE'),
 (122,'03.024','POSITIVE'),
 (125,'03.05','POSITIVE'),
 (126,'03.05','NEGATIVE'),
 (127,'03.06','POSITIVE'),
 (128,'03.06','NEGATIVE'),
 (129,'04.01','POSITIVE'),
 (130,'04.01','NEGATIVE'),
 (131,'04.02','POSITIVE'),
 (132,'04.02','NEGATIVE'),
 (133,'04.03','POSITIVE'),
 (134,'04.03','NEGATIVE'),
 (135,'04.04','POSITIVE'),
 (136,'04.04','NEGATIVE'),
 (137,'04.05','POSITIVE');
INSERT INTO EXAMROW (EXR_ID,EXR_EXA_ID_A,EXR_DESC) VALUES 
 (138,'04.05','NEGATIVE'),
 (139,'05.01','POSITIVE'),
 (140,'05.01','NEGATIVE'),
 (143,'05.03','POSITIVE'),
 (144,'05.03','NEGATIVE'),
 (145,'05.04','POSITIVE'),
 (146,'05.04','NEGATIVE'),
 (148,'05.05','NEGATIVE'),
 (149,'05.06','POSITIVE'),
 (150,'05.06','NEGATIVE'),
 (151,'05.07','POSITIVE '),
 (152,'05.07','NEGATIVE'),
 (153,'06.01','POSITIVE'),
 (154,'06.01','NEGATIVE'),
 (155,'06.02','POSITIVE'),
 (156,'06.02','NEGATIVE'),
 (157,'06.03','POSITIVE'),
 (158,'06.03','NEGATIVE'),
 (159,'06.04','POSITIVE'),
 (160,'06.04','NEGATIVE'),
 (161,'06.05','POSITIVE'),
 (162,'06.05','NEGATIVE'),
 (163,'06.06','POSITIVE'),
 (164,'06.06','NEGATIVE'),
 (165,'07.01','POSITIVE'),
 (166,'07.01','NEGATIVE'),
 (169,'07.03','HIGH'),
 (170,'07.03','LOW'),
 (171,'07.03','NORMAL'),
 (172,'07.04','HIGH'),
 (173,'07.04','LOW'),
 (174,'07.04','NORMAL'),
 (175,'08.01','POSITIVE'),
 (176,'08.01','NEGATIVE'),
 (185,'04.06','NORMAL'),
 (186,'05.05','+'),
 (187,'05.05','++');
INSERT INTO EXAMROW (EXR_ID,EXR_EXA_ID_A,EXR_DESC) VALUES 
 (188,'05.05','+++'),
 (189,'03.03','A..LUMBRICOIDES'),
 (190,'03.03','E.COLI CYSTS'),
 (191,'03.03','E.HISTOLYTICA'),
 (192,'03.03','E.VERMICULARIS'),
 (193,'03.03','G.LAMBLIA'),
 (194,'03.03','T.HOMINIS'),
 (195,'03.03','HOOK WORM'),
 (196,'03.03','S.MANSONI'),
 (197,'03.03','S.STERCORALIS'),
 (198,'03.03','TAENIA SAGINATA'),
 (199,'03.03','TAENIA SOLIUM'),
 (200,'03.03','TRICHURISI TRICHURA'),
 (201,'07.03.2','< 1.2 (NORMAL)'),
 (202,'07.03.2','1.2 - 5'),
 (203,'07.03.2','> 5'),
 (204,'07.03.4','<= 50 (NORMAL)'),
 (205,'07.03.4','> 50'),
 (206,'07.02','HIGH'),
 (207,'07.02','LOW'),
 (208,'07.02','NORMAL'),
 (209,'03.04','POSITIVE'),
 (210,'03.04','NEGATIVE'),
 (211,'03.021','POSITIVE'),
 (212,'03.03','HYMENOLEPIS NANA');
/*!40000 ALTER TABLE EXAMROW ENABLE KEYS */;


--
-- Table structure for table EXAMTYPE
--

DROP TABLE IF EXISTS EXAMTYPE;
CREATE TABLE EXAMTYPE (
  EXC_ID_A char(2) NOT NULL,
  EXC_DESC varchar(50) NOT NULL,
  PRIMARY KEY  (EXC_ID_A)
) ENGINE=MyISAM;

--
-- Dumping data for table EXAMTYPE
--

/*!40000 ALTER TABLE EXAMTYPE DISABLE KEYS */;
INSERT INTO EXAMTYPE (EXC_ID_A,EXC_DESC) VALUES 
 ('BA','4.Bacteriology'),
 ('BT','2.Blood transfusion'),
 ('CH','7. Chemistry'),
 ('HB','1.Haematology'),
 ('MC','5.Microscopy'),
 ('OC','8.Occult Blood'),
 ('OL','OLD EXAMS'),
 ('OT','OTHER'),
 ('PA','3.Parasitology'),
 ('SE','6. Serology'),
 ('SP','STOOLPARASITES'),
 ('UR','URINALYSIS');
/*!40000 ALTER TABLE EXAMTYPE ENABLE KEYS */;


--
-- Table structure for table GROUPMENU
--

DROP TABLE IF EXISTS GROUPMENU;
CREATE TABLE GROUPMENU (
  GM_ID int(11) NOT NULL auto_increment,
  GM_UG_ID_A varchar(50) NOT NULL default '',
  GM_MNI_ID_A varchar(50) NOT NULL default '',
  GM_ACTIVE char(1) NOT NULL default '',
  PRIMARY KEY  (GM_ID)
) ENGINE=MyISAM;

--
-- Dumping data for table GROUPMENU
--

/*!40000 ALTER TABLE GROUPMENU DISABLE KEYS */;
INSERT INTO GROUPMENU (GM_ID,GM_UG_ID_A,GM_MNI_ID_A,GM_ACTIVE) VALUES 
 ( 1,'admin','admtype','Y'),
 ( 2,'admin','disctype','Y'),
 ( 3,'admin','laboratoryresulttype','Y'),
 ( 4,'admin','admission','Y'),
 ( 7,'admin','disease','Y'),
 ( 8,'admin','exams','Y'),
 ( 9,'admin','exit','Y'),
 (10,'admin','file','Y'),
 (11,'admin','generaldata','Y'),
 (12,'admin','groups','Y'),
 (13,'admin','help','Y'),
 (14,'admin','hospital','Y'),
 (15,'admin','labbrowsing','Y'),
 (16,'admin','laboratory','Y'),
 (17,'admin','medicals','Y'),
 (18,'admin','medicalstock','Y'),
 (19,'admin','operation','Y'),
 (21,'admin','pharmacy','Y'),
 (22,'admin','statistics','Y'),
 (26,'admin','opd','Y'),
 (27,'admin','users','Y'),
 (28,'admin','usersusers','Y'),
 (29,'admin','vaccine','Y'),
 (30,'admin','ward','Y'),
 (31,'admin','types','Y'),
 (32,'admin','pretreatmenttype','Y'),
 (33,'admin','diseasetype','Y'),
 (34,'admin','medstockmovtype','Y'),
 (35,'admin','examtype','Y'),
 (36,'admin','operationtype','Y'),
 (37,'admin','deliverytype','Y'),
 (38,'admin','medicalstype','Y'),
 (39,'admin','delresulttype','Y'),
 (40,'admin','printing','Y'),
 (41,'admin','examlist1','Y'),
 (42,'admin','diseaselist','Y');
/*!40000 ALTER TABLE GROUPMENU ENABLE KEYS */;


--
-- Table structure for table HELP
--

DROP TABLE IF EXISTS HELP;
CREATE TABLE HELP (
  HL_ID int(11) NOT NULL auto_increment,
  HL_MASK int(11) NOT NULL,
  HL_FIELD int(11) NOT NULL,
  HL_LANG char(2) default NULL,
  HL_MSG varchar(255) default NULL,
  PRIMARY KEY  (HL_ID)
) ENGINE=MyISAM;

--
-- Dumping data for table HELP
--

/*!40000 ALTER TABLE HELP DISABLE KEYS */;
/*!40000 ALTER TABLE HELP ENABLE KEYS */;


--
-- Table structure for table HOSPITAL
--

DROP TABLE IF EXISTS HOSPITAL;
CREATE TABLE HOSPITAL (
  HOS_ID_A varchar(10) NOT NULL,
  HOS_NAME varchar(255) NOT NULL,
  HOS_ADDR varchar(255) NOT NULL,
  HOS_CITY varchar(255) NOT NULL,
  HOS_TELE varchar(50) default NULL,
  HOS_FAX varchar(50) default NULL,
  HOS_EMAIL varchar(50) default NULL,
  HOS_LOCK int(11) NOT NULL default '0',
  PRIMARY KEY  (HOS_ID_A)
) ENGINE=MyISAM;

--
-- Dumping data for table HOSPITAL
--

/*!40000 ALTER TABLE HOSPITAL DISABLE KEYS */;
INSERT INTO HOSPITAL (HOS_ID_A,HOS_NAME,HOS_ADDR,HOS_CITY,HOS_TELE,HOS_FAX,HOS_EMAIL,HOS_LOCK) VALUES 
 ('STLUKE','St. Luke HOSPITAL - Angal','P.O. BOX 85 - NEBBI','ANGAL','+256 0472621076','+256 0','angal@ucmb.ug.co.',0);
/*!40000 ALTER TABLE HOSPITAL ENABLE KEYS */;


--
-- Table structure for table LABORATORY
--

DROP TABLE IF EXISTS LABORATORY;
CREATE TABLE LABORATORY (
  LAB_ID int(11) NOT NULL auto_increment,
  LAB_EXA_ID_A varchar(10) NOT NULL,
  LAB_DATE datetime NOT NULL,
  LAB_RES varchar(50) NOT NULL,
  LAB_NOTE varchar(255) default NULL,
  LAB_PAT_ID int(11) default NULL,
  LAB_PAT_NAME varchar(100) default NULL,
  LAB_CROSS1 int(11) default NULL,
  LAB_CROSS2 int(11) default NULL,
  LAB_CROSS3 int(11) default NULL,
  LAB_CROSS4 int(11) default NULL,
  LAB_CROSS5 int(11) default NULL,
  LAB_CROSS6 int(11) default NULL,
  LAB_CROSS7 int(11) default NULL,
  LAB_CROSS8 int(11) default NULL,
  LAB_CROSS9 int(11) default NULL,
  LAB_CROSS10 int(11) default NULL,
  LAB_CROSS11 int(11) default NULL,
  LAB_CROSS12 int(11) default NULL,
  LAB_CROSS13 int(11) default NULL,
  LAB_LOCK int(11) NOT NULL default '0',
  LAB_AGE int(11) default NULL,
  LAB_SEX char(1) default NULL,
  LAB_MATERIAL varchar(25) default NULL,
  LAB_EXAM_DATE date default NULL,
  LAB_PAT_INOUT char(1) default NULL,
  PRIMARY KEY  (LAB_ID)
) ENGINE=MyISAM;

--
-- Dumping data for table LABORATORY
--

/*!40000 ALTER TABLE LABORATORY DISABLE KEYS */;
INSERT INTO LABORATORY (LAB_ID,LAB_EXA_ID_A,LAB_DATE,LAB_RES,LAB_NOTE,LAB_PAT_ID,LAB_PAT_NAME,LAB_CROSS1,LAB_CROSS2,LAB_CROSS3,LAB_CROSS4,LAB_CROSS5,LAB_CROSS6,LAB_CROSS7,LAB_CROSS8,LAB_CROSS9,LAB_CROSS10,LAB_CROSS11,LAB_CROSS12,LAB_CROSS13,LAB_LOCK,LAB_AGE,LAB_SEX,LAB_MATERIAL,LAB_EXAM_DATE,LAB_PAT_INOUT) VALUES 
 (14,'URI','2006-11-01 10:51:14','Multiple Results','20g/l',NULL,'kwiocwiny Brenda',NULL,NULL,NULL,NULL,NULL,NULL,NULL,NULL,NULL,NULL,NULL,NULL,NULL,0,NULL,NULL,'Urine','2006-11-02','I'),
 (15,'03.01','2006-11-01 10:56:38','NEGATIVE','',NULL,'Silvia Ayomirwoth',NULL,NULL,NULL,NULL,NULL,NULL,NULL,NULL,NULL,NULL,NULL,NULL,NULL,0,NULL,NULL,'Blood','2006-11-02','I'),
 (16,'01.02','2006-11-01 11:00:20','> 7000 (HIGH)','WBC 23,900  DC N 64, L32, M 4%',NULL,'Baby of Loise',NULL,NULL,NULL,NULL,NULL,NULL,NULL,NULL,NULL,NULL,NULL,NULL,NULL,0,NULL,NULL,'CSF','2006-11-02','I'),
 (17,'URI','2006-11-01 11:06:23','Multiple Results','Leucocytes ++++, Epithelial Cells ++, Pus Cells ++.',NULL,'Levit Cwinya-ai',NULL,NULL,NULL,NULL,NULL,NULL,NULL,NULL,NULL,NULL,NULL,NULL,NULL,0,NULL,NULL,'Urine','2006-11-02','I'),
 (18,'03.01','2006-11-06 14:46:49','FEW','		',NULL,'Dorine c/o kertho',NULL,NULL,NULL,NULL,NULL,NULL,NULL,NULL,NULL,NULL,NULL,NULL,NULL,0,NULL,NULL,'Blood','2006-11-02','I');
INSERT INTO LABORATORY (LAB_ID,LAB_EXA_ID_A,LAB_DATE,LAB_RES,LAB_NOTE,LAB_PAT_ID,LAB_PAT_NAME,LAB_CROSS1,LAB_CROSS2,LAB_CROSS3,LAB_CROSS4,LAB_CROSS5,LAB_CROSS6,LAB_CROSS7,LAB_CROSS8,LAB_CROSS9,LAB_CROSS10,LAB_CROSS11,LAB_CROSS12,LAB_CROSS13,LAB_LOCK,LAB_AGE,LAB_SEX,LAB_MATERIAL,LAB_EXAM_DATE,LAB_PAT_INOUT) VALUES 
 (19,'03.01','2006-11-06 14:48:22','FEW','',NULL,'Mar-parwoth Sunday',NULL,NULL,NULL,NULL,NULL,NULL,NULL,NULL,NULL,NULL,NULL,NULL,NULL,0,NULL,NULL,'Blood','2006-11-02','I'),
 (20,'03.01','2006-11-06 14:49:53','NEGATIVE','',NULL,'Oyirwoth ',NULL,NULL,NULL,NULL,NULL,NULL,NULL,NULL,NULL,NULL,NULL,NULL,NULL,0,NULL,NULL,'Blood','2006-11-02','I'),
 (21,'03.01','2006-11-06 14:51:14','NEGATIVE','',NULL,'Opakrwoth Jerry',NULL,NULL,NULL,NULL,NULL,NULL,NULL,NULL,NULL,NULL,NULL,NULL,NULL,0,NULL,NULL,'Blood','2006-11-02','I'),
 (22,'01.02','2006-11-06 14:55:19','> 7000 (HIGH)',' WBC 16,600Cells DC N 43, L 52& M5 %',NULL,'Ofoirwoth Francis',NULL,NULL,NULL,NULL,NULL,NULL,NULL,NULL,NULL,NULL,NULL,NULL,NULL,0,NULL,NULL,'CSF','2006-11-02','I'),
 (23,'03.01','2006-11-06 14:56:40','NEGATIVE','',NULL,'Ofoirwoth Francis',NULL,NULL,NULL,NULL,NULL,NULL,NULL,NULL,NULL,NULL,NULL,NULL,NULL,0,NULL,NULL,'Blood','2006-11-02','I');
INSERT INTO LABORATORY (LAB_ID,LAB_EXA_ID_A,LAB_DATE,LAB_RES,LAB_NOTE,LAB_PAT_ID,LAB_PAT_NAME,LAB_CROSS1,LAB_CROSS2,LAB_CROSS3,LAB_CROSS4,LAB_CROSS5,LAB_CROSS6,LAB_CROSS7,LAB_CROSS8,LAB_CROSS9,LAB_CROSS10,LAB_CROSS11,LAB_CROSS12,LAB_CROSS13,LAB_LOCK,LAB_AGE,LAB_SEX,LAB_MATERIAL,LAB_EXAM_DATE,LAB_PAT_INOUT) VALUES 
 (24,'03.01','2006-11-06 14:57:45','NEGATIVE','',NULL,'Ayiorwoth Mercy',NULL,NULL,NULL,NULL,NULL,NULL,NULL,NULL,NULL,NULL,NULL,NULL,NULL,0,NULL,NULL,'Blood','2006-11-02','I'),
 (25,'03.01','2006-11-06 14:58:48','+++','',NULL,'Prisca Kwiocwiny',NULL,NULL,NULL,NULL,NULL,NULL,NULL,NULL,NULL,NULL,NULL,NULL,NULL,0,NULL,NULL,'Blood','2006-11-02','I'),
 (26,'03.01','2006-11-06 15:00:11','NEGATIVE','',NULL,'Hudson Pikwo',NULL,NULL,NULL,NULL,NULL,NULL,NULL,NULL,NULL,NULL,NULL,NULL,NULL,0,NULL,NULL,'Blood','2006-11-02','I'),
 (27,'03.01','2006-11-06 15:01:17','+','',NULL,'Muzamil Oyirwoth',NULL,NULL,NULL,NULL,NULL,NULL,NULL,NULL,NULL,NULL,NULL,NULL,NULL,0,NULL,NULL,'Blood','2006-11-02','I'),
 (28,'03.01','2006-11-06 15:02:13','++','',NULL,'Agenorwoth Hebron',NULL,NULL,NULL,NULL,NULL,NULL,NULL,NULL,NULL,NULL,NULL,NULL,NULL,0,NULL,NULL,'Blood','2006-11-02','I');
INSERT INTO LABORATORY (LAB_ID,LAB_EXA_ID_A,LAB_DATE,LAB_RES,LAB_NOTE,LAB_PAT_ID,LAB_PAT_NAME,LAB_CROSS1,LAB_CROSS2,LAB_CROSS3,LAB_CROSS4,LAB_CROSS5,LAB_CROSS6,LAB_CROSS7,LAB_CROSS8,LAB_CROSS9,LAB_CROSS10,LAB_CROSS11,LAB_CROSS12,LAB_CROSS13,LAB_LOCK,LAB_AGE,LAB_SEX,LAB_MATERIAL,LAB_EXAM_DATE,LAB_PAT_INOUT) VALUES 
 (29,'03.01','2006-11-06 15:03:14','+++','',NULL,'Josephine Giramia',NULL,NULL,NULL,NULL,NULL,NULL,NULL,NULL,NULL,NULL,NULL,NULL,NULL,0,NULL,NULL,'Blood','2006-11-02','I'),
 (30,'URI','2006-11-06 15:06:29','Multiple Results','20g/l',NULL,'Cwinya-ai Jonson',NULL,NULL,NULL,NULL,NULL,NULL,NULL,NULL,NULL,NULL,NULL,NULL,NULL,0,NULL,NULL,'Urine','2006-11-02','I'),
 (31,'01.01','2006-11-06 15:08:21','< 6','5.2g/dl',NULL,'JAKISA BRIAN',NULL,NULL,NULL,NULL,NULL,NULL,NULL,NULL,NULL,NULL,NULL,NULL,NULL,0,NULL,NULL,'Blood','2006-11-02','I'),
 (32,'02.01','2006-11-06 15:09:32','O RH+','',NULL,'Jakisa Brian',NULL,NULL,NULL,NULL,NULL,NULL,NULL,NULL,NULL,NULL,NULL,NULL,NULL,0,NULL,NULL,'Blood','2006-11-02','I'),
 (33,'URI','2006-11-06 15:11:40','Multiple Results','0g/l',NULL,'Kacwiny-rwoth Brenda',NULL,NULL,NULL,NULL,NULL,NULL,NULL,NULL,NULL,NULL,NULL,NULL,NULL,0,NULL,NULL,'Urine','2006-11-02','I');
INSERT INTO LABORATORY (LAB_ID,LAB_EXA_ID_A,LAB_DATE,LAB_RES,LAB_NOTE,LAB_PAT_ID,LAB_PAT_NAME,LAB_CROSS1,LAB_CROSS2,LAB_CROSS3,LAB_CROSS4,LAB_CROSS5,LAB_CROSS6,LAB_CROSS7,LAB_CROSS8,LAB_CROSS9,LAB_CROSS10,LAB_CROSS11,LAB_CROSS12,LAB_CROSS13,LAB_LOCK,LAB_AGE,LAB_SEX,LAB_MATERIAL,LAB_EXAM_DATE,LAB_PAT_INOUT) VALUES 
 (34,'01.02','2006-11-06 15:14:52','4000 - 7000 (NORMAL)','WBC 6,600Cells , DC N32, L61, M6, E1%',NULL,'Vincent Okwai',NULL,NULL,NULL,NULL,NULL,NULL,NULL,NULL,NULL,NULL,NULL,NULL,NULL,0,NULL,NULL,'Blood','2006-11-02','I'),
 (35,'03.01','2006-11-06 15:16:16','+','few GPF Seen',NULL,'Vincent Okwai',NULL,NULL,NULL,NULL,NULL,NULL,NULL,NULL,NULL,NULL,NULL,NULL,NULL,0,NULL,NULL,'Blood','2006-11-02','I'),
 (36,'03.01','2006-11-06 15:17:08','++','',NULL,'Kayeny-parwoth',NULL,NULL,NULL,NULL,NULL,NULL,NULL,NULL,NULL,NULL,NULL,NULL,NULL,0,NULL,NULL,'Blood','2006-11-02','I'),
 (37,'03.01','2006-11-06 15:20:37','NEGATIVE','',NULL,'Paula Owonda',NULL,NULL,NULL,NULL,NULL,NULL,NULL,NULL,NULL,NULL,NULL,NULL,NULL,0,NULL,NULL,'Blood','2006-11-02','I'),
 (38,'03.01','2006-11-06 15:22:19','+','',NULL,'Bright Munguromo',NULL,NULL,NULL,NULL,NULL,NULL,NULL,NULL,NULL,NULL,NULL,NULL,NULL,0,NULL,NULL,'Blood','2006-11-02','I');
INSERT INTO LABORATORY (LAB_ID,LAB_EXA_ID_A,LAB_DATE,LAB_RES,LAB_NOTE,LAB_PAT_ID,LAB_PAT_NAME,LAB_CROSS1,LAB_CROSS2,LAB_CROSS3,LAB_CROSS4,LAB_CROSS5,LAB_CROSS6,LAB_CROSS7,LAB_CROSS8,LAB_CROSS9,LAB_CROSS10,LAB_CROSS11,LAB_CROSS12,LAB_CROSS13,LAB_LOCK,LAB_AGE,LAB_SEX,LAB_MATERIAL,LAB_EXAM_DATE,LAB_PAT_INOUT) VALUES 
 (39,'03.01','2006-11-06 15:23:31','FEW','',NULL,'Bright Okwairwoth',NULL,NULL,NULL,NULL,NULL,NULL,NULL,NULL,NULL,NULL,NULL,NULL,NULL,0,NULL,NULL,'Blood','2006-11-02','I'),
 (40,'03.01','2006-11-06 15:25:03','+','',NULL,'Ajolorwoth Ayiorwoth',NULL,NULL,NULL,NULL,NULL,NULL,NULL,NULL,NULL,NULL,NULL,NULL,NULL,0,NULL,NULL,'Blood','2006-11-02','I'),
 (41,'01.01','2006-11-06 15:26:18','6 - 12','7.1g/l',NULL,'Bright Oyiorwoth',NULL,NULL,NULL,NULL,NULL,NULL,NULL,NULL,NULL,NULL,NULL,NULL,NULL,0,NULL,NULL,'Blood','2006-11-02','I'),
 (42,'01.01','2006-11-06 15:28:05','< 6','4.8g/l',NULL,'Ajolorwoth ayiorwoth',NULL,NULL,NULL,NULL,NULL,NULL,NULL,NULL,NULL,NULL,NULL,NULL,NULL,0,NULL,NULL,'Blood','2006-11-02','I'),
 (43,'02.01','2006-11-06 15:28:52','O RH+','',NULL,'Ajolorwoth Ayiorwoth',NULL,NULL,NULL,NULL,NULL,NULL,NULL,NULL,NULL,NULL,NULL,NULL,NULL,0,NULL,NULL,'Blood','2006-11-02','I');
INSERT INTO LABORATORY (LAB_ID,LAB_EXA_ID_A,LAB_DATE,LAB_RES,LAB_NOTE,LAB_PAT_ID,LAB_PAT_NAME,LAB_CROSS1,LAB_CROSS2,LAB_CROSS3,LAB_CROSS4,LAB_CROSS5,LAB_CROSS6,LAB_CROSS7,LAB_CROSS8,LAB_CROSS9,LAB_CROSS10,LAB_CROSS11,LAB_CROSS12,LAB_CROSS13,LAB_LOCK,LAB_AGE,LAB_SEX,LAB_MATERIAL,LAB_EXAM_DATE,LAB_PAT_INOUT) VALUES 
 (44,'03.01','2006-11-06 15:30:49','++','',NULL,'Patricia Yonirwoth',NULL,NULL,NULL,NULL,NULL,NULL,NULL,NULL,NULL,NULL,NULL,NULL,NULL,0,NULL,NULL,'Blood','2006-11-02','I'),
 (45,'03.01','2006-11-06 15:31:45','NEGATIVE','',NULL,'Okello Innocent',NULL,NULL,NULL,NULL,NULL,NULL,NULL,NULL,NULL,NULL,NULL,NULL,NULL,0,NULL,NULL,'Blood','2006-11-02','I'),
 (46,'01.01','2006-11-06 15:33:02','< 6','4.8g/l',NULL,'Afoyorwoh Fortunate',NULL,NULL,NULL,NULL,NULL,NULL,NULL,NULL,NULL,NULL,NULL,NULL,NULL,0,NULL,NULL,'Blood','2006-11-02','I'),
 (47,'03.01','2006-11-06 15:34:07','+','',NULL,'Afoyorwoth Fortunate',NULL,NULL,NULL,NULL,NULL,NULL,NULL,NULL,NULL,NULL,NULL,NULL,NULL,0,NULL,NULL,'Blood','2006-11-02','I'),
 (48,'02.01','2006-11-06 15:35:09','A RH+','',NULL,'Afoyorwoth Fortunate',NULL,NULL,NULL,NULL,NULL,NULL,NULL,NULL,NULL,NULL,NULL,NULL,NULL,0,NULL,NULL,'Blood','2006-11-02','I');
INSERT INTO LABORATORY (LAB_ID,LAB_EXA_ID_A,LAB_DATE,LAB_RES,LAB_NOTE,LAB_PAT_ID,LAB_PAT_NAME,LAB_CROSS1,LAB_CROSS2,LAB_CROSS3,LAB_CROSS4,LAB_CROSS5,LAB_CROSS6,LAB_CROSS7,LAB_CROSS8,LAB_CROSS9,LAB_CROSS10,LAB_CROSS11,LAB_CROSS12,LAB_CROSS13,LAB_LOCK,LAB_AGE,LAB_SEX,LAB_MATERIAL,LAB_EXAM_DATE,LAB_PAT_INOUT) VALUES 
 (49,'03.01','2006-11-06 15:35:52','NEGATIVE','',NULL,'Ochaki Luiji',NULL,NULL,NULL,NULL,NULL,NULL,NULL,NULL,NULL,NULL,NULL,NULL,NULL,0,NULL,NULL,'Blood','2006-11-02','I'),
 (50,'URI','2006-11-06 15:39:00','Multiple Results','20g/l',NULL,'Cwinya-ai Jonh',NULL,NULL,NULL,NULL,NULL,NULL,NULL,NULL,NULL,NULL,NULL,NULL,NULL,0,NULL,NULL,'Urine','2006-11-02','I'),
 (51,'01.01','2006-11-06 15:40:12','< 6','5.8g/l',NULL,'Otimkisa',NULL,NULL,NULL,NULL,NULL,NULL,NULL,NULL,NULL,NULL,NULL,NULL,NULL,0,NULL,NULL,'Blood','2006-11-02','I'),
 (52,'03.01','2006-11-06 15:40:44','NEGATIVE','',NULL,'Otimkisa',NULL,NULL,NULL,NULL,NULL,NULL,NULL,NULL,NULL,NULL,NULL,NULL,NULL,0,NULL,NULL,'Blood','2006-11-02','I'),
 (53,'URI','2006-11-06 15:41:57','Multiple Results','0g/l',NULL,'Kwiocwiny Brenda',NULL,NULL,NULL,NULL,NULL,NULL,NULL,NULL,NULL,NULL,NULL,NULL,NULL,0,NULL,NULL,'Urine','2006-11-02','I');
INSERT INTO LABORATORY (LAB_ID,LAB_EXA_ID_A,LAB_DATE,LAB_RES,LAB_NOTE,LAB_PAT_ID,LAB_PAT_NAME,LAB_CROSS1,LAB_CROSS2,LAB_CROSS3,LAB_CROSS4,LAB_CROSS5,LAB_CROSS6,LAB_CROSS7,LAB_CROSS8,LAB_CROSS9,LAB_CROSS10,LAB_CROSS11,LAB_CROSS12,LAB_CROSS13,LAB_LOCK,LAB_AGE,LAB_SEX,LAB_MATERIAL,LAB_EXAM_DATE,LAB_PAT_INOUT) VALUES 
 (54,'03.01','2006-11-06 15:43:07','NEGATIVE','',NULL,'Wapakrwoth Trintity',NULL,NULL,NULL,NULL,NULL,NULL,NULL,NULL,NULL,NULL,NULL,NULL,NULL,0,NULL,NULL,'Blood','2006-11-02','I'),
 (55,'03.01','2006-11-06 15:44:03','NEGATIVE','',NULL,'Akumu Chanthal',NULL,NULL,NULL,NULL,NULL,NULL,NULL,NULL,NULL,NULL,NULL,NULL,NULL,0,NULL,NULL,'Blood','2006-11-02','I'),
 (56,'URI','2006-11-06 15:45:10','Multiple Results','20g/l',NULL,'Kwiocwiny Brenda',NULL,NULL,NULL,NULL,NULL,NULL,NULL,NULL,NULL,NULL,NULL,NULL,NULL,0,NULL,NULL,'Urine','2006-11-02','I'),
 (57,'03.01','2006-11-06 15:46:38','NEGATIVE','',NULL,'BR.Journey',NULL,NULL,NULL,NULL,NULL,NULL,NULL,NULL,NULL,NULL,NULL,NULL,NULL,0,NULL,NULL,'Blood','2006-11-02','I'),
 (58,'01.02','2006-11-06 15:49:21','4000 - 7000 (NORMAL)','WBC 6,700Cells , DC N63, L33, M3, E1%',NULL,'Kaila',NULL,NULL,NULL,NULL,NULL,NULL,NULL,NULL,NULL,NULL,NULL,NULL,NULL,0,NULL,NULL,'Blood','2006-11-02','I');
INSERT INTO LABORATORY (LAB_ID,LAB_EXA_ID_A,LAB_DATE,LAB_RES,LAB_NOTE,LAB_PAT_ID,LAB_PAT_NAME,LAB_CROSS1,LAB_CROSS2,LAB_CROSS3,LAB_CROSS4,LAB_CROSS5,LAB_CROSS6,LAB_CROSS7,LAB_CROSS8,LAB_CROSS9,LAB_CROSS10,LAB_CROSS11,LAB_CROSS12,LAB_CROSS13,LAB_LOCK,LAB_AGE,LAB_SEX,LAB_MATERIAL,LAB_EXAM_DATE,LAB_PAT_INOUT) VALUES 
 (59,'03.01','2006-11-06 15:50:17','FEW','',NULL,'Kaila',NULL,NULL,NULL,NULL,NULL,NULL,NULL,NULL,NULL,NULL,NULL,NULL,NULL,0,NULL,NULL,'Blood','2006-11-02','I'),
 (60,'01.01','2006-11-06 15:51:16','< 6','5.5g/l',NULL,'muzamil Oyiorwoth',NULL,NULL,NULL,NULL,NULL,NULL,NULL,NULL,NULL,NULL,NULL,NULL,NULL,0,NULL,NULL,'Blood','2006-11-02','I'),
 (61,'01.02','2006-11-06 15:53:37','> 7000 (HIGH)','WBC 9,500Cells DC N87, L11&M2%',NULL,'Muzamil Oyiorwoth',NULL,NULL,NULL,NULL,NULL,NULL,NULL,NULL,NULL,NULL,NULL,NULL,NULL,0,NULL,NULL,'CSF','2006-11-02','I'),
 (63,'01.06','2006-11-06 15:55:41','NEGATIVE','',NULL,'Muzamil Oyiorwoth',NULL,NULL,NULL,NULL,NULL,NULL,NULL,NULL,NULL,NULL,NULL,NULL,NULL,0,NULL,NULL,'Blood','2006-11-02','I'),
 (64,'03.01','2006-11-06 15:56:43','NEGATIVE','',NULL,'Derick Mungutimo ',NULL,NULL,NULL,NULL,NULL,NULL,NULL,NULL,NULL,NULL,NULL,NULL,NULL,0,NULL,NULL,'Blood','2006-11-02','I');
INSERT INTO LABORATORY (LAB_ID,LAB_EXA_ID_A,LAB_DATE,LAB_RES,LAB_NOTE,LAB_PAT_ID,LAB_PAT_NAME,LAB_CROSS1,LAB_CROSS2,LAB_CROSS3,LAB_CROSS4,LAB_CROSS5,LAB_CROSS6,LAB_CROSS7,LAB_CROSS8,LAB_CROSS9,LAB_CROSS10,LAB_CROSS11,LAB_CROSS12,LAB_CROSS13,LAB_LOCK,LAB_AGE,LAB_SEX,LAB_MATERIAL,LAB_EXAM_DATE,LAB_PAT_INOUT) VALUES 
 (65,'03.01','2006-11-06 15:58:32','NEGATIVE','',NULL,'OPakwroth Vincent',NULL,NULL,NULL,NULL,NULL,NULL,NULL,NULL,NULL,NULL,NULL,NULL,NULL,0,NULL,NULL,'Blood','2006-11-02','I'),
 (66,'03.01','2006-11-06 15:59:41','FEW','',NULL,'Edmond Oyungrwoth',NULL,NULL,NULL,NULL,NULL,NULL,NULL,NULL,NULL,NULL,NULL,NULL,NULL,0,NULL,NULL,'Blood','2006-11-02','I'),
 (67,'03.01','2006-11-06 16:00:47','NEGATIVE','',NULL,'Eyotara Florence',NULL,NULL,NULL,NULL,NULL,NULL,NULL,NULL,NULL,NULL,NULL,NULL,NULL,0,NULL,NULL,'Blood','2006-11-02','I'),
 (68,'URI','2006-11-06 16:03:43','Multiple Results','Amorphous phosphate+,few luecos & epithelial cells',NULL,'Valente Batu',NULL,NULL,NULL,NULL,NULL,NULL,NULL,NULL,NULL,NULL,NULL,NULL,NULL,0,NULL,NULL,'Urine','2006-11-02','I'),
 (69,'03.01','2006-11-06 16:05:02','NEGATIVE','',NULL,'Cwinya-ai Mutwalit',NULL,NULL,NULL,NULL,NULL,NULL,NULL,NULL,NULL,NULL,NULL,NULL,NULL,0,NULL,NULL,'Blood','2006-11-02','I');
INSERT INTO LABORATORY (LAB_ID,LAB_EXA_ID_A,LAB_DATE,LAB_RES,LAB_NOTE,LAB_PAT_ID,LAB_PAT_NAME,LAB_CROSS1,LAB_CROSS2,LAB_CROSS3,LAB_CROSS4,LAB_CROSS5,LAB_CROSS6,LAB_CROSS7,LAB_CROSS8,LAB_CROSS9,LAB_CROSS10,LAB_CROSS11,LAB_CROSS12,LAB_CROSS13,LAB_LOCK,LAB_AGE,LAB_SEX,LAB_MATERIAL,LAB_EXAM_DATE,LAB_PAT_INOUT) VALUES 
 (70,'01.01','2006-11-06 16:06:00','6 - 12','7.2g/l',NULL,'Mungugeo Van',NULL,NULL,NULL,NULL,NULL,NULL,NULL,NULL,NULL,NULL,NULL,NULL,NULL,0,NULL,NULL,'Blood','2006-11-02','I'),
 (71,'01.02','2006-11-06 16:08:14','> 7000 (HIGH)','WBC 44,300cells',NULL,'Mungungeo Van',NULL,NULL,NULL,NULL,NULL,NULL,NULL,NULL,NULL,NULL,NULL,NULL,NULL,0,NULL,NULL,'Blood','2006-11-02','I'),
 (72,'01.01','2006-11-06 16:09:51','< 6','4.5g/l																													',NULL,'Samuel Rwothomio',NULL,NULL,NULL,NULL,NULL,NULL,NULL,NULL,NULL,NULL,NULL,NULL,NULL,0,NULL,NULL,'Blood','2006-11-02','I'),
 (73,'01.01','2006-11-06 16:11:15','6 - 12','8.8g/l',NULL,'Parmu Elias',NULL,NULL,NULL,NULL,NULL,NULL,NULL,NULL,NULL,NULL,NULL,NULL,NULL,0,NULL,NULL,'Blood','2006-11-02','I'),
 (74,'01.02','2006-11-06 16:13:09','> 7000 (HIGH)','WBC 10,700Cells DC N88, L12%',NULL,'Ochaki Luwiji',NULL,NULL,NULL,NULL,NULL,NULL,NULL,NULL,NULL,NULL,NULL,NULL,NULL,0,NULL,NULL,'Blood','2006-11-02','I');
INSERT INTO LABORATORY (LAB_ID,LAB_EXA_ID_A,LAB_DATE,LAB_RES,LAB_NOTE,LAB_PAT_ID,LAB_PAT_NAME,LAB_CROSS1,LAB_CROSS2,LAB_CROSS3,LAB_CROSS4,LAB_CROSS5,LAB_CROSS6,LAB_CROSS7,LAB_CROSS8,LAB_CROSS9,LAB_CROSS10,LAB_CROSS11,LAB_CROSS12,LAB_CROSS13,LAB_LOCK,LAB_AGE,LAB_SEX,LAB_MATERIAL,LAB_EXAM_DATE,LAB_PAT_INOUT) VALUES 
 (75,'URI','2006-11-06 16:14:43','Multiple Results','few epithelial cells,leucos+',NULL,'Ochaki Luwiji',NULL,NULL,NULL,NULL,NULL,NULL,NULL,NULL,NULL,NULL,NULL,NULL,NULL,0,NULL,NULL,'Urine','2006-11-02','I'),
 (76,'URI','2006-11-06 16:16:29','Multiple Results','20g/l',NULL,'Alirach Justine',NULL,NULL,NULL,NULL,NULL,NULL,NULL,NULL,NULL,NULL,NULL,NULL,NULL,0,NULL,NULL,'Urine','2006-11-02','I'),
 (77,'01.02','2006-11-06 16:18:37','','15,600cells',NULL,'Confort Kayenyparwoth',NULL,NULL,NULL,NULL,NULL,NULL,NULL,NULL,NULL,NULL,NULL,NULL,NULL,0,NULL,NULL,'Blood','2006-11-02','I'),
 (78,'03.01','2006-11-06 16:19:52','NEGATIVE','',NULL,'Confort Kayeny pawroth',NULL,NULL,NULL,NULL,NULL,NULL,NULL,NULL,NULL,NULL,NULL,NULL,NULL,0,NULL,NULL,'Blood','2006-11-02','I'),
 (79,'01.02','2006-11-06 16:21:02','> 7000 (HIGH)','WBC 10,400Cells',NULL,'Pimer',NULL,NULL,NULL,NULL,NULL,NULL,NULL,NULL,NULL,NULL,NULL,NULL,NULL,0,NULL,NULL,'Blood','2006-11-02','I');
INSERT INTO LABORATORY (LAB_ID,LAB_EXA_ID_A,LAB_DATE,LAB_RES,LAB_NOTE,LAB_PAT_ID,LAB_PAT_NAME,LAB_CROSS1,LAB_CROSS2,LAB_CROSS3,LAB_CROSS4,LAB_CROSS5,LAB_CROSS6,LAB_CROSS7,LAB_CROSS8,LAB_CROSS9,LAB_CROSS10,LAB_CROSS11,LAB_CROSS12,LAB_CROSS13,LAB_LOCK,LAB_AGE,LAB_SEX,LAB_MATERIAL,LAB_EXAM_DATE,LAB_PAT_INOUT) VALUES 
 (80,'07.02','2006-11-06 16:22:45','HIGH','>500mg/dl',NULL,'Justine',NULL,NULL,NULL,NULL,NULL,NULL,NULL,NULL,NULL,NULL,NULL,NULL,NULL,0,NULL,NULL,NULL,'2006-11-02','I'),
 (81,'URI','2006-11-06 16:24:04','Multiple Results','0g/l',NULL,'Ongala Eptien',NULL,NULL,NULL,NULL,NULL,NULL,NULL,NULL,NULL,NULL,NULL,NULL,NULL,0,NULL,NULL,'Urine','2006-11-02','I'),
 (82,'01.01','2006-11-06 16:25:18','6 - 12','9.6g/dl',NULL,'Anirwoth Docus',NULL,NULL,NULL,NULL,NULL,NULL,NULL,NULL,NULL,NULL,NULL,NULL,NULL,0,NULL,NULL,'Blood','2006-11-02','I'),
 (83,'03.01','2006-11-06 16:26:28','++','',NULL,'Anirwoth Docus',NULL,NULL,NULL,NULL,NULL,NULL,NULL,NULL,NULL,NULL,NULL,NULL,NULL,0,NULL,NULL,'Blood','2006-11-02','I'),
 (84,'07.02','2006-11-06 16:29:09','NORMAL','112mg/l',NULL,'Ongala Eptien',NULL,NULL,NULL,NULL,NULL,NULL,NULL,NULL,NULL,NULL,NULL,NULL,NULL,0,NULL,NULL,NULL,'2006-11-02','I');
INSERT INTO LABORATORY (LAB_ID,LAB_EXA_ID_A,LAB_DATE,LAB_RES,LAB_NOTE,LAB_PAT_ID,LAB_PAT_NAME,LAB_CROSS1,LAB_CROSS2,LAB_CROSS3,LAB_CROSS4,LAB_CROSS5,LAB_CROSS6,LAB_CROSS7,LAB_CROSS8,LAB_CROSS9,LAB_CROSS10,LAB_CROSS11,LAB_CROSS12,LAB_CROSS13,LAB_LOCK,LAB_AGE,LAB_SEX,LAB_MATERIAL,LAB_EXAM_DATE,LAB_PAT_INOUT) VALUES 
 (85,'03.01','2006-11-06 16:30:44','NEGATIVE','',NULL,'Makmilan Maditrwoth',NULL,NULL,NULL,NULL,NULL,NULL,NULL,NULL,NULL,NULL,NULL,NULL,NULL,0,NULL,NULL,'Blood','2006-11-02','I'),
 (86,'03.01','2006-11-06 16:32:25','+++','',NULL,'Hellen Nyamungu',NULL,NULL,NULL,NULL,NULL,NULL,NULL,NULL,NULL,NULL,NULL,NULL,NULL,0,NULL,NULL,'Blood','2006-11-02','I'),
 (87,'03.03','2006-11-06 16:34:13','Multiple Results','few',NULL,'kumakech Edmond',NULL,NULL,NULL,NULL,NULL,NULL,NULL,NULL,NULL,NULL,NULL,NULL,NULL,0,NULL,NULL,'Stool','2006-11-02','I'),
 (88,'03.03','2006-11-06 16:35:29','Multiple Results','',NULL,'Angeyo Charles',NULL,NULL,NULL,NULL,NULL,NULL,NULL,NULL,NULL,NULL,NULL,NULL,NULL,0,NULL,NULL,'Stool','2006-11-02','I'),
 (89,'03.03','2006-11-06 16:36:51','Multiple Results','',NULL,'Angom Justine',NULL,NULL,NULL,NULL,NULL,NULL,NULL,NULL,NULL,NULL,NULL,NULL,NULL,0,NULL,NULL,'Stool','2006-11-02','I');
INSERT INTO LABORATORY (LAB_ID,LAB_EXA_ID_A,LAB_DATE,LAB_RES,LAB_NOTE,LAB_PAT_ID,LAB_PAT_NAME,LAB_CROSS1,LAB_CROSS2,LAB_CROSS3,LAB_CROSS4,LAB_CROSS5,LAB_CROSS6,LAB_CROSS7,LAB_CROSS8,LAB_CROSS9,LAB_CROSS10,LAB_CROSS11,LAB_CROSS12,LAB_CROSS13,LAB_LOCK,LAB_AGE,LAB_SEX,LAB_MATERIAL,LAB_EXAM_DATE,LAB_PAT_INOUT) VALUES 
 (90,'01.02','2006-11-06 16:38:39','4000 - 7000 (NORMAL)','DC N42, L56, M2,L2%',NULL,'',NULL,NULL,NULL,NULL,NULL,NULL,NULL,NULL,NULL,NULL,NULL,NULL,NULL,0,NULL,NULL,'Blood','2006-11-02','I'),
 (91,'01.04','2006-11-06 16:42:53','','Erythroblast51, SS Cells++',NULL,'Anirwoth Esther',NULL,NULL,NULL,NULL,NULL,NULL,NULL,NULL,NULL,NULL,NULL,NULL,NULL,0,NULL,NULL,'Blood','2006-11-02','I'),
 (92,'03.01','2006-11-06 16:43:42','NEGATIVE','',NULL,'Anirwoth Esther',NULL,NULL,NULL,NULL,NULL,NULL,NULL,NULL,NULL,NULL,NULL,NULL,NULL,0,NULL,NULL,'Blood','2006-11-02','I'),
 (94,'01.01','2006-11-06 16:49:48','< 6','5.4g/l',NULL,'Saverio Lillian',NULL,NULL,NULL,NULL,NULL,NULL,NULL,NULL,NULL,NULL,NULL,NULL,NULL,0,NULL,NULL,'Blood','2006-11-02','I'),
 (95,'01.02','2006-11-06 16:52:56','> 7000 (HIGH)','WBC 10,500Cells ,DC N63, N30, M5, E2%',NULL,'Abineno Harriet',NULL,NULL,NULL,NULL,NULL,NULL,NULL,NULL,NULL,NULL,NULL,NULL,NULL,0,NULL,NULL,'Blood','2006-11-02','I');
INSERT INTO LABORATORY (LAB_ID,LAB_EXA_ID_A,LAB_DATE,LAB_RES,LAB_NOTE,LAB_PAT_ID,LAB_PAT_NAME,LAB_CROSS1,LAB_CROSS2,LAB_CROSS3,LAB_CROSS4,LAB_CROSS5,LAB_CROSS6,LAB_CROSS7,LAB_CROSS8,LAB_CROSS9,LAB_CROSS10,LAB_CROSS11,LAB_CROSS12,LAB_CROSS13,LAB_LOCK,LAB_AGE,LAB_SEX,LAB_MATERIAL,LAB_EXAM_DATE,LAB_PAT_INOUT) VALUES 
 (96,'03.01','2006-11-06 16:53:48','+','',NULL,'Abineno Harriet',NULL,NULL,NULL,NULL,NULL,NULL,NULL,NULL,NULL,NULL,NULL,NULL,NULL,0,NULL,NULL,'Blood','2006-11-02','I'),
 (97,'03.01','2006-11-06 16:54:47','++','',NULL,'Acen Paula',NULL,NULL,NULL,NULL,NULL,NULL,NULL,NULL,NULL,NULL,NULL,NULL,NULL,0,NULL,NULL,'Blood','2006-11-02','I'),
 (98,'03.01','2006-11-06 16:56:33','FEW','',NULL,'Ayika Pastore',NULL,NULL,NULL,NULL,NULL,NULL,NULL,NULL,NULL,NULL,NULL,NULL,NULL,0,NULL,NULL,'Blood','2006-11-02','I'),
 (99,'03.03','2006-11-07 14:39:18','NEGATIVE','NPS',NULL,'Ongom Selestino',NULL,NULL,NULL,NULL,NULL,NULL,NULL,NULL,NULL,NULL,NULL,NULL,NULL,0,NULL,NULL,'Stool','2006-11-02','I'),
 (100,'03.01','2006-11-07 14:40:19','NEGATIVE','',NULL,'kwiocwiny Trinity',NULL,NULL,NULL,NULL,NULL,NULL,NULL,NULL,NULL,NULL,NULL,NULL,NULL,0,NULL,NULL,'Blood','2006-11-02','I');
INSERT INTO LABORATORY (LAB_ID,LAB_EXA_ID_A,LAB_DATE,LAB_RES,LAB_NOTE,LAB_PAT_ID,LAB_PAT_NAME,LAB_CROSS1,LAB_CROSS2,LAB_CROSS3,LAB_CROSS4,LAB_CROSS5,LAB_CROSS6,LAB_CROSS7,LAB_CROSS8,LAB_CROSS9,LAB_CROSS10,LAB_CROSS11,LAB_CROSS12,LAB_CROSS13,LAB_LOCK,LAB_AGE,LAB_SEX,LAB_MATERIAL,LAB_EXAM_DATE,LAB_PAT_INOUT) VALUES 
 (101,'03.01','2006-11-07 14:41:10','NEGATIVE','',NULL,'Desmond Owach-giu',NULL,NULL,NULL,NULL,NULL,NULL,NULL,NULL,NULL,NULL,NULL,NULL,NULL,0,NULL,NULL,'Blood','2006-11-02','I'),
 (102,'03.01','2006-11-07 14:42:04','NEGATIVE','',NULL,'Masago-rwoth Trinity',NULL,NULL,NULL,NULL,NULL,NULL,NULL,NULL,NULL,NULL,NULL,NULL,NULL,0,NULL,NULL,'Blood','2006-11-02','I'),
 (103,'03.01','2006-11-07 14:43:02','NEGATIVE','',NULL,'Giramia Fosca',NULL,NULL,NULL,NULL,NULL,NULL,NULL,NULL,NULL,NULL,NULL,NULL,NULL,0,NULL,NULL,'Blood','2006-11-02','I'),
 (104,'01.02','2006-11-07 14:44:49','> 7000 (HIGH)','WBC 8500cells DC N43, L50, M7%',NULL,'Giramia fosca',NULL,NULL,NULL,NULL,NULL,NULL,NULL,NULL,NULL,NULL,NULL,NULL,NULL,0,NULL,NULL,'Blood','2006-11-02','I'),
 (105,'01.04','2006-11-07 15:01:01','','Erytroblasts 6',NULL,'Fosca Giramia',NULL,NULL,NULL,NULL,NULL,NULL,NULL,NULL,NULL,NULL,NULL,NULL,NULL,0,NULL,NULL,'Blood','2006-11-02','I');
INSERT INTO LABORATORY (LAB_ID,LAB_EXA_ID_A,LAB_DATE,LAB_RES,LAB_NOTE,LAB_PAT_ID,LAB_PAT_NAME,LAB_CROSS1,LAB_CROSS2,LAB_CROSS3,LAB_CROSS4,LAB_CROSS5,LAB_CROSS6,LAB_CROSS7,LAB_CROSS8,LAB_CROSS9,LAB_CROSS10,LAB_CROSS11,LAB_CROSS12,LAB_CROSS13,LAB_LOCK,LAB_AGE,LAB_SEX,LAB_MATERIAL,LAB_EXAM_DATE,LAB_PAT_INOUT) VALUES 
 (106,'03.01','2006-11-07 15:01:50','NEGATIVE','',NULL,'Mungudit Simon',NULL,NULL,NULL,NULL,NULL,NULL,NULL,NULL,NULL,NULL,NULL,NULL,NULL,0,NULL,NULL,'Blood','2006-11-02','I'),
 (107,'03.01','2006-11-07 15:02:46','+++','',NULL,'Mungudit Justine',NULL,NULL,NULL,NULL,NULL,NULL,NULL,NULL,NULL,NULL,NULL,NULL,NULL,0,NULL,NULL,'Blood','2006-11-02','I'),
 (108,'03.01','2006-11-07 15:03:31','++++','',NULL,'Rwothomio Victor',NULL,NULL,NULL,NULL,NULL,NULL,NULL,NULL,NULL,NULL,NULL,NULL,NULL,0,NULL,NULL,'Blood','2006-11-02','I'),
 (109,'03.01','2006-11-07 15:04:49','NEGATIVE','',NULL,'Friiman Opakrwoth',NULL,NULL,NULL,NULL,NULL,NULL,NULL,NULL,NULL,NULL,NULL,NULL,NULL,0,NULL,NULL,'Blood','2006-11-02','I'),
 (110,'03.01','2006-11-07 15:05:32','NEGATIVE','',NULL,'Rwothomio Pactrick',NULL,NULL,NULL,NULL,NULL,NULL,NULL,NULL,NULL,NULL,NULL,NULL,NULL,0,NULL,NULL,'Blood','2006-11-02','I');
INSERT INTO LABORATORY (LAB_ID,LAB_EXA_ID_A,LAB_DATE,LAB_RES,LAB_NOTE,LAB_PAT_ID,LAB_PAT_NAME,LAB_CROSS1,LAB_CROSS2,LAB_CROSS3,LAB_CROSS4,LAB_CROSS5,LAB_CROSS6,LAB_CROSS7,LAB_CROSS8,LAB_CROSS9,LAB_CROSS10,LAB_CROSS11,LAB_CROSS12,LAB_CROSS13,LAB_LOCK,LAB_AGE,LAB_SEX,LAB_MATERIAL,LAB_EXAM_DATE,LAB_PAT_INOUT) VALUES 
 (111,'03.01','2006-11-07 15:06:30','++','',NULL,'Yikparwoth Oscar',NULL,NULL,NULL,NULL,NULL,NULL,NULL,NULL,NULL,NULL,NULL,NULL,NULL,0,NULL,NULL,'Blood','2006-11-02','I'),
 (112,'03.01','2006-11-07 15:07:15','NEGATIVE','',NULL,'Desmond Mungudit',NULL,NULL,NULL,NULL,NULL,NULL,NULL,NULL,NULL,NULL,NULL,NULL,NULL,0,NULL,NULL,'Blood','2006-11-02','I'),
 (113,'03.01','2006-11-07 15:08:03','NEGATIVE','',NULL,'Pius Rwothomio',NULL,NULL,NULL,NULL,NULL,NULL,NULL,NULL,NULL,NULL,NULL,NULL,NULL,0,NULL,NULL,'Blood','2006-11-02','I'),
 (114,'03.01','2006-11-07 15:09:25','NEGATIVE','',NULL,'Jackson Jatho',NULL,NULL,NULL,NULL,NULL,NULL,NULL,NULL,NULL,NULL,NULL,NULL,NULL,0,NULL,NULL,'Blood','2006-11-02','I'),
 (115,'03.01','2006-11-07 15:10:15','+++','',NULL,'Roggers',NULL,NULL,NULL,NULL,NULL,NULL,NULL,NULL,NULL,NULL,NULL,NULL,NULL,0,NULL,NULL,'Blood','2006-11-02','I');
INSERT INTO LABORATORY (LAB_ID,LAB_EXA_ID_A,LAB_DATE,LAB_RES,LAB_NOTE,LAB_PAT_ID,LAB_PAT_NAME,LAB_CROSS1,LAB_CROSS2,LAB_CROSS3,LAB_CROSS4,LAB_CROSS5,LAB_CROSS6,LAB_CROSS7,LAB_CROSS8,LAB_CROSS9,LAB_CROSS10,LAB_CROSS11,LAB_CROSS12,LAB_CROSS13,LAB_LOCK,LAB_AGE,LAB_SEX,LAB_MATERIAL,LAB_EXAM_DATE,LAB_PAT_INOUT) VALUES 
 (116,'URI','2006-11-07 15:12:47','Multiple Results','Few Epithelial cells&luecos',NULL,'Anirwoth Esther',NULL,NULL,NULL,NULL,NULL,NULL,NULL,NULL,NULL,NULL,NULL,NULL,NULL,0,NULL,NULL,'Urine','2006-11-02','I'),
 (117,'03.01','2006-11-07 15:14:02','NEGATIVE','',NULL,'Ogenmungu Chancely',NULL,NULL,NULL,NULL,NULL,NULL,NULL,NULL,NULL,NULL,NULL,NULL,NULL,0,NULL,NULL,'Blood','2006-11-02','I'),
 (118,'01.01','2006-11-07 15:15:03','6 - 12','8.2g/l',NULL,'Pikwo Monica',NULL,NULL,NULL,NULL,NULL,NULL,NULL,NULL,NULL,NULL,NULL,NULL,NULL,0,NULL,NULL,'Blood','2006-11-02','I'),
 (119,'03.01','2006-11-07 15:15:37','+++','',NULL,'Pikwo Monica',NULL,NULL,NULL,NULL,NULL,NULL,NULL,NULL,NULL,NULL,NULL,NULL,NULL,0,NULL,NULL,'Blood','2006-11-02','I'),
 (120,'URI','2006-11-07 15:18:07','Multiple Results','Few epithelial cells&luecos',NULL,'Ogenmungu Chancely',NULL,NULL,NULL,NULL,NULL,NULL,NULL,NULL,NULL,NULL,NULL,NULL,NULL,0,NULL,NULL,'Urine','2006-11-02','I');
INSERT INTO LABORATORY (LAB_ID,LAB_EXA_ID_A,LAB_DATE,LAB_RES,LAB_NOTE,LAB_PAT_ID,LAB_PAT_NAME,LAB_CROSS1,LAB_CROSS2,LAB_CROSS3,LAB_CROSS4,LAB_CROSS5,LAB_CROSS6,LAB_CROSS7,LAB_CROSS8,LAB_CROSS9,LAB_CROSS10,LAB_CROSS11,LAB_CROSS12,LAB_CROSS13,LAB_LOCK,LAB_AGE,LAB_SEX,LAB_MATERIAL,LAB_EXAM_DATE,LAB_PAT_INOUT) VALUES 
 (121,'01.01','2006-11-07 15:20:51','6 - 12','7.3g/l',NULL,'Ayomirwoth Trinity',NULL,NULL,NULL,NULL,NULL,NULL,NULL,NULL,NULL,NULL,NULL,NULL,NULL,0,NULL,NULL,'Blood','2006-11-02','I'),
 (122,'03.03','2006-11-07 15:21:59','Multiple Results','NPS',NULL,'Ocima Juliet',NULL,NULL,NULL,NULL,NULL,NULL,NULL,NULL,NULL,NULL,NULL,NULL,NULL,0,NULL,NULL,'Stool','2006-11-02','I'),
 (123,'03.01','2006-11-07 15:23:11','NEGATIVE','',NULL,'Okumu Patrick',NULL,NULL,NULL,NULL,NULL,NULL,NULL,NULL,NULL,NULL,NULL,NULL,NULL,0,NULL,NULL,'Blood','2006-11-02','I'),
 (124,'URI','2006-11-07 15:26:13','Multiple Results','Epithelial cells++&Few luecos',NULL,'Okumu Patrick',NULL,NULL,NULL,NULL,NULL,NULL,NULL,NULL,NULL,NULL,NULL,NULL,NULL,0,NULL,NULL,'Urine','2006-11-02','I'),
 (125,'06.01','2006-11-07 15:30:07','NEGATIVE','',NULL,'Bedijo Manuel',NULL,NULL,NULL,NULL,NULL,NULL,NULL,NULL,NULL,NULL,NULL,NULL,NULL,0,NULL,NULL,NULL,'2006-11-02','I');
INSERT INTO LABORATORY (LAB_ID,LAB_EXA_ID_A,LAB_DATE,LAB_RES,LAB_NOTE,LAB_PAT_ID,LAB_PAT_NAME,LAB_CROSS1,LAB_CROSS2,LAB_CROSS3,LAB_CROSS4,LAB_CROSS5,LAB_CROSS6,LAB_CROSS7,LAB_CROSS8,LAB_CROSS9,LAB_CROSS10,LAB_CROSS11,LAB_CROSS12,LAB_CROSS13,LAB_LOCK,LAB_AGE,LAB_SEX,LAB_MATERIAL,LAB_EXAM_DATE,LAB_PAT_INOUT) VALUES 
 (129,'01.02','2006-11-07 15:50:01','> 7000 (HIGH)','WBC 7500 Cells',NULL,'Ayikanying Derick',NULL,NULL,NULL,NULL,NULL,NULL,NULL,NULL,NULL,NULL,NULL,NULL,NULL,0,NULL,NULL,'Blood','2006-11-02','I'),
 (130,'03.01','2006-11-07 15:52:58','','Few GPF',NULL,'Anet Ozinga',NULL,NULL,NULL,NULL,NULL,NULL,NULL,NULL,NULL,NULL,NULL,NULL,NULL,0,NULL,NULL,'Blood','2006-11-03','I'),
 (131,'01.01','2006-11-07 15:55:22','6 - 12','10.1g/l',NULL,'Okwairwoth Kumakech',NULL,NULL,NULL,NULL,NULL,NULL,NULL,NULL,NULL,NULL,NULL,NULL,NULL,0,NULL,NULL,'Blood','2006-11-03','O'),
 (132,'03.01','2006-11-07 15:57:38','NEGATIVE','',NULL,'Okwairwoth Kumakech',NULL,NULL,NULL,NULL,NULL,NULL,NULL,NULL,NULL,NULL,NULL,NULL,NULL,0,NULL,NULL,'Blood','2006-11-03','O'),
 (133,'01.01','2006-11-07 15:59:11','< 6','5.7g/l',NULL,'Charon Kwiocwiny',NULL,NULL,NULL,NULL,NULL,NULL,NULL,NULL,NULL,NULL,NULL,NULL,NULL,0,NULL,NULL,'Blood','2006-11-03','O');
INSERT INTO LABORATORY (LAB_ID,LAB_EXA_ID_A,LAB_DATE,LAB_RES,LAB_NOTE,LAB_PAT_ID,LAB_PAT_NAME,LAB_CROSS1,LAB_CROSS2,LAB_CROSS3,LAB_CROSS4,LAB_CROSS5,LAB_CROSS6,LAB_CROSS7,LAB_CROSS8,LAB_CROSS9,LAB_CROSS10,LAB_CROSS11,LAB_CROSS12,LAB_CROSS13,LAB_LOCK,LAB_AGE,LAB_SEX,LAB_MATERIAL,LAB_EXAM_DATE,LAB_PAT_INOUT) VALUES 
 (134,'01.02','2006-11-07 16:01:57','4000 - 7000 (NORMAL)','WBC 4500 cells DC N38, L 52, M5, E7%',NULL,'Charon Kwiocwiny',NULL,NULL,NULL,NULL,NULL,NULL,NULL,NULL,NULL,NULL,NULL,NULL,NULL,0,NULL,NULL,'Blood','2006-11-03','O'),
 (135,'03.01','2006-11-07 16:02:30','NEGATIVE','',NULL,'Rwothomio Santo',NULL,NULL,NULL,NULL,NULL,NULL,NULL,NULL,NULL,NULL,NULL,NULL,NULL,0,NULL,NULL,'Blood','2006-11-03','O'),
 (136,'03.01','2006-11-07 16:02:56','++','',NULL,'Scovia',NULL,NULL,NULL,NULL,NULL,NULL,NULL,NULL,NULL,NULL,NULL,NULL,NULL,0,NULL,NULL,'Blood','2006-11-03','O'),
 (137,'03.01','2006-11-07 16:03:36','NEGATIVE','',NULL,'Omirambe Kizito',NULL,NULL,NULL,NULL,NULL,NULL,NULL,NULL,NULL,NULL,NULL,NULL,NULL,0,NULL,NULL,'Blood','2006-11-03','O'),
 (138,'01.02','2006-11-07 16:05:03','> 7000 (HIGH)','WBC 8100 cells DC N70, L25, M55%',NULL,'Munguryek Fosca',NULL,NULL,NULL,NULL,NULL,NULL,NULL,NULL,NULL,NULL,NULL,NULL,NULL,0,NULL,NULL,'Blood','2006-11-03','O');
INSERT INTO LABORATORY (LAB_ID,LAB_EXA_ID_A,LAB_DATE,LAB_RES,LAB_NOTE,LAB_PAT_ID,LAB_PAT_NAME,LAB_CROSS1,LAB_CROSS2,LAB_CROSS3,LAB_CROSS4,LAB_CROSS5,LAB_CROSS6,LAB_CROSS7,LAB_CROSS8,LAB_CROSS9,LAB_CROSS10,LAB_CROSS11,LAB_CROSS12,LAB_CROSS13,LAB_LOCK,LAB_AGE,LAB_SEX,LAB_MATERIAL,LAB_EXAM_DATE,LAB_PAT_INOUT) VALUES 
 (139,'01.01','2006-11-07 16:06:36','< 6','4.9g/dl',NULL,'Ofoirwoth Denis',NULL,NULL,NULL,NULL,NULL,NULL,NULL,NULL,NULL,NULL,NULL,NULL,NULL,0,NULL,NULL,'Blood','2006-11-03','O'),
 (140,'03.03','2006-11-07 16:08:38','Multiple Results','NPS',NULL,'Paska AnirWoth',NULL,NULL,NULL,NULL,NULL,NULL,NULL,NULL,NULL,NULL,NULL,NULL,NULL,0,NULL,NULL,'Stool','2006-11-03','O'),
 (141,'03.01','2006-11-07 16:09:32','NEGATIVE','',NULL,'Mungudit Rwothomio',NULL,NULL,NULL,NULL,NULL,NULL,NULL,NULL,NULL,NULL,NULL,NULL,NULL,0,NULL,NULL,'Blood','2006-11-03','O'),
 (142,'03.01','2006-11-07 16:10:08','NEGATIVE','',NULL,'Silvia Fuathum',NULL,NULL,NULL,NULL,NULL,NULL,NULL,NULL,NULL,NULL,NULL,NULL,NULL,0,NULL,NULL,'Blood','2006-11-03','O'),
 (143,'01.01','2006-11-07 16:11:17','6 - 12','11.5g/dl',NULL,'Silvia Anirwoth',NULL,NULL,NULL,NULL,NULL,NULL,NULL,NULL,NULL,NULL,NULL,NULL,NULL,0,NULL,NULL,'Blood','2006-11-03','O');
INSERT INTO LABORATORY (LAB_ID,LAB_EXA_ID_A,LAB_DATE,LAB_RES,LAB_NOTE,LAB_PAT_ID,LAB_PAT_NAME,LAB_CROSS1,LAB_CROSS2,LAB_CROSS3,LAB_CROSS4,LAB_CROSS5,LAB_CROSS6,LAB_CROSS7,LAB_CROSS8,LAB_CROSS9,LAB_CROSS10,LAB_CROSS11,LAB_CROSS12,LAB_CROSS13,LAB_LOCK,LAB_AGE,LAB_SEX,LAB_MATERIAL,LAB_EXAM_DATE,LAB_PAT_INOUT) VALUES 
 (145,'03.01','2006-11-07 16:12:35','FEW','',NULL,'Biwaga Irine',NULL,NULL,NULL,NULL,NULL,NULL,NULL,NULL,NULL,NULL,NULL,NULL,NULL,0,NULL,NULL,'Blood','2006-11-03','O'),
 (146,'03.01','2006-11-07 16:13:09','NEGATIVE','',NULL,'Pirwoth Mungungeo',NULL,NULL,NULL,NULL,NULL,NULL,NULL,NULL,NULL,NULL,NULL,NULL,NULL,0,NULL,NULL,'Blood','2006-11-03','O'),
 (147,'03.01','2006-11-07 16:13:44','NEGATIVE','',NULL,'Bondi Colbert',NULL,NULL,NULL,NULL,NULL,NULL,NULL,NULL,NULL,NULL,NULL,NULL,NULL,0,NULL,NULL,'Blood','2006-11-03','O'),
 (148,'03.01','2006-11-07 16:14:15','++++','',NULL,'Munguromo Brenda',NULL,NULL,NULL,NULL,NULL,NULL,NULL,NULL,NULL,NULL,NULL,NULL,NULL,0,NULL,NULL,'Blood','2006-11-03','O'),
 (149,'01.01','2006-11-07 16:15:19','< 6','4.9g/dl',NULL,'Munguromo Brenda',NULL,NULL,NULL,NULL,NULL,NULL,NULL,NULL,NULL,NULL,NULL,NULL,NULL,0,NULL,NULL,'Blood','2006-11-03','O');
INSERT INTO LABORATORY (LAB_ID,LAB_EXA_ID_A,LAB_DATE,LAB_RES,LAB_NOTE,LAB_PAT_ID,LAB_PAT_NAME,LAB_CROSS1,LAB_CROSS2,LAB_CROSS3,LAB_CROSS4,LAB_CROSS5,LAB_CROSS6,LAB_CROSS7,LAB_CROSS8,LAB_CROSS9,LAB_CROSS10,LAB_CROSS11,LAB_CROSS12,LAB_CROSS13,LAB_LOCK,LAB_AGE,LAB_SEX,LAB_MATERIAL,LAB_EXAM_DATE,LAB_PAT_INOUT) VALUES 
 (150,'03.01','2006-11-07 16:15:59','++++','',NULL,'Mungungeo ',NULL,NULL,NULL,NULL,NULL,NULL,NULL,NULL,NULL,NULL,NULL,NULL,NULL,0,NULL,NULL,'Blood','2006-11-03','O'),
 (151,'01.01','2006-11-07 16:16:58','6 - 12','9.2g/dl',NULL,'Mungungeo',NULL,NULL,NULL,NULL,NULL,NULL,NULL,NULL,NULL,NULL,NULL,NULL,NULL,0,NULL,NULL,'Blood','2006-11-03','O'),
 (152,'03.01','2006-11-07 16:17:30','NEGATIVE','',NULL,'Acen Lillian',NULL,NULL,NULL,NULL,NULL,NULL,NULL,NULL,NULL,NULL,NULL,NULL,NULL,0,NULL,NULL,'Blood','2006-11-03','O'),
 (153,'03.01','2006-11-07 16:17:59','+++','',NULL,'Iwutung Lillian',NULL,NULL,NULL,NULL,NULL,NULL,NULL,NULL,NULL,NULL,NULL,NULL,NULL,0,NULL,NULL,'Blood','2006-11-03','O'),
 (154,'03.01','2006-11-07 16:18:42','NEGATIVE','',NULL,'Kaguta Museveni',NULL,NULL,NULL,NULL,NULL,NULL,NULL,NULL,NULL,NULL,NULL,NULL,NULL,0,NULL,NULL,'Blood','2006-11-03','O');
INSERT INTO LABORATORY (LAB_ID,LAB_EXA_ID_A,LAB_DATE,LAB_RES,LAB_NOTE,LAB_PAT_ID,LAB_PAT_NAME,LAB_CROSS1,LAB_CROSS2,LAB_CROSS3,LAB_CROSS4,LAB_CROSS5,LAB_CROSS6,LAB_CROSS7,LAB_CROSS8,LAB_CROSS9,LAB_CROSS10,LAB_CROSS11,LAB_CROSS12,LAB_CROSS13,LAB_LOCK,LAB_AGE,LAB_SEX,LAB_MATERIAL,LAB_EXAM_DATE,LAB_PAT_INOUT) VALUES 
 (155,'03.01','2006-11-07 16:19:21','+++','',NULL,'Pimer Pius',NULL,NULL,NULL,NULL,NULL,NULL,NULL,NULL,NULL,NULL,NULL,NULL,NULL,0,NULL,NULL,'Blood','2006-11-03','O'),
 (156,'03.01','2006-11-07 16:19:57','+','',NULL,'Ocungi Denis',NULL,NULL,NULL,NULL,NULL,NULL,NULL,NULL,NULL,NULL,NULL,NULL,NULL,0,NULL,NULL,'Blood','2006-11-03','O'),
 (157,'03.01','2006-11-07 16:20:29','NEGATIVE','',NULL,'Okwairwoth Denis',NULL,NULL,NULL,NULL,NULL,NULL,NULL,NULL,NULL,NULL,NULL,NULL,NULL,0,NULL,NULL,'Blood','2006-11-03','O'),
 (158,'07.02','2006-11-07 16:21:58','LOW','47mg/dl',NULL,'Oryek Ofungi',NULL,NULL,NULL,NULL,NULL,NULL,NULL,NULL,NULL,NULL,NULL,NULL,NULL,0,NULL,NULL,NULL,'2006-11-03','O'),
 (159,'01.01','2006-11-07 16:22:57','6 - 12','8.1g/dl',NULL,'Micpamungu Prisca',NULL,NULL,NULL,NULL,NULL,NULL,NULL,NULL,NULL,NULL,NULL,NULL,NULL,0,NULL,NULL,'Blood','2006-11-03','O');
INSERT INTO LABORATORY (LAB_ID,LAB_EXA_ID_A,LAB_DATE,LAB_RES,LAB_NOTE,LAB_PAT_ID,LAB_PAT_NAME,LAB_CROSS1,LAB_CROSS2,LAB_CROSS3,LAB_CROSS4,LAB_CROSS5,LAB_CROSS6,LAB_CROSS7,LAB_CROSS8,LAB_CROSS9,LAB_CROSS10,LAB_CROSS11,LAB_CROSS12,LAB_CROSS13,LAB_LOCK,LAB_AGE,LAB_SEX,LAB_MATERIAL,LAB_EXAM_DATE,LAB_PAT_INOUT) VALUES 
 (160,'01.06','2006-11-07 16:23:36','NEGATIVE','',NULL,'Micpamungu Prisca',NULL,NULL,NULL,NULL,NULL,NULL,NULL,NULL,NULL,NULL,NULL,NULL,NULL,0,NULL,NULL,'Blood','2006-11-03','O'),
 (161,'URI','2006-11-07 16:24:45','Multiple Results','0g/l',NULL,'Brenda',NULL,NULL,NULL,NULL,NULL,NULL,NULL,NULL,NULL,NULL,NULL,NULL,NULL,0,NULL,NULL,'Urine','2006-11-03','O'),
 (162,'01.01','2006-11-07 16:26:38','< 6','3.4g/dl',NULL,'Oyirwoth Ayomiwroth',NULL,NULL,NULL,NULL,NULL,NULL,NULL,NULL,NULL,NULL,NULL,NULL,NULL,0,NULL,NULL,'Blood','2006-11-03','O'),
 (163,'02.01','2006-11-07 16:27:24','A RH+','',NULL,'Oyirwoth Ayomiwroth',NULL,NULL,NULL,NULL,NULL,NULL,NULL,NULL,NULL,NULL,NULL,NULL,NULL,0,NULL,NULL,'Blood','2006-11-03','O'),
 (164,'03.01','2006-11-07 16:28:21','NEGATIVE','',NULL,'Oyiwroth Ayomiwroth',NULL,NULL,NULL,NULL,NULL,NULL,NULL,NULL,NULL,NULL,NULL,NULL,NULL,0,NULL,NULL,'Blood','2006-11-03','O');
INSERT INTO LABORATORY (LAB_ID,LAB_EXA_ID_A,LAB_DATE,LAB_RES,LAB_NOTE,LAB_PAT_ID,LAB_PAT_NAME,LAB_CROSS1,LAB_CROSS2,LAB_CROSS3,LAB_CROSS4,LAB_CROSS5,LAB_CROSS6,LAB_CROSS7,LAB_CROSS8,LAB_CROSS9,LAB_CROSS10,LAB_CROSS11,LAB_CROSS12,LAB_CROSS13,LAB_LOCK,LAB_AGE,LAB_SEX,LAB_MATERIAL,LAB_EXAM_DATE,LAB_PAT_INOUT) VALUES 
 (165,'01.01','2006-11-07 17:17:08','6 - 12','7.1 g/dl\n',NULL,'Aloysius Otuga',NULL,NULL,NULL,NULL,NULL,NULL,NULL,NULL,NULL,NULL,NULL,NULL,NULL,0,NULL,NULL,'Blood','2006-11-03','O'),
 (166,'02.01','2006-11-07 17:19:01','B RH+','',NULL,'Aloysius Otuga',NULL,NULL,NULL,NULL,NULL,NULL,NULL,NULL,NULL,NULL,NULL,NULL,NULL,0,NULL,NULL,'Blood','2006-11-03','O'),
 (167,'01.01','2006-11-08 15:46:33','< 6','3.8g/dl',NULL,'Trinity Ayiorwoth',NULL,NULL,NULL,NULL,NULL,NULL,NULL,NULL,NULL,NULL,NULL,NULL,NULL,0,NULL,NULL,'Blood','2006-11-03','O'),
 (168,'02.01','2006-11-08 15:47:26','O RH+','',NULL,'Trinity Ayiorwoth',NULL,NULL,NULL,NULL,NULL,NULL,NULL,NULL,NULL,NULL,NULL,NULL,NULL,0,NULL,NULL,'Blood','2006-11-03','O'),
 (169,'03.01','2006-11-08 15:48:11','NEGATIVE','',NULL,'Trinity Ayiorwoth',NULL,NULL,NULL,NULL,NULL,NULL,NULL,NULL,NULL,NULL,NULL,NULL,NULL,0,NULL,NULL,'Blood','2006-11-03','O');
INSERT INTO LABORATORY (LAB_ID,LAB_EXA_ID_A,LAB_DATE,LAB_RES,LAB_NOTE,LAB_PAT_ID,LAB_PAT_NAME,LAB_CROSS1,LAB_CROSS2,LAB_CROSS3,LAB_CROSS4,LAB_CROSS5,LAB_CROSS6,LAB_CROSS7,LAB_CROSS8,LAB_CROSS9,LAB_CROSS10,LAB_CROSS11,LAB_CROSS12,LAB_CROSS13,LAB_LOCK,LAB_AGE,LAB_SEX,LAB_MATERIAL,LAB_EXAM_DATE,LAB_PAT_INOUT) VALUES 
 (170,'03.01','2006-11-08 15:49:04','NEGATIVE','',NULL,'Ocowun Christopher',NULL,NULL,NULL,NULL,NULL,NULL,NULL,NULL,NULL,NULL,NULL,NULL,NULL,0,NULL,NULL,'Blood','2006-11-03','O'),
 (171,'03.03','2006-11-08 15:50:55','Multiple Results','NPS,Pus cells+',NULL,'Jenety Orebi',NULL,NULL,NULL,NULL,NULL,NULL,NULL,NULL,NULL,NULL,NULL,NULL,NULL,0,NULL,NULL,'Stool','2006-11-03','O'),
 (172,'03.03','2006-11-08 15:52:05','Multiple Results','NPS',NULL,'Atimango Florence',NULL,NULL,NULL,NULL,NULL,NULL,NULL,NULL,NULL,NULL,NULL,NULL,NULL,0,NULL,NULL,'Stool','2006-11-03','O'),
 (173,'03.01','2006-11-08 15:53:12','NEGATIVE','',NULL,'Alirach Beatrice',NULL,NULL,NULL,NULL,NULL,NULL,NULL,NULL,NULL,NULL,NULL,NULL,NULL,0,NULL,NULL,'Blood','2006-11-03','O'),
 (174,'01.01','2006-11-08 15:54:19','< 6','4.2g/dl',NULL,'Munguromo Brenda',NULL,NULL,NULL,NULL,NULL,NULL,NULL,NULL,NULL,NULL,NULL,NULL,NULL,0,NULL,NULL,'Blood','2006-11-03','O');
INSERT INTO LABORATORY (LAB_ID,LAB_EXA_ID_A,LAB_DATE,LAB_RES,LAB_NOTE,LAB_PAT_ID,LAB_PAT_NAME,LAB_CROSS1,LAB_CROSS2,LAB_CROSS3,LAB_CROSS4,LAB_CROSS5,LAB_CROSS6,LAB_CROSS7,LAB_CROSS8,LAB_CROSS9,LAB_CROSS10,LAB_CROSS11,LAB_CROSS12,LAB_CROSS13,LAB_LOCK,LAB_AGE,LAB_SEX,LAB_MATERIAL,LAB_EXAM_DATE,LAB_PAT_INOUT) VALUES 
 (175,'02.01','2006-11-08 15:55:00','O RH+','',NULL,'Munguromo Brenda',NULL,NULL,NULL,NULL,NULL,NULL,NULL,NULL,NULL,NULL,NULL,NULL,NULL,0,NULL,NULL,'Blood','2006-11-03','O'),
 (176,'03.01','2006-11-08 15:56:19','NEGATIVE','',NULL,'Muzamil Oyirwoth',NULL,NULL,NULL,NULL,NULL,NULL,NULL,NULL,NULL,NULL,NULL,NULL,NULL,0,NULL,NULL,'Blood','2006-11-03','O'),
 (177,'03.03','2006-11-08 15:57:24','Multiple Results','',NULL,'Beatrice Fuacan',NULL,NULL,NULL,NULL,NULL,NULL,NULL,NULL,NULL,NULL,NULL,NULL,NULL,0,NULL,NULL,'Stool','2006-11-03','O'),
 (178,'URI','2006-11-08 15:58:59','Multiple Results','0g/l',NULL,'Ovon Quintino',NULL,NULL,NULL,NULL,NULL,NULL,NULL,NULL,NULL,NULL,NULL,NULL,NULL,0,NULL,NULL,'Urine','2006-11-03','O'),
 (179,'07.02','2006-11-08 16:01:18','LOW','43mg/dl',NULL,'Ovon Quintino',NULL,NULL,NULL,NULL,NULL,NULL,NULL,NULL,NULL,NULL,NULL,NULL,NULL,0,NULL,NULL,NULL,'2006-11-03','O');
INSERT INTO LABORATORY (LAB_ID,LAB_EXA_ID_A,LAB_DATE,LAB_RES,LAB_NOTE,LAB_PAT_ID,LAB_PAT_NAME,LAB_CROSS1,LAB_CROSS2,LAB_CROSS3,LAB_CROSS4,LAB_CROSS5,LAB_CROSS6,LAB_CROSS7,LAB_CROSS8,LAB_CROSS9,LAB_CROSS10,LAB_CROSS11,LAB_CROSS12,LAB_CROSS13,LAB_LOCK,LAB_AGE,LAB_SEX,LAB_MATERIAL,LAB_EXAM_DATE,LAB_PAT_INOUT) VALUES 
 (180,'URI','2006-11-08 16:03:04','Multiple Results','0g/l',NULL,'Anecho Okecha',NULL,NULL,NULL,NULL,NULL,NULL,NULL,NULL,NULL,NULL,NULL,NULL,NULL,0,NULL,NULL,'Urine','2006-11-03','O'),
 (181,'03.03','2006-11-08 16:04:54','Multiple Results','NPS',NULL,'Acen Paula',NULL,NULL,NULL,NULL,NULL,NULL,NULL,NULL,NULL,NULL,NULL,NULL,NULL,0,NULL,NULL,'Stool','2006-11-03','O'),
 (183,'URI','2006-11-08 16:10:30','Multiple Results','epithelial cells++, few luecos',NULL,'Ocwi Berta',NULL,NULL,NULL,NULL,NULL,NULL,NULL,NULL,NULL,NULL,NULL,NULL,NULL,0,NULL,NULL,'Urine','2006-11-03','O'),
 (184,'URI','2006-11-08 16:11:53','Multiple Results','Few epithelial cells&luecos',NULL,'Derrick Ayikanying',NULL,NULL,NULL,NULL,NULL,NULL,NULL,NULL,NULL,NULL,NULL,NULL,NULL,0,NULL,NULL,'Urine','2006-11-03','O'),
 (185,'URI','2006-11-08 16:13:39','Multiple Results','Amorphous Phosphate+',NULL,'Omarwoth Vincent',NULL,NULL,NULL,NULL,NULL,NULL,NULL,NULL,NULL,NULL,NULL,NULL,NULL,0,NULL,NULL,'Urine','2006-11-03','O');
INSERT INTO LABORATORY (LAB_ID,LAB_EXA_ID_A,LAB_DATE,LAB_RES,LAB_NOTE,LAB_PAT_ID,LAB_PAT_NAME,LAB_CROSS1,LAB_CROSS2,LAB_CROSS3,LAB_CROSS4,LAB_CROSS5,LAB_CROSS6,LAB_CROSS7,LAB_CROSS8,LAB_CROSS9,LAB_CROSS10,LAB_CROSS11,LAB_CROSS12,LAB_CROSS13,LAB_LOCK,LAB_AGE,LAB_SEX,LAB_MATERIAL,LAB_EXAM_DATE,LAB_PAT_INOUT) VALUES 
 (186,'URI','2006-11-08 16:16:11','Multiple Results','Few epithelial cells,few luecos& amorphous phosphate.',NULL,'Silvia Fuathum',NULL,NULL,NULL,NULL,NULL,NULL,NULL,NULL,NULL,NULL,NULL,NULL,NULL,0,NULL,NULL,'Urine','2006-11-03','O'),
 (187,'URI','2006-11-08 16:18:09','Multiple Results','Few Epithelial &luecos',NULL,'Akello Jeska',NULL,NULL,NULL,NULL,NULL,NULL,NULL,NULL,NULL,NULL,NULL,NULL,NULL,0,NULL,NULL,'Urine','2006-11-03','O'),
 (188,'03.01','2006-11-08 16:19:18','FEW','',NULL,'Consolate Ayiorwoth',NULL,NULL,NULL,NULL,NULL,NULL,NULL,NULL,NULL,NULL,NULL,NULL,NULL,0,NULL,NULL,'Blood','2006-11-03','O'),
 (189,'03.01','2006-11-08 16:20:21','+++','',NULL,'Vincent Okonya',NULL,NULL,NULL,NULL,NULL,NULL,NULL,NULL,NULL,NULL,NULL,NULL,NULL,0,NULL,NULL,'Blood','2006-11-03','O'),
 (190,'03.01','2006-11-08 16:21:17','+++','',NULL,'Saviour Rwothongeo',NULL,NULL,NULL,NULL,NULL,NULL,NULL,NULL,NULL,NULL,NULL,NULL,NULL,0,NULL,NULL,'Blood','2006-11-03','O');
INSERT INTO LABORATORY (LAB_ID,LAB_EXA_ID_A,LAB_DATE,LAB_RES,LAB_NOTE,LAB_PAT_ID,LAB_PAT_NAME,LAB_CROSS1,LAB_CROSS2,LAB_CROSS3,LAB_CROSS4,LAB_CROSS5,LAB_CROSS6,LAB_CROSS7,LAB_CROSS8,LAB_CROSS9,LAB_CROSS10,LAB_CROSS11,LAB_CROSS12,LAB_CROSS13,LAB_LOCK,LAB_AGE,LAB_SEX,LAB_MATERIAL,LAB_EXAM_DATE,LAB_PAT_INOUT) VALUES 
 (191,'URI','2006-11-08 16:22:43','Multiple Results','0g/l',NULL,'Anna AMondirwoth',NULL,NULL,NULL,NULL,NULL,NULL,NULL,NULL,NULL,NULL,NULL,NULL,NULL,0,NULL,NULL,'Urine','2006-11-03','O'),
 (193,'URI','2006-11-08 16:25:22','Multiple Results','20g/l',NULL,'Jakisa James',NULL,NULL,NULL,NULL,NULL,NULL,NULL,NULL,NULL,NULL,NULL,NULL,NULL,0,NULL,NULL,'Urine','2006-11-03','O'),
 (194,'01.06','2006-11-08 16:26:25','NEGATIVE','',NULL,'Samuel',NULL,NULL,NULL,NULL,NULL,NULL,NULL,NULL,NULL,NULL,NULL,NULL,NULL,0,NULL,NULL,'Blood','2006-11-03','O'),
 (195,'URI','2006-11-08 16:27:58','Multiple Results','20g/l',NULL,'Esther Anican',NULL,NULL,NULL,NULL,NULL,NULL,NULL,NULL,NULL,NULL,NULL,NULL,NULL,0,NULL,NULL,'Urine','2006-11-03','O'),
 (196,'03.01','2006-11-08 16:29:58','+++','',NULL,'Oyirwoth Ivan',NULL,NULL,NULL,NULL,NULL,NULL,NULL,NULL,NULL,NULL,NULL,NULL,NULL,0,NULL,NULL,'Blood','2006-11-03','O');
INSERT INTO LABORATORY (LAB_ID,LAB_EXA_ID_A,LAB_DATE,LAB_RES,LAB_NOTE,LAB_PAT_ID,LAB_PAT_NAME,LAB_CROSS1,LAB_CROSS2,LAB_CROSS3,LAB_CROSS4,LAB_CROSS5,LAB_CROSS6,LAB_CROSS7,LAB_CROSS8,LAB_CROSS9,LAB_CROSS10,LAB_CROSS11,LAB_CROSS12,LAB_CROSS13,LAB_LOCK,LAB_AGE,LAB_SEX,LAB_MATERIAL,LAB_EXAM_DATE,LAB_PAT_INOUT) VALUES 
 (197,'03.01','2006-11-08 16:31:23','NEGATIVE','',NULL,'Kayeny Anet',NULL,NULL,NULL,NULL,NULL,NULL,NULL,NULL,NULL,NULL,NULL,NULL,NULL,0,NULL,NULL,'Blood','2006-11-03','O'),
 (198,'03.01','2006-11-08 16:34:32','NEGATIVE','',NULL,'Anirwoth Joan',NULL,NULL,NULL,NULL,NULL,NULL,NULL,NULL,NULL,NULL,NULL,NULL,NULL,0,NULL,NULL,'Blood','2006-11-03','O'),
 (199,'03.01','2006-11-08 16:37:45','NEGATIVE','',NULL,'Ayomirwoth Fancy',NULL,NULL,NULL,NULL,NULL,NULL,NULL,NULL,NULL,NULL,NULL,NULL,NULL,0,NULL,NULL,'Blood','2006-11-03','O'),
 (200,'03.01','2006-11-08 16:39:22','NEGATIVE','',NULL,'Inocent Omarwoth',NULL,NULL,NULL,NULL,NULL,NULL,NULL,NULL,NULL,NULL,NULL,NULL,NULL,0,NULL,NULL,'Blood','2006-11-03','O'),
 (201,'03.01','2006-11-08 16:41:07','NEGATIVE','',NULL,'Juliet Oyungrwoth',NULL,NULL,NULL,NULL,NULL,NULL,NULL,NULL,NULL,NULL,NULL,NULL,NULL,0,NULL,NULL,'Blood','2006-11-03','O');
INSERT INTO LABORATORY (LAB_ID,LAB_EXA_ID_A,LAB_DATE,LAB_RES,LAB_NOTE,LAB_PAT_ID,LAB_PAT_NAME,LAB_CROSS1,LAB_CROSS2,LAB_CROSS3,LAB_CROSS4,LAB_CROSS5,LAB_CROSS6,LAB_CROSS7,LAB_CROSS8,LAB_CROSS9,LAB_CROSS10,LAB_CROSS11,LAB_CROSS12,LAB_CROSS13,LAB_LOCK,LAB_AGE,LAB_SEX,LAB_MATERIAL,LAB_EXAM_DATE,LAB_PAT_INOUT) VALUES 
 (202,'03.01','2006-11-08 16:43:08','NEGATIVE','',NULL,'Mikuze Agnes',NULL,NULL,NULL,NULL,NULL,NULL,NULL,NULL,NULL,NULL,NULL,NULL,NULL,0,NULL,NULL,'Blood','2006-11-03','O'),
 (204,'03.03','2006-11-08 16:47:59','Multiple Results','NPS',NULL,'mikuzw Agnes',NULL,NULL,NULL,NULL,NULL,NULL,NULL,NULL,NULL,NULL,NULL,NULL,NULL,0,NULL,NULL,'Stool','2006-11-03','O'),
 (205,'03.01','2006-11-08 16:49:58','NEGATIVE','',NULL,'Mungudit Anthony',NULL,NULL,NULL,NULL,NULL,NULL,NULL,NULL,NULL,NULL,NULL,NULL,NULL,0,NULL,NULL,'Blood','2006-11-03','O'),
 (206,'03.01','2006-11-08 16:55:02','NEGATIVE','',NULL,'Okwairwoth Osijali',NULL,NULL,NULL,NULL,NULL,NULL,NULL,NULL,NULL,NULL,NULL,NULL,NULL,0,NULL,NULL,'Blood','2006-11-03','O'),
 (207,'03.01','2006-11-08 16:58:52','NEGATIVE','',NULL,'Pimer Margaret',NULL,NULL,NULL,NULL,NULL,NULL,NULL,NULL,NULL,NULL,NULL,NULL,NULL,0,NULL,NULL,'Blood','2006-11-03','O');
INSERT INTO LABORATORY (LAB_ID,LAB_EXA_ID_A,LAB_DATE,LAB_RES,LAB_NOTE,LAB_PAT_ID,LAB_PAT_NAME,LAB_CROSS1,LAB_CROSS2,LAB_CROSS3,LAB_CROSS4,LAB_CROSS5,LAB_CROSS6,LAB_CROSS7,LAB_CROSS8,LAB_CROSS9,LAB_CROSS10,LAB_CROSS11,LAB_CROSS12,LAB_CROSS13,LAB_LOCK,LAB_AGE,LAB_SEX,LAB_MATERIAL,LAB_EXAM_DATE,LAB_PAT_INOUT) VALUES 
 (208,'03.01','2006-11-08 16:59:57','NEGATIVE','',NULL,'Upenymungu ',NULL,NULL,NULL,NULL,NULL,NULL,NULL,NULL,NULL,NULL,NULL,NULL,NULL,0,NULL,NULL,'Blood','2006-11-03','O'),
 (209,'03.01','2006-11-08 17:01:08','NEGATIVE','',NULL,'Owachi Evalyn',NULL,NULL,NULL,NULL,NULL,NULL,NULL,NULL,NULL,NULL,NULL,NULL,NULL,0,NULL,NULL,'Blood','2006-11-03','O'),
 (211,'03.01','2006-11-08 17:07:22','NEGATIVE','',NULL,'Oyer John',NULL,NULL,NULL,NULL,NULL,NULL,NULL,NULL,NULL,NULL,NULL,NULL,NULL,0,NULL,NULL,'Blood','2006-11-03','O'),
 (212,'01.01','2006-11-08 17:09:38','6 - 12','7.3g/dl',NULL,'Victor Rwothomio',NULL,NULL,NULL,NULL,NULL,NULL,NULL,NULL,NULL,NULL,NULL,NULL,NULL,0,NULL,NULL,'Blood','2006-11-03','O'),
 (213,'01.02','2006-11-08 17:12:49','4000 - 7000 (NORMAL)','WBC 9900cells, DC N50, L50%',NULL,'Amia Anet',NULL,NULL,NULL,NULL,NULL,NULL,NULL,NULL,NULL,NULL,NULL,NULL,NULL,0,NULL,NULL,'Blood','2006-11-03','O');
INSERT INTO LABORATORY (LAB_ID,LAB_EXA_ID_A,LAB_DATE,LAB_RES,LAB_NOTE,LAB_PAT_ID,LAB_PAT_NAME,LAB_CROSS1,LAB_CROSS2,LAB_CROSS3,LAB_CROSS4,LAB_CROSS5,LAB_CROSS6,LAB_CROSS7,LAB_CROSS8,LAB_CROSS9,LAB_CROSS10,LAB_CROSS11,LAB_CROSS12,LAB_CROSS13,LAB_LOCK,LAB_AGE,LAB_SEX,LAB_MATERIAL,LAB_EXAM_DATE,LAB_PAT_INOUT) VALUES 
 (214,'03.01','2006-11-08 17:14:07','NEGATIVE','',NULL,'Amia Anet',NULL,NULL,NULL,NULL,NULL,NULL,NULL,NULL,NULL,NULL,NULL,NULL,NULL,0,NULL,NULL,'Blood','2006-11-03','O'),
 (215,'03.03','2006-11-08 17:15:56','Multiple Results','',NULL,'Colbert Bondi',NULL,NULL,NULL,NULL,NULL,NULL,NULL,NULL,NULL,NULL,NULL,NULL,NULL,0,NULL,NULL,'Stool','2006-11-03','O'),
 (216,'03.01','2006-11-08 17:17:59','FEW','',NULL,'Mapenzi',NULL,NULL,NULL,NULL,NULL,NULL,NULL,NULL,NULL,NULL,NULL,NULL,NULL,0,NULL,NULL,'Blood','2006-11-03','O'),
 (217,'03.01','2006-11-08 17:20:09','+++','',NULL,'Biywaga Cristine',NULL,NULL,NULL,NULL,NULL,NULL,NULL,NULL,NULL,NULL,NULL,NULL,NULL,0,NULL,NULL,'Blood','2006-11-03','O'),
 (218,'03.01','2006-11-08 17:27:09','FEW','',NULL,'Kercan Agustine',NULL,NULL,NULL,NULL,NULL,NULL,NULL,NULL,NULL,NULL,NULL,NULL,NULL,0,NULL,NULL,'Blood','2006-11-03','O');
INSERT INTO LABORATORY (LAB_ID,LAB_EXA_ID_A,LAB_DATE,LAB_RES,LAB_NOTE,LAB_PAT_ID,LAB_PAT_NAME,LAB_CROSS1,LAB_CROSS2,LAB_CROSS3,LAB_CROSS4,LAB_CROSS5,LAB_CROSS6,LAB_CROSS7,LAB_CROSS8,LAB_CROSS9,LAB_CROSS10,LAB_CROSS11,LAB_CROSS12,LAB_CROSS13,LAB_LOCK,LAB_AGE,LAB_SEX,LAB_MATERIAL,LAB_EXAM_DATE,LAB_PAT_INOUT) VALUES 
 (219,'03.01','2006-11-12 17:29:54','NEGATIVE','',NULL,'Paramungu Gloria',NULL,NULL,NULL,NULL,NULL,NULL,NULL,NULL,NULL,NULL,NULL,NULL,NULL,0,0,'F','Blood','2006-11-03','R'),
 (220,'08.01','2006-11-11 09:47:15','POSITIVE','cv',500,'Madit Rwoth Godwin',NULL,NULL,NULL,NULL,NULL,NULL,NULL,NULL,NULL,NULL,NULL,NULL,NULL,0,2,'M',NULL,'2006-11-03','O'),
 (221,'01.01','2006-11-12 11:36:42','>=12 (NORMAL)','',NULL,'hello it is a test',NULL,NULL,NULL,NULL,NULL,NULL,NULL,NULL,NULL,NULL,NULL,NULL,NULL,0,2,'M','Blood','2006-11-03','O'),
 (222,'01.01','2006-11-12 11:37:02','>=12 (NORMAL)','',200,'Abernitho Zakaria',NULL,NULL,NULL,NULL,NULL,NULL,NULL,NULL,NULL,NULL,NULL,NULL,NULL,0,78,'M','Blood','2006-11-03','O'),
 (223,'01.01','2006-11-12 11:38:33','>=12 (NORMAL)','',NULL,'Paolo Rossetto',NULL,NULL,NULL,NULL,NULL,NULL,NULL,NULL,NULL,NULL,NULL,NULL,NULL,0,2,'M','Blood','2006-11-03','O');
INSERT INTO LABORATORY (LAB_ID,LAB_EXA_ID_A,LAB_DATE,LAB_RES,LAB_NOTE,LAB_PAT_ID,LAB_PAT_NAME,LAB_CROSS1,LAB_CROSS2,LAB_CROSS3,LAB_CROSS4,LAB_CROSS5,LAB_CROSS6,LAB_CROSS7,LAB_CROSS8,LAB_CROSS9,LAB_CROSS10,LAB_CROSS11,LAB_CROSS12,LAB_CROSS13,LAB_LOCK,LAB_AGE,LAB_SEX,LAB_MATERIAL,LAB_EXAM_DATE,LAB_PAT_INOUT) VALUES 
 (224,'01.01','2006-11-12 11:39:09','>=12 (NORMAL)','',200,'Abernitho Zakaria',NULL,NULL,NULL,NULL,NULL,NULL,NULL,NULL,NULL,NULL,NULL,NULL,NULL,0,78,'M','Blood','2006-11-03','O'),
 (225,'05.05','2006-11-12 12:11:47','>=12 (NORMAL)','',200,'Abernitho Zakaria',NULL,NULL,NULL,NULL,NULL,NULL,NULL,NULL,NULL,NULL,NULL,NULL,NULL,0,78,'M','Blood','2006-11-03','O'),
 (226,'03.01','2006-11-12 12:13:03','NEGATIVE','',NULL,'Ocowun Christopher',NULL,NULL,NULL,NULL,NULL,NULL,NULL,NULL,NULL,NULL,NULL,NULL,NULL,0,0,'M','Blood','2006-11-03','O'),
 (227,'03.01','2006-11-12 12:13:19','NEGATIVE','',NULL,'Trinity Ayiorwoth',NULL,NULL,NULL,NULL,NULL,NULL,NULL,NULL,NULL,NULL,NULL,NULL,NULL,0,0,'M','Blood','2006-11-03','O'),
 (228,'02.01','2006-11-12 12:13:30','O RH+','',NULL,'Trinity Ayiorwoth',NULL,NULL,NULL,NULL,NULL,NULL,NULL,NULL,NULL,NULL,NULL,NULL,NULL,0,0,'M','Blood','2006-11-03','O');
INSERT INTO LABORATORY (LAB_ID,LAB_EXA_ID_A,LAB_DATE,LAB_RES,LAB_NOTE,LAB_PAT_ID,LAB_PAT_NAME,LAB_CROSS1,LAB_CROSS2,LAB_CROSS3,LAB_CROSS4,LAB_CROSS5,LAB_CROSS6,LAB_CROSS7,LAB_CROSS8,LAB_CROSS9,LAB_CROSS10,LAB_CROSS11,LAB_CROSS12,LAB_CROSS13,LAB_LOCK,LAB_AGE,LAB_SEX,LAB_MATERIAL,LAB_EXAM_DATE,LAB_PAT_INOUT) VALUES 
 (229,'01.01','2006-11-12 12:13:39','< 6','3.8g/dl',NULL,'Trinity Ayiorwoth',NULL,NULL,NULL,NULL,NULL,NULL,NULL,NULL,NULL,NULL,NULL,NULL,NULL,0,0,'M','Blood','2006-11-03','O'),
 (230,'02.01','2006-11-12 12:13:49','B RH+','',NULL,'Aloysius Otuga',NULL,NULL,NULL,NULL,NULL,NULL,NULL,NULL,NULL,NULL,NULL,NULL,NULL,0,0,'M','Blood','2006-11-03','O'),
 (231,'01.01','2006-11-12 12:13:57','6 - 12','7.1 g/dl\n',NULL,'Aloysius Otuga',NULL,NULL,NULL,NULL,NULL,NULL,NULL,NULL,NULL,NULL,NULL,NULL,NULL,0,0,'M','Blood','2006-11-03','O'),
 (232,'01.01','2006-11-12 12:15:02','< 6','3.4g/dl',NULL,'Oyirwoth Ayomiwroth',NULL,NULL,NULL,NULL,NULL,NULL,NULL,NULL,NULL,NULL,NULL,NULL,NULL,0,0,'M','Blood','2006-11-03','O'),
 (233,'URI','2006-11-12 12:15:15','Multiple Results','0g/l',NULL,'Brenda',NULL,NULL,NULL,NULL,NULL,NULL,NULL,NULL,NULL,NULL,NULL,NULL,NULL,0,0,'F','Urine','2006-11-03','O');
INSERT INTO LABORATORY (LAB_ID,LAB_EXA_ID_A,LAB_DATE,LAB_RES,LAB_NOTE,LAB_PAT_ID,LAB_PAT_NAME,LAB_CROSS1,LAB_CROSS2,LAB_CROSS3,LAB_CROSS4,LAB_CROSS5,LAB_CROSS6,LAB_CROSS7,LAB_CROSS8,LAB_CROSS9,LAB_CROSS10,LAB_CROSS11,LAB_CROSS12,LAB_CROSS13,LAB_LOCK,LAB_AGE,LAB_SEX,LAB_MATERIAL,LAB_EXAM_DATE,LAB_PAT_INOUT) VALUES 
 (234,'01.06','2006-11-12 12:15:28','NEGATIVE','',NULL,'Micpamungu Prisca',NULL,NULL,NULL,NULL,NULL,NULL,NULL,NULL,NULL,NULL,NULL,NULL,NULL,0,0,'F','Blood','2006-11-03','O'),
 (235,'01.01','2006-11-12 12:15:46','6 - 12','8.1g/dl',NULL,'Micpamungu Prisca',NULL,NULL,NULL,NULL,NULL,NULL,NULL,NULL,NULL,NULL,NULL,NULL,NULL,0,0,'F','Blood','2006-11-03','O'),
 (236,'07.02','2006-11-12 12:15:58','LOW','47mg/dl',NULL,'Oryek Ofungi',NULL,NULL,NULL,NULL,NULL,NULL,NULL,NULL,NULL,NULL,NULL,NULL,NULL,0,0,'M',NULL,'2006-11-03','O'),
 (237,'03.01','2006-11-12 12:16:10','NEGATIVE','',NULL,'Okwairwoth Denis',NULL,NULL,NULL,NULL,NULL,NULL,NULL,NULL,NULL,NULL,NULL,NULL,NULL,0,0,'M','Blood','2006-11-03','O'),
 (238,'03.01','2006-11-12 12:17:22','NEGATIVE','',NULL,'Giramia Fosca',NULL,NULL,NULL,NULL,NULL,NULL,NULL,NULL,NULL,NULL,NULL,NULL,NULL,0,0,'F','Blood','2006-11-03','O');
INSERT INTO LABORATORY (LAB_ID,LAB_EXA_ID_A,LAB_DATE,LAB_RES,LAB_NOTE,LAB_PAT_ID,LAB_PAT_NAME,LAB_CROSS1,LAB_CROSS2,LAB_CROSS3,LAB_CROSS4,LAB_CROSS5,LAB_CROSS6,LAB_CROSS7,LAB_CROSS8,LAB_CROSS9,LAB_CROSS10,LAB_CROSS11,LAB_CROSS12,LAB_CROSS13,LAB_LOCK,LAB_AGE,LAB_SEX,LAB_MATERIAL,LAB_EXAM_DATE,LAB_PAT_INOUT) VALUES 
 (239,'03.01','2006-11-12 17:50:22','+++','',NULL,'Pikwo Monica',NULL,NULL,NULL,NULL,NULL,NULL,NULL,NULL,NULL,NULL,NULL,NULL,NULL,0,0,'M','Blood','2006-11-02',NULL),
 (240,'03.01','2006-11-12 17:50:32','+++','',NULL,'Pikwo Monica',NULL,NULL,NULL,NULL,NULL,NULL,NULL,NULL,NULL,NULL,NULL,NULL,NULL,0,0,'F','Blood','2006-11-02',NULL),
 (241,'03.01','2006-11-12 17:52:37','NEGATIVE','',NULL,'Makmilan Maditrwoth',NULL,NULL,NULL,NULL,NULL,NULL,NULL,NULL,NULL,NULL,NULL,NULL,NULL,0,0,'M','Blood','2006-11-02',NULL),
 (242,'03.01','2006-11-12 17:52:43','NEGATIVE','',NULL,'Makmilan Maditrwoth',NULL,NULL,NULL,NULL,NULL,NULL,NULL,NULL,NULL,NULL,NULL,NULL,NULL,0,0,'M','Blood','2006-11-02',NULL),
 (243,'03.01','2006-11-12 15:59:39','NEGATIVE','',NULL,'Makmilan Maditrwoth',NULL,NULL,NULL,NULL,NULL,NULL,NULL,NULL,NULL,NULL,NULL,NULL,NULL,0,0,'M','Blood','2006-11-02','R');
INSERT INTO LABORATORY (LAB_ID,LAB_EXA_ID_A,LAB_DATE,LAB_RES,LAB_NOTE,LAB_PAT_ID,LAB_PAT_NAME,LAB_CROSS1,LAB_CROSS2,LAB_CROSS3,LAB_CROSS4,LAB_CROSS5,LAB_CROSS6,LAB_CROSS7,LAB_CROSS8,LAB_CROSS9,LAB_CROSS10,LAB_CROSS11,LAB_CROSS12,LAB_CROSS13,LAB_LOCK,LAB_AGE,LAB_SEX,LAB_MATERIAL,LAB_EXAM_DATE,LAB_PAT_INOUT) VALUES 
 (245,'03.01','2006-11-12 18:17:22','NEGATIVE','',NULL,'Paramungu Gloria',NULL,NULL,NULL,NULL,NULL,NULL,NULL,NULL,NULL,NULL,NULL,NULL,NULL,0,0,'F','Blood','2006-11-03',NULL),
 (246,'03.01','2006-11-12 16:22:48','NEGATIVE','',NULL,'Paramungu Gloria',NULL,NULL,NULL,NULL,NULL,NULL,NULL,NULL,NULL,NULL,NULL,NULL,NULL,0,0,'F','Blood','2006-11-03','R');
/*!40000 ALTER TABLE LABORATORY ENABLE KEYS */;


--
-- Table structure for table LABORATORYROW
--

DROP TABLE IF EXISTS LABORATORYROW;
CREATE TABLE LABORATORYROW (
  LABR_ID int(11) NOT NULL auto_increment,
  LABR_LAB_ID int(11) NOT NULL,
  LABR_DESC varchar(50) NOT NULL,
  PRIMARY KEY  (LABR_ID)
) ENGINE=MyISAM;

--
-- Dumping data for table LABORATORYROW
--

/*!40000 ALTER TABLE LABORATORYROW DISABLE KEYS */;
INSERT INTO LABORATORYROW (LABR_ID,LABR_LAB_ID,LABR_DESC) VALUES 
 (6,14,'SUGAR'),
 (7,17,'SEDIMENTS'),
 (8,30,'SUGAR'),
 (9,33,'SUGAR'),
 (10,50,'SUGAR'),
 (11,56,'SUGAR'),
 (12,75,'SEDIMENTS'),
 (13,76,'SUGAR'),
 (14,81,'SUGAR'),
 (15,87,'S.MANSONI'),
 (16,116,'SEDIMENTS'),
 (17,120,'SEDIMENTS'),
 (18,124,'SEDIMENTS'),
 (19,161,'SUGAR'),
 (20,177,'G.LAMBLIA'),
 (21,178,'SUGAR'),
 (22,180,'SUGAR'),
 (24,183,'SEDIMENTS'),
 (25,184,'SEDIMENTS'),
 (26,185,'SEDIMENTS'),
 (27,186,'SEDIMENTS'),
 (28,187,'SEDIMENTS'),
 (29,191,'SUGAR'),
 (30,193,'SUGAR'),
 (31,195,'SUGAR'),
 (32,215,'G.LAMBLIA'),
 (33,233,'SUGAR');
/*!40000 ALTER TABLE LABORATORYROW ENABLE KEYS */;


--
-- Table structure for table LOG
--

DROP TABLE IF EXISTS LOG;
CREATE TABLE LOG (
  LOG_ID int(11) NOT NULL auto_increment,
  LOG_TYPE int(11) NOT NULL,
  LOG_CLASS varchar(100) default NULL,
  LOG_TYME datetime NOT NULL,
  LOG_MESS varchar(255) default NULL,
  PRIMARY KEY  (LOG_ID)
) ENGINE=MyISAM;

--
-- Dumping data for table LOG
--

/*!40000 ALTER TABLE LOG DISABLE KEYS */;
/*!40000 ALTER TABLE LOG ENABLE KEYS */;


--
-- Table structure for table MALNUTRITIONCONTROL
--

DROP TABLE IF EXISTS MALNUTRITIONCONTROL;
CREATE TABLE MALNUTRITIONCONTROL (
  MLN_ID int(11) NOT NULL auto_increment,
  MLN_DATE_SUPP datetime NOT NULL,
  MNL_DATE_CONF datetime default NULL,
  MLN_ADM_ID int(11) NOT NULL,
  MLN_HEIGHT float NOT NULL,
  MLN_WEIGHT float NOT NULL,
  MLN_LOCK int(11) NOT NULL default '0',
  PRIMARY KEY  (MLN_ID)
) ENGINE=MyISAM;

--
-- Dumping data for table MALNUTRITIONCONTROL
--

/*!40000 ALTER TABLE MALNUTRITIONCONTROL DISABLE KEYS */;
/*!40000 ALTER TABLE MALNUTRITIONCONTROL ENABLE KEYS */;


--
-- Table structure for table MEDICALDSR
--

DROP TABLE IF EXISTS MEDICALDSR;
CREATE TABLE MEDICALDSR (
  MDSR_ID int(11) NOT NULL auto_increment,
  MDSR_MDSRT_ID_A char(1) NOT NULL,
  MDSR_DESC varchar(100) NOT NULL,
  MDSR_MIN_STOCK_QTI float NOT NULL default '0',
  MDSR_INI_STOCK_QTI float NOT NULL default '0',
  MDSR_IN_QTI float NOT NULL default '0',
  MDSR_OUT_QTI float NOT NULL default '0',
  MDSR_LOCK int(11) NOT NULL default '0',
  PRIMARY KEY  (MDSR_ID),
  UNIQUE KEY MDSR_MDSRT_ID_A_2 (MDSR_MDSRT_ID_A,MDSR_DESC)
) ENGINE=MyISAM;

--
-- Dumping data for table MEDICALDSR
--

/*!40000 ALTER TABLE MEDICALDSR DISABLE KEYS */;
INSERT INTO MEDICALDSR (MDSR_ID,MDSR_MDSRT_ID_A,MDSR_DESC,MDSR_MIN_STOCK_QTI,MDSR_INI_STOCK_QTI,MDSR_IN_QTI,MDSR_OUT_QTI,MDSR_LOCK) VALUES 
 (1,'K','Glucose Test Strip ( Sure Step)',0,0,0,0,0),
 (2,'L','Acetic Acid Glacial 1 ltr',0,0,0,0,0),
 (3,'L','Aceton 99% 1ltr',0,0,0,0,0),
 (4,'L','Copper 11 Sulphate 500g',0,0,0,0,0),
 (5,'L','EDTA Di- sodium salt 100g',0,0,0,0,0),
 (6,'L','Ethanol Absolute 1ltr',0,0,0,0,0),
 (7,'L','Formaldelyde solution 35-38% 1ltr',0,0,0,0,0),
 (8,'L','Hydrochloric Acid 30-33% 1ltr',0,0,0,0,0),
 (9,'L','Iodin Crystal 100g',0,0,0,0,0),
 (10,'L','Methanol 99% 1ltr',0,0,0,0,0),
 (11,'L','Phenol crystals 1kg',0,0,0,0,0),
 (12,'L','Potassium iodide 100g',0,0,0,0,0),
 (13,'L','Sodium Carbonate Anhydrous 500g',0,0,0,0,0),
 (14,'L','Sodium Citrate 100g',0,0,0,0,0),
 (15,'L','Sodium Sulphate 500g',0,0,0,0,0),
 (16,'L','Sodium Nitrate 25g',0,0,0,0,0),
 (17,'L','Sulphosalicylic Acid 500g',0,0,0,0,0),
 (18,'L','Sulphuric Acid Conc 1ltr',0,0,0,0,0),
 (19,'L','Xylene 2.5 ltrs',0,0,0,0,0),
 (20,'L','Sodium Flouride',0,0,0,0,0);
INSERT INTO MEDICALDSR (MDSR_ID,MDSR_MDSRT_ID_A,MDSR_DESC,MDSR_MIN_STOCK_QTI,MDSR_INI_STOCK_QTI,MDSR_IN_QTI,MDSR_OUT_QTI,MDSR_LOCK) VALUES 
 (21,'L','Potassium Oxalate',0,0,0,0,0),
 (22,'L','Brillians crystal blue',0,0,0,0,0),
 (23,'L','Amonium Oxalate',0,0,0,0,0),
 (24,'L','4 Dimethyl Aminobenzaldelyde',0,0,0,0,0),
 (25,'L','Trichloro acetic Acid',0,0,0,0,0),
 (26,'L','Non 111 Chloride (Ferric chloride)',0,0,0,0,0),
 (27,'L','Sodium Carbonate Anhydrous',0,0,0,0,0),
 (28,'L','Trisodium Citrate',0,0,0,0,0),
 (29,'L','Crystal Violet',0,0,0,0,0),
 (30,'K','GPT (ALT) 200ml ( Does not have NAOH)',0,0,0,0,0),
 (31,'K','GOT ( AST) 200ml has no NAOH) AS 101',0,0,0,0,0),
 (32,'K','GOT ( AST) 200ml (Calorimetric) AS 147',0,0,0,0,0),
 (33,'K','HIV 1/2 Capillus Kit 100Tests',0,0,0,0,0),
 (34,'K','HIV Buffer for determine Kit',0,0,0,0,0),
 (35,'K','HIV Determine 1/11 (Abbott) 100Tests',0,0,0,0,0),
 (36,'K','HIV UNIGOLD 1/11 Test Kits 20 Tests',0,0,0,0,0),
 (37,'K','Pregnacy ( HGG Latex) 50 tests',0,0,0,0,0),
 (38,'K','RPR 125mm x 75mm',0,0,0,0,0);
INSERT INTO MEDICALDSR (MDSR_ID,MDSR_MDSRT_ID_A,MDSR_DESC,MDSR_MIN_STOCK_QTI,MDSR_INI_STOCK_QTI,MDSR_IN_QTI,MDSR_OUT_QTI,MDSR_LOCK) VALUES 
 (39,'K','RPR ( VDRL Carbon ) Antigen 5ml',0,0,0,0,0),
 (40,'D','Adrenaline 1mg/ml 1ml Amp',0,0,100,100,0),
 (41,'D','Aminophyline 25mg/ml,10ml Amp',0,0,190,0,0),
 (42,'D','Amphotericin B 50mg Vial',0,0,0,0,0),
 (43,'D','Ampicillin 500mg Vial',0,0,650,0,0),
 (44,'D','Atropine 1mg/ml 1ml Amp',0,0,673,0,0),
 (45,'D','Benzathine Penicillin 2.4 MIU Vial',0,0,0,0,0),
 (46,'D','Benzyl Penicillin 1 MIU Vial',0,0,0,0,0),
 (47,'D','Benzyl Penicillin 5 MIU Vial',0,0,0,0,0),
 (48,'D','Chloramphenicol 1g Vial',0,0,0,0,0),
 (49,'D','Chloroquine 40mg Base/ml 5ml Amp',0,0,0,0,0),
 (50,'D','Chlorpromazine 25mg/ml/2ml Amp',0,0,0,0,0),
 (51,'D','Cloxacillin 500mg Vial',0,0,0,0,0),
 (52,'D','Cyclophosphamide 200mg Vial',0,0,0,0,0),
 (53,'D','Cyclophosphamide 500mg Vial',0,0,0,0,0),
 (54,'D','Diazepam 5mg / ml 2ml Amp',0,0,0,0,0),
 (55,'D','Diclofenac 25mg/ml 3ml Amp',0,0,0,0,0),
 (56,'D','Digoxin 0.25 mg/ml 2ml Amp',0,0,0,0,0);
INSERT INTO MEDICALDSR (MDSR_ID,MDSR_MDSRT_ID_A,MDSR_DESC,MDSR_MIN_STOCK_QTI,MDSR_INI_STOCK_QTI,MDSR_IN_QTI,MDSR_OUT_QTI,MDSR_LOCK) VALUES 
 (57,'D','Frusemide 10mg/ml 2ml Amp',0,0,0,0,0),
 (58,'D','Gentamicin 40mg/ml 2ml',0,0,0,0,0),
 (59,'D','Haloperidol 5mg/ml 1ml Amp',0,0,0,0,0),
 (60,'D','Haloperidol Decanoate 50mg/ml 1ml Amp',0,0,0,0,0),
 (61,'D','Hydralazine 20mg Vial',0,0,0,0,0),
 (62,'D','Hydrocortisone 100mg Vial',0,0,0,0,0),
 (63,'D','Hyoscine Butyl Bromide 20mg/ml/ Amp',0,0,0,0,0),
 (64,'D','Insulin Soluble 100IU/ml 10ml Vial',0,0,0,0,0),
 (65,'D','Insulin Isophane 100IU/ml 10ml Vial',0,0,0,0,0),
 (66,'D','Insulin Mixtard 30/70 100IU/ml 10ml Vial',0,0,0,0,0),
 (67,'D','Insulin Mixtard 30/70 100IU/ml 5x3ml catridges',0,0,0,0,0),
 (68,'D','Insulin Isophane 40IU/ml 10ml',0,0,0,0,0),
 (69,'D','Iron Dextran 10mg/ml 2ml Vial',0,0,0,0,0),
 (70,'D','Ketamine 10mg/ml 20ml Vial',0,0,0,0,0),
 (71,'D','Ketamine 10mg/ml 10ml Vial',0,0,0,0,0),
 (72,'D','Lignocaine 2% 20ml Vial',0,0,0,0,0),
 (73,'D','Lignocaine 2% Adrenaline Dent.cartridges',0,0,0,0,0);
INSERT INTO MEDICALDSR (MDSR_ID,MDSR_MDSRT_ID_A,MDSR_DESC,MDSR_MIN_STOCK_QTI,MDSR_INI_STOCK_QTI,MDSR_IN_QTI,MDSR_OUT_QTI,MDSR_LOCK) VALUES 
 (74,'D','Lignocaine spinal 50mg/ml 2ml Amp',0,0,0,0,0),
 (75,'D','Methylergomatrine 0.2mg/ml 1ml Amp',0,0,0,0,0),
 (76,'D','Methylergomatrine 0.5mg/ml 1ml Amp',0,0,0,0,0),
 (77,'D','Metoclopramide 5mg/ml 100ml Amp',0,0,0,0,0),
 (78,'D','Metronidazole 5mg/ml 2ml IV',0,0,0,0,0),
 (79,'D','Morphine 15mg/ml 1ml Amp',0,0,0,0,0),
 (80,'D','Oxytocin 10 IU/ml 1ml Amp',0,0,0,0,0),
 (81,'D','Pethidine 100mg/ml 2ml Amp',0,0,0,0,0),
 (82,'D','Pethidine 50mg/ml 1ml Amp',0,0,0,0,0),
 (83,'D','Phenobarbital 100mg/ml 2ml Amp',0,0,0,0,0),
 (84,'D','Phytomenadione 10mg/ml 1ml Amp',0,0,0,0,0),
 (85,'D','Phytomenadione 1mg/ml 1ml Amp',0,0,0,0,0),
 (86,'D','Procaine Penicillin Fortified 4 MIU Vial',0,0,0,0,0),
 (87,'D','Promethazine 25mg/ml 2ml Amp',0,0,0,0,0),
 (88,'D','Quinine Di-HCI 300mg/ml 2ml Amp',0,0,0,0,0),
 (89,'D','Ranitidine 25mg/ml 2ml Amp',0,0,0,0,0),
 (90,'D','Streptomycin 1g Vial',0,0,0,0,0);
INSERT INTO MEDICALDSR (MDSR_ID,MDSR_MDSRT_ID_A,MDSR_DESC,MDSR_MIN_STOCK_QTI,MDSR_INI_STOCK_QTI,MDSR_IN_QTI,MDSR_OUT_QTI,MDSR_LOCK) VALUES 
 (91,'D','Suxamethonium 500mg Vial',0,0,0,0,0),
 (92,'D','Suxamethonium 500mg/ml 2ml Amp',0,0,0,0,0),
 (93,'D','tetanus Antitoxin 1500 IU 1ml Amp',0,0,0,0,0),
 (94,'D','Thiopental Sodium 500mg Vial',0,0,0,0,0),
 (95,'D','Water for Injection 10ml Vial',0,0,0,0,0),
 (96,'D','Sodium Chloride 0.9% IV 500ml',0,0,0,0,0),
 (97,'D','Sodium Lactate Compound IV 500ml',0,0,0,0,0),
 (98,'D','Acetazolamide 250mg Tab',0,0,200,200,2),
 (99,'D','Acyclovir 200mg Tab',0,0,1310,100,0),
 (101,'D','Aminophylline 100mg Tab',0,0,8981,0,0),
 (102,'D','Albendazole 400mg Tab',0,0,0,0,0),
 (103,'D','Albendazole 200mg Tab',450,0,37300,100,1),
 (104,'D','Amitriptyline 25mg Tab',0,0,5600,0,0),
 (105,'D','Amoxycillin 250mg Caps',0,0,57080,1000,0),
 (106,'D','Amoxycillin /Clavulanate 375mg Tab',0,0,0,0,0),
 (107,'D','Ascorbic Acid 100mg tab',0,0,0,0,0),
 (108,'D','Aspirin 300mg Tab',0,0,4344,1600,0),
 (109,'D','Atenolol 50mg Tab',0,0,5500,0,0);
INSERT INTO MEDICALDSR (MDSR_ID,MDSR_MDSRT_ID_A,MDSR_DESC,MDSR_MIN_STOCK_QTI,MDSR_INI_STOCK_QTI,MDSR_IN_QTI,MDSR_OUT_QTI,MDSR_LOCK) VALUES 
 (110,'D','Atenolol 100mg Tab',0,0,0,0,0),
 (111,'D','Bendrofluazide 5mg Tab',0,0,0,0,0),
 (112,'D','Benzhexol 2mg Tab',0,0,0,0,0),
 (113,'D','Benzhexol 5mg Tab',0,0,0,0,0),
 (114,'D','Bisacodyl 5mg Tab',0,0,0,0,0),
 (115,'D','Calcium Lactate 300mg Tab',0,0,0,0,0),
 (116,'D','Carbamazepine 200mg Tab',0,0,0,0,0),
 (117,'D','Carbimazole 5mg Tab',0,0,0,0,0),
 (118,'D','Charcoal 250mg Tab',0,0,0,0,0),
 (119,'D','Chloramphenicol 250mg Caps',0,0,0,0,0),
 (120,'D','Chloroquine Uncoated 150mg Tab',0,0,0,0,0),
 (121,'D','Chloroquine Coated 150mg Tab',0,0,0,0,0),
 (122,'K','UREA Calorimetric 300 Tests',0,0,0,0,0),
 (123,'D','Chlorphenimine 4mg Tab',0,0,0,0,0),
 (124,'D','Chlorpromazine 100mg Tab',0,0,0,0,0),
 (125,'D','Chlorpromazine 25mg Tab',0,0,0,0,0),
 (126,'D','Cimetidine 200mg Tab',0,0,0,0,0),
 (127,'D','Cimetidine 400mg Tab',0,0,0,0,0),
 (128,'D','Ciprofloxacine 500mg Tab',0,0,0,0,0);
INSERT INTO MEDICALDSR (MDSR_ID,MDSR_MDSRT_ID_A,MDSR_DESC,MDSR_MIN_STOCK_QTI,MDSR_INI_STOCK_QTI,MDSR_IN_QTI,MDSR_OUT_QTI,MDSR_LOCK) VALUES 
 (129,'D','Ciprofloxacine 250mg Tab',0,0,0,0,0),
 (130,'D','Cloxacillin 250mg Tab',0,0,0,0,0),
 (131,'D','Codein Phosphate 30mg Tab',0,0,0,0,0),
 (132,'D','Cotrimoxazole 100/20mg Paed Tab',0,0,0,0,0),
 (133,'D','Cotrimoxazole 400/80mg Tab',0,0,0,0,0),
 (134,'D','Darrows Half Strength 500ml',0,0,0,0,0),
 (135,'D','DEXAMethasone 4mg/ml 2ml Amp',0,0,0,0,0),
 (136,'D','DEXAMethasone 4mg/ml 1ml Amp',0,0,0,0,0),
 (137,'D','Dextrose 5% IV 500ml',0,0,0,0,0),
 (138,'D','Dextrose 30% IV 100ml',0,0,0,0,0),
 (139,'D','Dextrose 50% IV 100ml',0,0,0,0,0),
 (140,'D','DEXAMethasone 0.5mg Tab',0,0,0,0,0),
 (141,'D','Diazepam 5mg Tab',0,0,0,0,0),
 (142,'D','Diclofenac 50mg Tab',0,0,0,0,0),
 (143,'D','Diethylcarbamazine 50mg Tab',0,0,0,0,0),
 (144,'D','Digoxin 0.25 mg Tab',0,0,0,0,0),
 (145,'D','Doxycycline 100mg Tab',0,0,0,0,0),
 (146,'D','Ephedrine 30mg Tab',0,0,0,0,0),
 (147,'D','Erythromycin 250mg Tab',0,0,0,0,0);
INSERT INTO MEDICALDSR (MDSR_ID,MDSR_MDSRT_ID_A,MDSR_DESC,MDSR_MIN_STOCK_QTI,MDSR_INI_STOCK_QTI,MDSR_IN_QTI,MDSR_OUT_QTI,MDSR_LOCK) VALUES 
 (148,'D','Fansider 500/25mg Tab (50dosesx3)',0,0,0,0,0),
 (149,'D','Fansider 500/25mg Tab',0,0,0,0,0),
 (150,'D','Ferrous Sulphate 200mg Tab',0,0,0,0,0),
 (151,'D','Fluconazole 100mg Tab',0,0,0,0,0),
 (152,'D','Fluconazole 100mg 24 Caps',0,0,0,0,0),
 (153,'D','Folic Acid 1mg Tab',0,0,0,0,0),
 (154,'D','Folic Acid 5mg Tab',0,0,0,0,0),
 (155,'D','Folic Acid/Ferrous Sulp 0.5/200mg Tab',0,0,0,0,0),
 (156,'D','Folic Acid 15mg Tab',0,0,0,0,0),
 (157,'D','Frusemide 40mg Tab',0,0,0,0,0),
 (158,'D','Glibeclamide 5mg Tab',0,0,0,0,0),
 (159,'D','Griseofulvin 500mg Tab',0,0,0,0,0),
 (160,'D','Haloperidol 5mg Tab',0,0,0,0,0),
 (161,'D','Haloperdol 5mg',0,0,0,0,0),
 (162,'D','Hydralazine 25mg Tab',0,0,0,0,0),
 (163,'D','Hyoscine 10mg Tab',0,0,0,0,0),
 (164,'D','Ibuprofen 200mg Tab',0,0,0,0,0),
 (165,'D','Impramine 25mg Tab',0,0,0,0,0),
 (166,'D','Indomethacin 25mg Tab',0,0,0,0,0),
 (167,'D','Isoniazid 300mg Tab',0,0,0,0,0);
INSERT INTO MEDICALDSR (MDSR_ID,MDSR_MDSRT_ID_A,MDSR_DESC,MDSR_MIN_STOCK_QTI,MDSR_INI_STOCK_QTI,MDSR_IN_QTI,MDSR_OUT_QTI,MDSR_LOCK) VALUES 
 (168,'D','Ketocanazole 200mg Tab',0,0,0,0,0),
 (169,'D','Pyridoxine 50mg Tab',0,0,0,0,0),
 (170,'D','Quinine 300mg Tab',0,0,0,0,0),
 (171,'D','Ranitidine 150mg Tab',0,0,0,0,0),
 (172,'D','Rifampicin/Isoniazid 150/100 Tab',0,0,0,0,0),
 (173,'D','Salbutamol 4mg Tab',0,0,0,0,0),
 (174,'D','Spironolactone 25mg Tab',0,0,0,0,0),
 (175,'D','Tolbutamide 500mg tab',0,0,0,0,0),
 (176,'D','Vitamin A 200.000 IU Caps',0,0,0,0,0),
 (177,'D','Vitamin B Complex Tab',0,0,0,0,0),
 (178,'D','Oral Rehydration Salt (ORS)',0,0,0,0,0),
 (179,'D','Paracetamol 120mg/5ml Syrup',0,0,0,0,0),
 (180,'D','Paracetamol 120mg/5ml 100ml',0,0,0,0,0),
 (181,'D','Quinine 100mg/5ml Syrup 100ml',0,0,0,0,0),
 (183,'D','Chlorhexidine/Centrimide 1.5/15% 1Ltr',0,0,0,0,0),
 (184,'D','Chlorhexidine/Centrimide 1.5/15% 5Ltr',0,0,0,0,0),
 (185,'D','Getian Violet 25g Tin',0,0,0,0,0),
 (186,'D','Hydrogen Peroxide 6% 250ml',0,0,0,0,0);
INSERT INTO MEDICALDSR (MDSR_ID,MDSR_MDSRT_ID_A,MDSR_DESC,MDSR_MIN_STOCK_QTI,MDSR_INI_STOCK_QTI,MDSR_IN_QTI,MDSR_OUT_QTI,MDSR_LOCK) VALUES 
 (187,'D','Iodine Solution 2% 500ml',0,0,0,0,0),
 (188,'D','Sodium Hypochloride solution 0.75 Ltr',0,0,0,0,0),
 (189,'D','liquid detergent 5Ltr Perfumed',0,0,0,0,0),
 (190,'D','Soap Blue Bar 550g',0,0,0,0,0),
 (191,'D','Liquid detergent 20Ltr',0,0,0,0,0),
 (192,'D','Soap Powder Hand wash 5kg',0,0,0,0,0),
 (193,'D','Sodium Hypochlorite solution 5Ltr',0,0,0,0,0),
 (194,'D','Betamethasone 0.1% eye/ear/nose drops',0,0,0,0,0),
 (195,'D','Betamethasone 0.1% Neomycin 0.35 %eye drops 7.5ml',0,0,0,0,0),
 (196,'D','Chloramphenicol 0.5% Eye Drops 10ml',0,0,0,0,0),
 (197,'D','Cloramphenicol 1% Eye Ointment 3.5g',0,0,0,0,0),
 (198,'D','Gentamicin 0.3% eye/ear drops 10ml',0,0,0,0,0),
 (199,'D','Hydrocortisone 1% eye drops 5ml',0,0,0,0,0),
 (200,'D','Tetracycline eye ointment 1% 3.5g',0,0,0,0,0),
 (201,'D','Beclamethasone 50mcg Innhaler',0,0,0,0,0),
 (202,'K','Urine Test Strips 3 Parameters 100 tests',0,0,0,0,0);
INSERT INTO MEDICALDSR (MDSR_ID,MDSR_MDSRT_ID_A,MDSR_DESC,MDSR_MIN_STOCK_QTI,MDSR_INI_STOCK_QTI,MDSR_IN_QTI,MDSR_OUT_QTI,MDSR_LOCK) VALUES 
 (203,'D','Salbutamol solution for inhalation 5ml',0,0,0,0,0),
 (204,'D','Salbutamol Inhaler 10ml',0,0,0,0,0),
 (205,'D','Clotrimazole 500mg Pessaries',0,0,0,0,0),
 (206,'D','Clotrimazole 100mg Pessaries',0,0,0,0,0),
 (207,'D','Diazepam 2mg/ml 2.5ml Rectal Tube',0,0,0,0,0),
 (208,'D','Antihaemorrhoid suppositories',0,0,100,0,0),
 (209,'D','Nystatin 100.000 IU Pessaries',0,0,0,0,0),
 (210,'D','Dextrose Monohydrate Apyrogen 25Kg',0,0,0,0,0),
 (211,'D','Benzyl Benzoate 25% 100ml',0,0,0,0,0),
 (212,'D','Calamine Lotion 3Ltr',0,0,0,0,0),
 (213,'D','Calamine Lotion 100ml',0,0,0,0,0),
 (214,'D','Clotrimazole !% cream 200mg',0,0,0,0,0),
 (215,'D','Clotrimazole !% cream 15/20g',0,0,0,0,0),
 (216,'D','Hydrocortisone 1% Cream 200g',0,0,0,0,0),
 (217,'D','Hydrocortisone 1% Cream 15g',0,0,0,0,0),
 (218,'D','Hydrocortisone 1% Ointment 200g',0,0,0,0,0),
 (219,'D','Hydrocortisone 1% Ointment 15g',0,0,0,0,0);
INSERT INTO MEDICALDSR (MDSR_ID,MDSR_MDSRT_ID_A,MDSR_DESC,MDSR_MIN_STOCK_QTI,MDSR_INI_STOCK_QTI,MDSR_IN_QTI,MDSR_OUT_QTI,MDSR_LOCK) VALUES 
 (220,'D','lubricating Jelly 42g',0,0,0,0,0),
 (221,'D','Nystatin 100,000 IU/g Ointment 30g',0,0,0,0,0),
 (222,'D','Ultrasound Gel 800g',0,0,0,0,0),
 (223,'D','Ultrasound Gel 5Ltr',0,0,0,0,0),
 (224,'D','Whitfield Oinment 200g',0,0,0,0,0),
 (225,'D','Whitfield Oinment 25g',0,0,0,0,0),
 (226,'D','Amoxycillin 125mg/5ml Powd. Susp 100ml',0,0,180,0,0),
 (227,'D','Chloramphenicol 125mg/5ml Susp 3Ltr',0,0,0,0,0),
 (228,'D','Chloramphenicol 125mg/5ml Susp 100ml',0,0,0,0,0),
 (229,'D','Cotrimoxazole 200+40mg/5ml Susp 3Ltr',0,0,0,0,0),
 (230,'D','Cotrimoxazole 200+40mg/5ml Susp 100ml',0,0,0,0,0),
 (231,'D','Nystatin 500.000IU/ Susp/ Drops',0,0,0,0,0),
 (232,'D','Sodium Chloride Apyrogen 50kg',0,0,0,0,0),
 (233,'K','Field stain A and B',0,0,0,0,0),
 (234,'K','Genitian Violet',0,0,0,0,0),
 (235,'K','Neutral Red',0,0,0,0,0),
 (236,'K','Eosin Yelowish',0,0,0,0,0),
 (237,'K','Giemsa Stain',0,0,0,0,0);
INSERT INTO MEDICALDSR (MDSR_ID,MDSR_MDSRT_ID_A,MDSR_DESC,MDSR_MIN_STOCK_QTI,MDSR_INI_STOCK_QTI,MDSR_IN_QTI,MDSR_OUT_QTI,MDSR_LOCK) VALUES 
 (238,'K','Anti Serum A 10ml',0,0,0,0,0),
 (239,'S','Blood giving set Disposable',0,0,0,0,0),
 (240,'S','Blood Transfer Bag 300ml',0,0,0,0,0),
 (241,'S','Insulin Syringe 100IU with Needle G26/29',0,0,0,0,0),
 (242,'S','IV Canula G16 with Port',0,0,0,0,0),
 (243,'S','IV Canula G18 with Port',0,0,0,0,0),
 (244,'S','IV Canula G20 with Port',0,0,0,0,0),
 (245,'S','IV Canula G22 with Port',0,0,0,0,0),
 (246,'S','IV Canula G24 without Port',0,0,0,0,0),
 (247,'S','IV Canula G24 with Port',0,0,0,0,0),
 (248,'S','IV Giving set Disposable',0,0,0,0,0),
 (249,'S','Needle container disposable of contaminated',0,0,0,0,0),
 (250,'S','Needles Luer G20 Disposable',0,0,0,0,0),
 (251,'S','Needles Luer G21 Disposable',0,0,0,0,0),
 (252,'S','Needles Luer G22 Disposable',0,0,0,0,0),
 (253,'S','Needles Luer G23 Disposable',0,0,0,0,0),
 (254,'S','Needles Spinal G20x75-120mm',0,0,0,0,0),
 (255,'S','Needles Spinal G22x75-120mm',0,0,0,0,0);
INSERT INTO MEDICALDSR (MDSR_ID,MDSR_MDSRT_ID_A,MDSR_DESC,MDSR_MIN_STOCK_QTI,MDSR_INI_STOCK_QTI,MDSR_IN_QTI,MDSR_OUT_QTI,MDSR_LOCK) VALUES 
 (256,'S','Needles Spinal G25x75-120mm',0,0,0,0,0),
 (257,'S','Needles Spinal G22x40mm',0,0,0,0,0),
 (258,'S','Scalp Vein G19 Infusion set',0,0,0,0,0),
 (259,'S','Scalp Vein G21 Infusion set',0,0,0,0,0),
 (260,'S','Scalp Vein G23 Infusion set',0,0,0,0,0),
 (261,'S','Scalp Vein G25 Infusion set',0,0,0,0,0),
 (262,'S','Syringe Feeding/Irrigation 50/60ml',0,0,0,0,0),
 (263,'S','Syringe Luer 2ml With Needle Disposable',0,0,0,0,0),
 (264,'S','Syringe Luer 10ml With Needle Disposable',0,0,0,0,0),
 (265,'S','Syringe Luer 20ml With Needle Disposable',0,0,0,0,0),
 (266,'S','Syringe Luer 5ml With Needle Disposable',0,0,0,0,0),
 (267,'S','Airway Guedel Size 00',0,0,0,0,0),
 (268,'S','Airway Guedel Size 0',0,0,0,0,0),
 (269,'S','Airway Guedel Size 1',0,0,0,0,0),
 (270,'S','Airway Guedel Size 2',0,0,0,0,0),
 (271,'S','Airway Guedel Size 3',0,0,0,0,0),
 (272,'S','Eye Pad Sterile',0,0,0,0,0);
INSERT INTO MEDICALDSR (MDSR_ID,MDSR_MDSRT_ID_A,MDSR_DESC,MDSR_MIN_STOCK_QTI,MDSR_INI_STOCK_QTI,MDSR_IN_QTI,MDSR_OUT_QTI,MDSR_LOCK) VALUES 
 (273,'S','Adhesive Tape 2.5cm x 5m',0,0,0,0,0),
 (274,'S','Adhesive Tape 7.5cm x 5m',0,0,0,0,0),
 (275,'S','cotton Wool 500G',0,0,0,0,0),
 (276,'S','Cotton Wool 200G',0,0,0,0,0),
 (277,'S','Elastic Bandage 10cm x 4.5m',0,0,0,0,0),
 (278,'S','Elastic Bandage 7.5cm x 4.5m',0,0,0,0,0),
 (279,'S','Gauze Bandage 7.5cm x 3.65-4m',0,0,0,0,0),
 (280,'S','Gauze Bandage 10cm x 4m',0,0,0,0,0),
 (281,'S','Gauze Pads Non Sterile 10cm x 10cm',0,0,0,0,0),
 (282,'S','Gauze Pads  Sterile 10cm x 10cm',0,0,0,0,0),
 (283,'S','Gauze Hydrophylic 90cm x 91cm',0,0,0,0,0),
 (284,'S','Plaster of Paris 10cm',0,0,0,0,0),
 (285,'S','Plaster of Paris 15cm',0,0,0,0,0),
 (286,'S','Cathether Foley CH20 3 Way Ballon',0,0,0,0,0),
 (287,'S','Cathether Foley CH8 3 Way Ballon',0,0,0,0,0),
 (288,'S','Cathether Foley CH10 3 Way Ballon',0,0,0,0,0),
 (289,'S','Cathether Foley CH12 3 Way Ballon',0,0,0,0,0),
 (290,'S','Cathether Foley CH14 3 Way Ballon',0,0,0,0,0);
INSERT INTO MEDICALDSR (MDSR_ID,MDSR_MDSRT_ID_A,MDSR_DESC,MDSR_MIN_STOCK_QTI,MDSR_INI_STOCK_QTI,MDSR_IN_QTI,MDSR_OUT_QTI,MDSR_LOCK) VALUES 
 (291,'S','Cathether Foley CH16 3 Way Ballon',0,0,0,0,0),
 (292,'S','Cathether Foley CH18 3 Way Ballon',0,0,0,0,0),
 (293,'S','Cathether Stopper for All sizes',0,0,0,0,0),
 (294,'S','Nasogastric Tube G5 (Children)',0,0,0,0,0),
 (295,'S','Nasogastric Tube G8 (Children)',0,0,0,0,0),
 (296,'S','Nasogastric Tube G6 (Children)',0,0,0,0,0),
 (297,'S','Nasogastric Tube G10 (Children)',0,0,0,0,0),
 (298,'S','Nasogastric Tube G14 (Children)',0,0,0,0,0),
 (299,'S','Nasogastric Tube G16 (Children)',0,0,0,0,0),
 (300,'S','Rectal Tube CH24',0,0,0,0,0),
 (301,'S','Rectal Tube CH26',0,0,0,0,0),
 (302,'S','Suction Cathether Size 6 Disposable',0,0,0,0,0),
 (303,'S','Suction Cathether Size 8 Disposable',0,0,0,0,0),
 (304,'S','Suction Cathether Size 16 Disposable',0,0,0,0,0),
 (305,'S','Suction Cathether Size 12 Disposable',0,0,0,0,0),
 (306,'S','Suction Cathether Size 14 Disposable',0,0,0,0,0),
 (307,'S','Suction Cathether Size 10 Disposable',0,0,0,0,0);
INSERT INTO MEDICALDSR (MDSR_ID,MDSR_MDSRT_ID_A,MDSR_DESC,MDSR_MIN_STOCK_QTI,MDSR_INI_STOCK_QTI,MDSR_IN_QTI,MDSR_OUT_QTI,MDSR_LOCK) VALUES 
 (308,'S','Gloves Domestic',0,0,0,0,0),
 (309,'S','Gloves High risk non sterile Medium',0,0,0,0,0),
 (310,'S','Gloves Gynaecological 7.5-8',0,0,0,0,0),
 (311,'S','Gloves Non Sterile Medium Disposable',0,0,0,0,0),
 (312,'S','Gloves Non Sterile Large Disposable',0,0,0,0,0),
 (313,'S','Gloves Surgical Sterile 6',0,0,0,0,0),
 (314,'S','Gloves Surgical Sterile 6.5',0,0,0,0,0),
 (315,'S','Gloves Surgical Sterile 7',0,0,0,0,0),
 (316,'S','Gloves Surgical Sterile 7.5',0,0,0,0,0),
 (317,'S','Gloves Surgical Sterile 8',0,0,0,0,0),
 (318,'S','Gloves Surgical Sterile 8.5',0,0,0,0,0),
 (319,'S','Tongue depressor Disposable',0,0,0,0,0),
 (320,'S','Bedpan Plastic Autoclavable',0,0,0,0,0),
 (321,'S','Bedpan Stainless Steel',0,0,0,0,0),
 (322,'S','Body Bag 70 x 215cm  (Adult)',0,0,0,0,0),
 (323,'S','Bowl Without Lid 7 x 12cm stainless steel',0,0,0,0,0),
 (324,'S','Bowl Without Lid 8 x 16cm stainless steel',0,0,0,0,0);
INSERT INTO MEDICALDSR (MDSR_ID,MDSR_MDSRT_ID_A,MDSR_DESC,MDSR_MIN_STOCK_QTI,MDSR_INI_STOCK_QTI,MDSR_IN_QTI,MDSR_OUT_QTI,MDSR_LOCK) VALUES 
 (325,'S','Bowl Without Lid 10 x 24cm stainless steel',0,0,0,0,0),
 (326,'S','Air ring set 43x15cm, rubber with pump',0,0,0,0,0),
 (327,'S','Colostomy Bag closed 30mm size 2',0,0,0,0,0),
 (328,'S','Colostomy Bag closed 30mm size 3',0,0,0,0,0),
 (329,'S','Colostomy Bag open re-usable 35mm',0,0,0,0,0),
 (330,'S','Ear syringe rubber 60ml',0,0,0,0,0),
 (331,'S','First Aid kit',0,0,0,0,0),
 (332,'S','Gallipot stainless steel 300ml/15cm',0,0,0,0,0),
 (333,'S','Gallipot stainless steel 200ml/10cm',0,0,0,0,0),
 (334,'S','Hot water Bottle 2Ltr',0,0,0,0,0),
 (335,'S','Instrument Box With Lid 20x10x5cm',0,0,0,0,0),
 (336,'S','Instrument Tray 30 x 20 x 2cm',0,0,0,0,0),
 (337,'S','Irrigation can with acsessories',0,0,0,0,0),
 (338,'S','Kidney Dish stainless Steel 24cm',0,0,0,0,0),
 (339,'S','Kidney Dish stainless Steel 20cm',0,0,0,0,0),
 (340,'S','Kidney Dish Polypropylene 24cm',0,0,0,0,0),
 (341,'S','Mackintosh Plastic (Apron) per 1m',0,0,0,0,0);
INSERT INTO MEDICALDSR (MDSR_ID,MDSR_MDSRT_ID_A,MDSR_DESC,MDSR_MIN_STOCK_QTI,MDSR_INI_STOCK_QTI,MDSR_IN_QTI,MDSR_OUT_QTI,MDSR_LOCK) VALUES 
 (342,'S','Mackintosh Rubber Brown (sheeting) per 1m',0,0,0,0,0),
 (343,'S','Measuring Cup Graduated 25ml',0,0,0,0,0),
 (344,'S','Nesk Support Small',0,0,0,0,0),
 (345,'S','Neck Support Medium',0,0,0,0,0),
 (346,'S','Neck Support Large',0,0,0,0,0),
 (347,'S','Spoon Medicine 5ml',0,0,0,0,0),
 (348,'S','Apron Plastic Re-usable',0,0,0,0,0),
 (349,'S','Apron Plastic Re-usable local',0,0,0,0,0),
 (350,'S','Apron Polythene Disp Non Sterile',0,0,0,0,0),
 (351,'S','Razor Blades Disposable 5pc',0,0,0,0,0),
 (352,'S','Stethoscope Foetal Metal',0,0,0,0,0),
 (353,'S','Stethoscope Foetal Wood',0,0,0,0,0),
 (354,'S','Surgical Brush (Scrubbing)',0,0,0,0,0),
 (355,'S','Surgical Mop 12 x 15',0,0,0,0,0),
 (356,'S','Tablet Counting Tray',0,0,0,0,0),
 (357,'S','Toilet Paper Rolls',0,0,0,0,0),
 (358,'S','Traction Kit Children',0,0,0,0,0),
 (359,'S','Traction Kit Adult',0,0,0,0,0),
 (360,'S','Thermometer Clinical Flat Type',0,0,0,0,0);
INSERT INTO MEDICALDSR (MDSR_ID,MDSR_MDSRT_ID_A,MDSR_DESC,MDSR_MIN_STOCK_QTI,MDSR_INI_STOCK_QTI,MDSR_IN_QTI,MDSR_OUT_QTI,MDSR_LOCK) VALUES 
 (361,'S','Thermometer Clinical Prismatic Type',0,0,0,0,0),
 (362,'S','Umbilical Cord Tie non sterile 100m',0,0,0,0,0),
 (363,'S','Umbilical Cord Tie sterile 22m',0,0,0,0,0),
 (364,'S','Urinal 1Ltr / 2Ltr',0,0,0,0,0),
 (365,'S','Urine Collecting Bag sterile 2Ltr',0,0,0,0,0),
 (366,'S','Insectcide Spray 400g',0,0,0,0,0),
 (367,'S','Mosquito Net Impregnated Medium',0,0,0,0,0),
 (368,'S','Mosquito Net Impregnated Large',0,0,0,0,0),
 (369,'S','Mosquito Net Non Impregnated Medium',0,0,0,0,0),
 (370,'S','Mosquito Net Non Impregnated Large',0,0,0,0,0),
 (371,'S','Mosquito Net Impregnation Tablet',0,0,0,0,0),
 (372,'S','Mosquito Net Impregnation Liquid 500ml',0,0,0,0,0),
 (373,'S','Mosquito Wal spray Powder 80g',0,0,0,0,0),
 (374,'S','Handle for surgical blade No 3',0,0,0,0,0),
 (375,'S','Handle for surgical blade No 4',0,0,0,0,0),
 (376,'S','Surgical Blades No 20',0,0,0,0,0),
 (377,'S','Surgical Blades No 21',0,0,0,0,0);
INSERT INTO MEDICALDSR (MDSR_ID,MDSR_MDSRT_ID_A,MDSR_DESC,MDSR_MIN_STOCK_QTI,MDSR_INI_STOCK_QTI,MDSR_IN_QTI,MDSR_OUT_QTI,MDSR_LOCK) VALUES 
 (378,'S','Surgical Blades No 22',0,0,0,0,0),
 (379,'S','Surgical Blades No 23',0,0,0,0,0),
 (380,'S','Needle suture No 5 round',0,0,0,0,0),
 (381,'S','Needle suture No 5 cutting',0,0,0,0,0),
 (382,'S','Needle suture No 6 Round',0,0,0,0,0),
 (383,'S','Suture Cutgut Chromic (0)',0,0,0,0,0),
 (384,'S','Suture Cutgut Chromic (2) RN22240TH',0,0,0,0,0),
 (385,'S','Suture Cutgut Chromic (2/0) RN22230TH',0,0,0,0,0),
 (386,'S','Suture Cutgut Chromic (3/0) RN2325TF',0,0,0,0,0),
 (387,'S','Suture Cutgut Plain (2/0) RN1230TF',0,0,0,0,0),
 (388,'S','Suture Silk (1) S595',0,0,0,0,0),
 (389,'S','Suture Silk (2/0) RN5230TF',0,0,0,0,0),
 (390,'S','Suture PGA (3/0) RN3330TF',0,0,0,0,0),
 (391,'S','Lead Apron 100cmx60cm',0,0,0,0,0),
 (392,'S','X-Ray Developer 2.6kg for 22.5Ltr',0,0,0,0,0),
 (393,'S','X-Ray Film 18x24cm',0,0,0,0,0),
 (394,'S','X-Ray Film 20x40cm',0,0,0,0,0),
 (395,'S','X-Ray Film 24x30cm',0,0,0,0,0);
INSERT INTO MEDICALDSR (MDSR_ID,MDSR_MDSRT_ID_A,MDSR_DESC,MDSR_MIN_STOCK_QTI,MDSR_INI_STOCK_QTI,MDSR_IN_QTI,MDSR_OUT_QTI,MDSR_LOCK) VALUES 
 (396,'S','X-Ray Film 30x40cm',0,0,0,0,0),
 (397,'S','X-Ray Film 35x35cm',0,0,0,0,0),
 (398,'S','X-Ray Film 43x35cm',0,0,0,0,0),
 (399,'S','X-Ray Film Cassette  18x24cm with screen',0,0,0,0,0),
 (400,'S','X-Ray Film Cassette  24x30cm with screen',0,0,0,0,0),
 (401,'S','X-Ray Film Cassette  30x40cm with screen',0,0,0,0,0),
 (402,'S','X-Ray Film Cassette  35x35cm with screen',0,0,0,0,0),
 (403,'S','X-Ray Film Cassette  35x43cm with screen',0,0,0,0,0),
 (404,'S','X-Ray Fixer 3.3kg for 22.5 Ltr',0,0,10,10,0),
 (405,'S','Barium Sulphate for X-Ray 1kg',0,0,0,0,0),
 (406,'S','Diatrizoate Meglumin Sod 76% 20ml Amp',0,0,0,0,0),
 (407,'K','Anti Serum B 10ml',0,0,0,0,0),
 (408,'K','Anti Serum AB 10ml',0,0,0,0,0),
 (409,'K','Anti Serum D 10ml',0,0,0,0,0),
 (410,'K','Creatinine 200ml (Calorimetric)',0,0,0,0,0),
 (411,'K','Glucose GOD PAD  6 x 100ml (Colorimetric)',0,0,0,0,0),
 (412,'K','Glucose Test Strips (Hyloguard)',0,0,0,0,0);
INSERT INTO MEDICALDSR (MDSR_ID,MDSR_MDSRT_ID_A,MDSR_DESC,MDSR_MIN_STOCK_QTI,MDSR_INI_STOCK_QTI,MDSR_IN_QTI,MDSR_OUT_QTI,MDSR_LOCK) VALUES 
 (414,'D','Aciclovir cream',2,0,320,0,0),
 (415,'D','Paracetamol 500 MG',18000,0,70510,1200,1),
 (416,'D','Artemether+Lumefantrine 25-35kg',0,0,252,0,0),
 (417,'D','Coartem 15-25kg',0,0,379,0,0),
 (418,'D','Coartem 5-15kg',0,0,493,0,0);
/*!40000 ALTER TABLE MEDICALDSR ENABLE KEYS */;


--
-- Table structure for table MEDICALDSRLOT
--

DROP TABLE IF EXISTS MEDICALDSRLOT;
CREATE TABLE MEDICALDSRLOT (
  LT_ID_A varchar(50) NOT NULL,
  LT_PREP_DATE datetime NOT NULL,
  LT_DUE_DATE datetime NOT NULL,
  LT_LOCK int(11) NOT NULL default '0',
  PRIMARY KEY  (LT_ID_A)
) ENGINE=MyISAM;

--
-- Dumping data for table MEDICALDSRLOT
--

/*!40000 ALTER TABLE MEDICALDSRLOT DISABLE KEYS */;
INSERT INTO MEDICALDSRLOT (LT_ID_A,LT_PREP_DATE,LT_DUE_DATE,LT_LOCK) VALUES 
 ('-1554622624438837880','2005-08-01 00:00:00','2010-08-30 00:00:00',0),
 ('-1769145966120870973','2005-10-01 00:00:00','2008-09-30 00:00:00',0),
 ('-1815940974768681924','2005-08-01 00:00:00','2010-08-31 00:00:00',0),
 ('-4111916415666582009','2006-04-01 00:00:00','2009-03-30 00:00:00',0),
 ('-5845759742362476819','2006-01-01 00:00:00','2009-01-30 00:00:00',0),
 ('-6109574716038492275','2006-01-01 00:00:00','2008-06-30 00:00:00',0),
 ('-6730757007553028234','2005-05-01 00:00:00','2007-04-30 00:00:00',0),
 ('-6960883012965428324','2005-10-01 00:00:00','2007-07-30 00:00:00',0),
 ('-7516567952419863028','2006-08-01 00:00:00','2008-07-30 00:00:00',0),
 ('-7660511420907688190','2006-08-01 00:00:00','2009-07-31 00:00:00',0),
 ('-7718978867967166817','2002-04-03 00:00:00','2005-07-01 00:00:00',0),
 ('-8122995274739094851','2006-04-01 00:00:00','2009-03-30 00:00:00',0),
 ('-8578118420799114207','2005-09-01 00:00:00','2009-08-31 00:00:00',0),
 ('-8771079640543120715','2005-09-01 00:00:00','2009-08-31 00:00:00',0);
INSERT INTO MEDICALDSRLOT (LT_ID_A,LT_PREP_DATE,LT_DUE_DATE,LT_LOCK) VALUES 
 ('2422709406193164023','2004-04-01 00:00:00','2009-05-30 00:00:00',0),
 ('36536085092085883','2006-09-16 00:00:00','2006-12-16 00:00:00',0),
 ('5453401403025577763','2005-05-01 00:00:00','2008-04-30 00:00:00',0),
 ('5830690725884682660','2002-08-01 00:00:00','2007-08-30 00:00:00',0),
 ('677685091133639642','2006-09-30 00:00:00','2007-09-30 00:00:00',0),
 ('6814074013396911291','2002-09-01 00:00:00','2007-09-30 00:00:00',0),
 ('7846903226866365678','2005-07-01 00:00:00','2008-07-01 00:00:00',0),
 ('7951533530148276440','2006-09-18 00:00:00','2007-09-18 00:00:00',0),
 ('8151139553159369735','2006-08-01 00:00:00','2009-07-01 00:00:00',0),
 ('8626874521922561779','2006-09-30 00:00:00','2007-09-30 00:00:00',0),
 ('9112042438595920595','2002-11-01 00:00:00','2007-11-30 00:00:00',0);
/*!40000 ALTER TABLE MEDICALDSRLOT ENABLE KEYS */;


--
-- Table structure for table MEDICALDSRSTOCKMOV
--

DROP TABLE IF EXISTS MEDICALDSRSTOCKMOV;
CREATE TABLE MEDICALDSRSTOCKMOV (
  MMV_ID int(11) NOT NULL auto_increment,
  MMV_MDSR_ID int(11) NOT NULL,
  MMV_WRD_ID_A char(1) default NULL,
  MMV_MMVT_ID_A varchar(10) NOT NULL,
  MMV_LT_ID_A varchar(50) default NULL,
  MMV_DATE datetime NOT NULL,
  MMV_QTY float NOT NULL default '0',
  MMV_FROM varchar(30) default 'JMS',
  MMV_LOCK int(11) NOT NULL default '0',
  PRIMARY KEY  (MMV_ID)
) ENGINE=MyISAM;

--
-- Dumping data for table MEDICALDSRSTOCKMOV
--

/*!40000 ALTER TABLE MEDICALDSRSTOCKMOV DISABLE KEYS */;
INSERT INTO MEDICALDSRSTOCKMOV (MMV_ID,MMV_MDSR_ID,MMV_WRD_ID_A,MMV_MMVT_ID_A,MMV_LT_ID_A,MMV_DATE,MMV_QTY,MMV_FROM,MMV_LOCK) VALUES 
 (1,98,NULL,'charge','8626874521922561779','2006-09-30 00:00:00',100,'JMS',0),
 (2,98,NULL,'charge','677685091133639642','2006-09-30 00:00:00',100,'JMS',0),
 (3,98,'M','discharge','8626874521922561779','2006-09-30 00:00:00',70,NULL,0),
 (5,414,NULL,'charge','8151139553159369735','2006-10-16 00:00:00',120,'JMS',0),
 (6,108,NULL,'charge','7846903226866365678','2006-10-16 00:00:00',4344,'JMS',0),
 (7,40,NULL,'charge','-7718978867967166817','2006-10-16 00:00:00',100,'JMS',0),
 (8,404,NULL,'charge','7951533530148276440','2006-10-18 00:00:00',10,'JMS',0),
 (9,404,'F','discharge','7951533530148276440','2006-10-18 00:00:00',10,NULL,0),
 (10,415,NULL,'charge','-4111916415666582009','2006-10-18 00:00:00',70510,'JMS',0),
 (11,415,'I','discharge','-4111916415666582009','2006-10-18 00:00:00',1000,NULL,0),
 (12,415,'F','discharge','-4111916415666582009','2006-10-18 00:00:00',200,NULL,0),
 (13,40,'I','discharge','-7718978867967166817','2006-10-19 00:00:00',100,NULL,0);
INSERT INTO MEDICALDSRSTOCKMOV (MMV_ID,MMV_MDSR_ID,MMV_WRD_ID_A,MMV_MMVT_ID_A,MMV_LT_ID_A,MMV_DATE,MMV_QTY,MMV_FROM,MMV_LOCK) VALUES 
 (14,99,NULL,'charge','-8771079640543120715','2006-10-19 00:00:00',1310,'JMS',0),
 (15,99,'F','discharge','-8771079640543120715','2006-10-19 00:00:00',100,NULL,0),
 (16,103,NULL,'charge','-1815940974768681924','2006-10-19 00:00:00',18700,'JMS',0),
 (17,103,'C','discharge','-1815940974768681924','2006-10-19 00:00:00',100,NULL,0),
 (18,98,'I','discharge','677685091133639642','2006-10-19 00:00:00',100,NULL,0),
 (19,98,'I','discharge','8626874521922561779','2006-10-19 00:00:00',30,NULL,0),
 (21,414,NULL,'charge','-7660511420907688190','2006-10-26 00:00:00',200,'JMS',0),
 (22,103,NULL,'charge','-1554622624438837880','2006-10-30 00:00:00',18600,'JMS',0),
 (23,101,NULL,'charge','-8122995274739094851','2006-10-30 00:00:00',8981,'JMS',0),
 (24,41,NULL,'charge','2422709406193164023','2006-10-30 00:00:00',190,'JMS',0),
 (25,104,NULL,'charge','-1769145966120870973','2006-10-30 00:00:00',5600,'JMS',0),
 (26,105,NULL,'charge','-6730757007553028234','2006-10-30 00:00:00',57080,'JMS',0);
INSERT INTO MEDICALDSRSTOCKMOV (MMV_ID,MMV_MDSR_ID,MMV_WRD_ID_A,MMV_MMVT_ID_A,MMV_LT_ID_A,MMV_DATE,MMV_QTY,MMV_FROM,MMV_LOCK) VALUES 
 (27,105,'F','discharge','-6730757007553028234','2006-10-30 00:00:00',1000,NULL,0),
 (28,226,NULL,'charge','-6109574716038492275','2006-11-03 00:00:00',180,'JMS',0),
 (29,43,NULL,'charge','-5845759742362476819','2006-11-03 00:00:00',650,'JMS',0),
 (30,208,NULL,'charge','-7516567952419863028','2006-11-03 00:00:00',100,'JMS',0),
 (31,108,NULL,'discharge','7846903226866365678','2006-11-03 00:00:00',1600,NULL,0),
 (32,109,NULL,'charge','5453401403025577763','2006-11-03 00:00:00',5500,'JMS',0),
 (33,44,NULL,'charge','-6960883012965428324','2006-11-03 00:00:00',673,'JMS',0),
 (34,416,NULL,'charge','9112042438595920595','2006-11-03 00:00:00',252,'JMS',0),
 (35,417,NULL,'charge','6814074013396911291','2006-11-03 00:00:00',379,'JMS',0),
 (36,418,NULL,'charge','5830690725884682660','2006-11-03 00:00:00',493,'JMS',0);
/*!40000 ALTER TABLE MEDICALDSRSTOCKMOV ENABLE KEYS */;


--
-- Table structure for table MEDICALDSRSTOCKMOVTYPE
--

DROP TABLE IF EXISTS MEDICALDSRSTOCKMOVTYPE;
CREATE TABLE MEDICALDSRSTOCKMOVTYPE (
  MMVT_ID_A varchar(10) NOT NULL,
  MMVT_DESC varchar(50) NOT NULL,
  MMVT_TYPE char(2) NOT NULL,
  PRIMARY KEY  (MMVT_ID_A)
) ENGINE=MyISAM;

--
-- Dumping data for table MEDICALDSRSTOCKMOVTYPE
--

/*!40000 ALTER TABLE MEDICALDSRSTOCKMOVTYPE DISABLE KEYS */;
INSERT INTO MEDICALDSRSTOCKMOVTYPE (MMVT_ID_A,MMVT_DESC,MMVT_TYPE) VALUES 
 ('charge','Charge','+'),
 ('discharge','Discharge','-');
/*!40000 ALTER TABLE MEDICALDSRSTOCKMOVTYPE ENABLE KEYS */;


--
-- Table structure for table MEDICALDSRTYPE
--

DROP TABLE IF EXISTS MEDICALDSRTYPE;
CREATE TABLE MEDICALDSRTYPE (
  MDSRT_ID_A char(1) NOT NULL,
  MDSRT_DESC varchar(30) default NULL,
  PRIMARY KEY  (MDSRT_ID_A)
) ENGINE=MyISAM;

--
-- Dumping data for table MEDICALDSRTYPE
--

/*!40000 ALTER TABLE MEDICALDSRTYPE DISABLE KEYS */;
INSERT INTO MEDICALDSRTYPE (MDSRT_ID_A,MDSRT_DESC) VALUES 
 ('D','Drugs'),
 ('K','Chemical'),
 ('L','Laboratory'),
 ('S','Surgery');
/*!40000 ALTER TABLE MEDICALDSRTYPE ENABLE KEYS */;


--
-- Table structure for table MENUITEM
--

DROP TABLE IF EXISTS MENUITEM;
CREATE TABLE MENUITEM (
  MNI_ID_A varchar(50) NOT NULL default '',
  MNI_BTN_LABEL varchar(50) NOT NULL default '',
  MNI_LABEL varchar(50) NOT NULL default '',
  MNI_TOOLTIP varchar(100) default NULL,
  MNI_SHORTCUT char(1) default NULL,
  MNI_SUBMENU varchar(50) NOT NULL default '',
  MNI_CLASS varchar(100) NOT NULL default '',
  MNI_IS_SUBMENU char(1) NOT NULL default 'N',
  MNI_POSITION int(10) unsigned NOT NULL default '0',
  PRIMARY KEY  (MNI_ID_A)
) ENGINE=MyISAM;

--
-- Dumping data for table MENUITEM
--

/*!40000 ALTER TABLE MENUITEM DISABLE KEYS */;
INSERT INTO MENUITEM (MNI_ID_A,MNI_BTN_LABEL,MNI_LABEL,MNI_TOOLTIP,MNI_SHORTCUT,MNI_SUBMENU,MNI_CLASS,MNI_IS_SUBMENU,MNI_POSITION) VALUES 
 ('admission','Admission/Patient','Admission/Patient','x','A','main','org.isf.admission.gui.AdmittedPatientBrowser','N',5),
 ('admtype','Admission Type','AdmissionType','x','A','types','org.isf.admtype.gui.AdmissionTypeBrowser','N',0),
 ('deliverytype','Delivery Type','Delivery','x','L','types','org.isf.dlvrtype.gui.DeliveryTypeBrowser','N',3),
 ('delresulttype','Delivery Result Type','DeliveryResult','x','R','types','org.isf.dlvrrestype.gui.DeliveryResultTypeBrowser','N',2),
 ('disctype','Discharge Type','DischargeType','x','D','types','org.isf.disctype.gui.DischargeTypeBrowser','N',1),
 ('disease','Disease','Disease','x','D','generaldata','org.isf.disease.gui.DiseaseBrowser','N',3),
 ('diseaselist','Disease List','DiseaseList','x','D','printing','org.isf.stat.gui.DiseasesListLauncher','N',2),
 ('diseasetype','Disease Type','Disease','x','D','types','org.isf.distype.gui.DiseaseTypeBrowser','N',4),
 ('examlist1','Exams List','ExamsList','x','E','printing','org.isf.stat.gui.ExamsList1Launcher','N',1),
 ('exams','Exams','Exams','x','E','generaldata','org.isf.exa.gui.ExamBrowser','N',4),
 ('examtype','Exam Type','Exam Type','x','E','types','org.isf.exatype.gui.ExamTypeBrowser','N',5),
 ('exit','Exit','Exit','x','E','file','none','N',0),
 ('file','File','File','x','F','main','none','Y',0),
 ('generaldata','General Data','GeneralData','x','G','main','none','Y',1),
 ('groups','Groups','Groups','x','G','users','org.isf.menu.gui.UsrGroupBrowsing','N',1),
 ('help','HELP','HELP','x','H','main','none','N',8),
 ('hospital','Hospital','Hospital','x','H','generaldata','org.isf.hospital.gui.HospitalBrowser','N',1),
 ('labbrowsing','Laboratory Browsing','LaboratoryBrowsing','x','B','laboratory','org.isf.lab.gui.LabBrowser','N',0),
 ('laboratory','Laboratory','Laboratory','x','L','main','none','Y',4),
 ('laboratoryresulttype','Lab. Res. Type','Laboratory result type','x','L','types','org.isf.labrestype.gui.LaboratoryResultTypeBrowser','N',10),
 ('medicals','Pharmaceuticals','Pharmaceuticals','x','P','pharmacy','org.isf.medicals.gui.MedicalBrowser','N',0),
 ('medicalstock','Pharmaceutical Stock','PharmaceuticalStock','x','S','pharmacy','org.isf.medicalstock.gui.MovStockBrowser','N',1),
 ('medicalstype','Medicals Type','Medicals','x','M','types','org.isf.medtype.gui.MedicalTypeBrowser','N',7),
 ('medstockmovtype','Medicals Stock Mov Type','MedicalsStock Mov','x','S','types','org.isf.medstockmovtype.gui.MedicaldsrstockmovTypeBrowser','N',6),
 ('opd','OPD','OPD','x','O','main','org.isf.opd.gui.OpdBrowser','N',2),
 ('operation','Operation','Operation','x','O','generaldata','org.isf.operation.gui.OperationBrowser','N',5),
 ('operationtype','Operation Type','Operation','x','O','types','org.isf.opetype.gui.OperationTypeBrowser','N',8),
 ('pharmacy','Pharmacy','Pharmacy','x','P','main','none','Y',3),
 ('pretreatmenttype','Pregnant Treatment','PregnantTreatment','x','P','types','org.isf.pregtreattype.gui.PregnantTreatmentTypeBrowser','N',9),
 ('printing','Printing','Printing','x','R','main','none','Y',7),
 ('statistics','Statistics','Statistics','x','T','main','org.isf.stat.reportlauncher.gui.ReportLauncher','N',6),
 ('types','Types','Types','x','T','generaldata','none','Y',0),
 ('users','Users','Users','x','U','file','none','Y',1),
 ('usersusers','Users','Users','x','U','users','org.isf.menu.gui.UserBrowsing','N',0),
 ('vaccine','Vaccine','Vaccine','x','V','generaldata','org.isf.vaccine.gui.VaccineBrowser','N',6),
 ('ward','Ward','Ward','x','W','generaldata','org.isf.ward.gui.WardBrowser','N',2);
/*!40000 ALTER TABLE MENUITEM ENABLE KEYS */;

--
-- Table structure for table OPD
--

DROP TABLE IF EXISTS OPD;
CREATE TABLE OPD (
  OPD_ID int(11) NOT NULL auto_increment,
  OPD_DATE datetime NOT NULL,
  OPD_NEW_PAT char(1) NOT NULL default 'N',
  OPD_DATE_VIS date default NULL,
  OPD_PROG_YEAR int(11) NOT NULL,
  OPD_SEX char(1) NOT NULL,
  OPD_AGE int(11) NOT NULL,
  OPD_DIS_ID_A varchar(10) default NULL,
  OPD_DIS_ID_A_2 varchar(10) default NULL,
  OPD_DIS_ID_A_3 varchar(10) default NULL,
  OPD_LOCK int(11) NOT NULL default '0',
  PRIMARY KEY  (OPD_ID)
) ENGINE=MyISAM;

--
-- Dumping data for table OPD
--

/*!40000 ALTER TABLE OPD DISABLE KEYS */;
INSERT INTO OPD (OPD_ID,OPD_DATE,OPD_NEW_PAT,OPD_DATE_VIS,OPD_PROG_YEAR,OPD_SEX,OPD_AGE,OPD_DIS_ID_A,OPD_DIS_ID_A_2,OPD_DIS_ID_A_3,OPD_LOCK) VALUES 
 (2,'2006-11-06 16:47:33','N','2006-11-02',1,'M',1,'39',NULL,NULL,0),
 (3,'2006-11-06 16:57:09','R','2006-11-02',2,'M',62,'68',NULL,NULL,0),
 (4,'2006-11-06 16:58:48','R','2006-11-02',3,'M',29,'30',NULL,NULL,0),
 (5,'2006-11-06 17:00:07','N','2006-11-02',4,'F',1,'12',NULL,NULL,0),
 (6,'2006-11-06 17:08:25','R','2006-11-02',5,'M',40,'28',NULL,NULL,0),
 (7,'2006-11-06 17:10:09','R','2006-11-02',6,'F',26,'110',NULL,NULL,0),
 (8,'2006-11-06 17:11:28','N','2006-11-02',7,'F',57,'16',NULL,NULL,0),
 (9,'2006-11-06 17:17:02','N','2006-11-02',8,'M',64,'40',NULL,NULL,0),
 (10,'2006-11-06 17:18:56','R','2006-11-02',9,'M',13,'24',NULL,NULL,0),
 (11,'2006-11-06 17:20:47','N','2006-11-02',10,'M',65,'16',NULL,NULL,0),
 (12,'2006-11-06 17:22:10','R','2006-11-02',11,'M',1,'42',NULL,NULL,0),
 (13,'2006-11-06 17:25:46','N','2006-11-02',12,'M',51,'49',NULL,NULL,0),
 (15,'2006-11-07 18:59:47','N','2006-11-02',13,'F',26,'39',NULL,NULL,0);
INSERT INTO OPD (OPD_ID,OPD_DATE,OPD_NEW_PAT,OPD_DATE_VIS,OPD_PROG_YEAR,OPD_SEX,OPD_AGE,OPD_DIS_ID_A,OPD_DIS_ID_A_2,OPD_DIS_ID_A_3,OPD_LOCK) VALUES 
 (16,'2006-11-07 19:02:59','R','2006-11-02',14,'M',14,'89',NULL,NULL,0),
 (17,'2006-11-07 19:04:36','N','2006-11-02',15,'M',1,'42',NULL,NULL,0),
 (18,'2006-11-07 19:06:19','N','2006-11-02',16,'F',56,'44',NULL,NULL,0),
 (19,'2006-11-07 19:10:42','N','2006-11-02',17,'F',14,'49',NULL,NULL,0),
 (20,'2006-11-07 19:12:19','R','2006-11-02',18,'F',72,'16',NULL,NULL,0),
 (21,'2006-11-07 19:13:27','N','2006-11-02',19,'M',34,'43',NULL,NULL,0),
 (22,'2006-11-07 19:14:41','R','2006-11-02',20,'F',31,'68',NULL,NULL,0),
 (23,'2006-11-07 19:15:42','N','2006-11-02',21,'M',19,'39',NULL,NULL,0),
 (24,'2006-11-07 19:16:34','R','2006-11-02',22,'F',32,'44',NULL,NULL,0),
 (25,'2006-11-07 19:19:33','N','2006-11-02',23,'M',54,'17',NULL,NULL,0),
 (26,'2006-11-07 19:20:39','N','2006-11-02',24,'F',23,'15',NULL,NULL,0),
 (27,'2006-11-07 19:21:19','N','2006-11-02',25,'M',72,'15',NULL,NULL,0),
 (28,'2006-11-07 19:23:06','R','2006-11-02',26,'M',15,'37',NULL,NULL,0);
INSERT INTO OPD (OPD_ID,OPD_DATE,OPD_NEW_PAT,OPD_DATE_VIS,OPD_PROG_YEAR,OPD_SEX,OPD_AGE,OPD_DIS_ID_A,OPD_DIS_ID_A_2,OPD_DIS_ID_A_3,OPD_LOCK) VALUES 
 (29,'2006-11-07 19:25:55','R','2006-11-02',27,'M',72,'48',NULL,NULL,0),
 (30,'2006-11-07 19:27:31','N','2006-11-02',28,'F',50,'15',NULL,NULL,0),
 (31,'2006-11-07 19:31:13','N','2006-11-02',29,'F',41,'17',NULL,NULL,0),
 (32,'2006-11-07 19:32:47','N','2006-11-02',30,'F',62,'110',NULL,NULL,0),
 (34,'2006-11-07 19:38:33','N','2006-11-02',31,'F',25,'89',NULL,NULL,0),
 (35,'2006-11-07 19:39:25','N','2006-11-02',32,'F',1,'43',NULL,NULL,0),
 (36,'2006-11-07 19:40:28','R','2006-11-02',33,'M',33,'15',NULL,NULL,0),
 (37,'2006-11-07 19:41:13','R','2006-11-02',34,'F',51,'44',NULL,NULL,0),
 (38,'2006-11-07 19:42:06','N','2006-11-02',35,'F',30,'39',NULL,NULL,0),
 (39,'2006-11-07 19:43:37','N','2006-11-02',36,'M',45,'15',NULL,NULL,0),
 (40,'2006-11-07 19:44:34','R','2006-11-02',37,'F',67,'16',NULL,NULL,0),
 (41,'2006-11-07 19:45:42','R','2006-11-02',38,'F',30,'68',NULL,NULL,0),
 (42,'2006-11-07 19:46:39','R','2006-11-02',39,'F',37,'44',NULL,NULL,0);
INSERT INTO OPD (OPD_ID,OPD_DATE,OPD_NEW_PAT,OPD_DATE_VIS,OPD_PROG_YEAR,OPD_SEX,OPD_AGE,OPD_DIS_ID_A,OPD_DIS_ID_A_2,OPD_DIS_ID_A_3,OPD_LOCK) VALUES 
 (43,'2006-11-07 19:49:31','N','2006-11-02',40,'F',26,'40',NULL,NULL,0),
 (45,'2006-11-07 19:52:11','R','2006-11-02',41,'F',20,'29',NULL,NULL,0),
 (46,'2006-11-07 19:52:55','N','2006-11-02',42,'F',6,'43',NULL,NULL,0),
 (47,'2006-11-07 19:53:35','R','2006-11-02',43,'F',6,'39',NULL,NULL,0),
 (48,'2006-11-07 19:57:39','N','2006-11-02',44,'F',51,'15',NULL,NULL,0),
 (49,'2006-11-07 19:58:24','N','2006-11-02',45,'F',3,'43',NULL,NULL,0),
 (50,'2006-11-07 19:58:57','N','2006-11-02',46,'M',1,'39',NULL,NULL,0),
 (51,'2006-11-07 19:59:49','N','2006-11-02',47,'M',2,'39',NULL,NULL,0),
 (52,'2006-11-07 20:01:30','N','2006-11-02',48,'F',1,'25',NULL,NULL,0),
 (53,'2006-11-07 20:04:12','N','2006-11-02',49,'M',1,'40',NULL,NULL,0),
 (54,'2006-11-07 20:04:45','N','2006-11-02',50,'M',60,'39',NULL,NULL,0),
 (55,'2006-11-07 20:06:02','N','2006-11-02',51,'F',54,'89',NULL,NULL,0),
 (56,'2006-11-07 20:07:26','N','2006-11-02',52,'M',39,'15',NULL,NULL,0);
INSERT INTO OPD (OPD_ID,OPD_DATE,OPD_NEW_PAT,OPD_DATE_VIS,OPD_PROG_YEAR,OPD_SEX,OPD_AGE,OPD_DIS_ID_A,OPD_DIS_ID_A_2,OPD_DIS_ID_A_3,OPD_LOCK) VALUES 
 (58,'2006-11-07 20:10:01','R','2006-11-02',53,'F',60,'49',NULL,NULL,0),
 (59,'2006-11-07 20:10:45','N','2006-11-02',54,'M',61,'15',NULL,NULL,0),
 (60,'2006-11-07 20:12:02','N','2006-11-02',55,'M',1,'40',NULL,NULL,0),
 (61,'2006-11-07 20:13:11','N','2006-11-02',56,'M',1,'39',NULL,NULL,0),
 (62,'2006-11-07 20:13:33','N','2006-11-02',57,'M',1,'39',NULL,NULL,0),
 (63,'2006-11-07 20:14:15','N','2006-11-02',58,'M',5,'39',NULL,NULL,0),
 (64,'2006-11-07 20:15:01','N','2006-11-02',59,'M',25,'43',NULL,NULL,0),
 (65,'2006-11-07 20:16:49','N','2006-11-02',60,'M',25,'49',NULL,NULL,0),
 (66,'2006-11-07 20:17:21','N','2006-11-02',61,'M',19,'49',NULL,NULL,0),
 (67,'2006-11-07 20:18:44','N','2006-11-02',62,'F',30,'47',NULL,NULL,0),
 (68,'2006-11-07 20:20:29','N','2006-11-02',63,'F',58,'43',NULL,NULL,0),
 (69,'2006-11-07 20:21:43','N','2006-11-02',64,'M',20,'37',NULL,NULL,0),
 (70,'2006-11-07 20:22:32','N','2006-11-02',65,'M',2,'15',NULL,NULL,0);
INSERT INTO OPD (OPD_ID,OPD_DATE,OPD_NEW_PAT,OPD_DATE_VIS,OPD_PROG_YEAR,OPD_SEX,OPD_AGE,OPD_DIS_ID_A,OPD_DIS_ID_A_2,OPD_DIS_ID_A_3,OPD_LOCK) VALUES 
 (71,'2006-11-07 20:22:59','N','2006-11-02',66,'F',1,'39',NULL,NULL,0),
 (72,'2006-11-07 20:23:24','N','2006-11-02',67,'F',2,'39',NULL,NULL,0),
 (73,'2006-11-07 20:23:55','N','2006-11-02',68,'M',1,'39',NULL,NULL,0),
 (74,'2006-11-07 20:24:41','R','2006-11-02',69,'M',0,'47',NULL,NULL,0),
 (75,'2006-11-07 20:25:32','R','2006-11-02',70,'M',1,'40',NULL,NULL,0),
 (76,'2006-11-07 20:25:58','N','2006-11-02',71,'M',6,'39',NULL,NULL,0),
 (77,'2006-11-07 20:26:31','N','2006-11-02',72,'M',0,'39',NULL,NULL,0),
 (78,'2006-11-07 20:30:47','N','2006-11-02',73,'F',18,'20',NULL,NULL,0),
 (79,'2006-11-07 20:31:21','N','2006-11-02',74,'F',7,'39',NULL,NULL,0),
 (80,'2006-11-07 20:32:10','N','2006-11-02',75,'F',0,'15',NULL,NULL,0),
 (81,'2006-11-07 20:32:47','N','2006-11-02',76,'M',0,'40',NULL,NULL,0),
 (83,'2006-11-07 20:40:58','N','2006-11-02',77,'F',3,'39',NULL,NULL,0),
 (84,'2006-11-07 20:41:27','N','2006-11-02',78,'M',1,'39',NULL,NULL,0);
INSERT INTO OPD (OPD_ID,OPD_DATE,OPD_NEW_PAT,OPD_DATE_VIS,OPD_PROG_YEAR,OPD_SEX,OPD_AGE,OPD_DIS_ID_A,OPD_DIS_ID_A_2,OPD_DIS_ID_A_3,OPD_LOCK) VALUES 
 (85,'2006-11-07 20:41:56','N','2006-11-02',79,'M',0,'39',NULL,NULL,0),
 (86,'2006-11-07 20:42:31','N','2006-11-02',80,'M',3,'39',NULL,NULL,0),
 (87,'2006-11-07 20:43:32','N','2006-11-02',81,'F',0,'39',NULL,NULL,0),
 (88,'2006-11-07 20:44:02','N','2006-11-02',82,'M',0,'40',NULL,NULL,0),
 (89,'2006-11-07 20:44:31','N','2006-11-02',83,'M',0,'39',NULL,NULL,0),
 (90,'2006-11-07 20:45:09','N','2006-11-02',84,'F',33,'40',NULL,NULL,0),
 (91,'2006-11-07 20:45:43','R','2006-11-02',85,'F',31,'29',NULL,NULL,0),
 (92,'2006-11-07 20:46:27','N','2006-11-02',86,'M',1,'39',NULL,NULL,0),
 (93,'2006-11-07 20:47:16','N','2006-11-02',87,'M',4,'37',NULL,NULL,0),
 (94,'2006-11-07 20:47:46','N','2006-11-02',88,'F',57,'39',NULL,NULL,0),
 (95,'2006-11-07 20:48:57','N','2006-11-02',89,'F',1,'40',NULL,NULL,0),
 (96,'2006-11-07 20:49:22','N','2006-11-02',90,'F',3,'39',NULL,NULL,0),
 (97,'2006-11-07 20:50:57','R','2006-11-02',91,'M',75,'14',NULL,NULL,0);
INSERT INTO OPD (OPD_ID,OPD_DATE,OPD_NEW_PAT,OPD_DATE_VIS,OPD_PROG_YEAR,OPD_SEX,OPD_AGE,OPD_DIS_ID_A,OPD_DIS_ID_A_2,OPD_DIS_ID_A_3,OPD_LOCK) VALUES 
 (98,'2006-11-07 20:51:40','R','2006-11-02',92,'F',59,'40',NULL,NULL,0),
 (99,'2006-11-07 20:52:54','R','2006-11-02',93,'F',29,'47',NULL,NULL,0),
 (100,'2006-11-07 20:54:27','R','2006-11-02',94,'F',35,'60',NULL,NULL,0),
 (101,'2006-11-07 20:55:32','N','2006-11-02',95,'F',48,'49',NULL,NULL,0),
 (102,'2006-11-07 20:56:23','R','2006-11-02',96,'M',0,'49',NULL,NULL,0),
 (103,'2006-11-07 20:57:23','N','2006-11-02',97,'F',60,'30',NULL,NULL,0),
 (104,'2006-11-07 20:58:35','N','2006-11-02',98,'M',33,'44',NULL,NULL,0),
 (105,'2006-11-07 21:00:44','N','2006-11-02',99,'F',22,'15',NULL,NULL,0),
 (106,'2006-11-07 21:02:22','N','2006-11-02',100,'F',44,'39',NULL,NULL,0),
 (107,'2006-11-07 21:03:56','N','2006-11-02',101,'M',2,'23',NULL,NULL,0),
 (108,'2006-11-07 21:04:56','N','2006-11-02',102,'F',23,'26',NULL,NULL,0),
 (109,'2006-11-07 21:05:54','R','2006-11-02',103,'F',35,'15',NULL,NULL,0),
 (110,'2006-11-07 21:06:55','R','2006-11-02',104,'F',0,'39',NULL,NULL,0);
INSERT INTO OPD (OPD_ID,OPD_DATE,OPD_NEW_PAT,OPD_DATE_VIS,OPD_PROG_YEAR,OPD_SEX,OPD_AGE,OPD_DIS_ID_A,OPD_DIS_ID_A_2,OPD_DIS_ID_A_3,OPD_LOCK) VALUES 
 (111,'2006-11-07 21:07:20','R','2006-11-02',105,'F',45,'44',NULL,NULL,0),
 (112,'2006-11-07 21:08:05','R','2006-11-02',106,'F',83,'16',NULL,NULL,0),
 (113,'2006-11-07 21:08:44','N','2006-11-02',107,'M',71,'16',NULL,NULL,0),
 (115,'2006-11-07 21:11:10','N','2006-11-02',108,'F',38,'29',NULL,NULL,0),
 (116,'2006-11-07 21:11:32','N','2006-11-02',109,'M',1,'39',NULL,NULL,0),
 (117,'2006-11-07 21:12:21','N','2006-11-02',110,'M',1,'42',NULL,NULL,0),
 (118,'2006-11-07 21:13:08','N','2006-11-02',111,'M',12,'39',NULL,NULL,0),
 (119,'2006-11-07 21:13:40','N','2006-11-02',112,'M',11,'30',NULL,NULL,0),
 (120,'2006-11-07 21:14:22','R','2006-11-02',113,'F',32,'110',NULL,NULL,0),
 (121,'2006-11-07 21:15:24','N','2006-11-02',114,'F',56,'15',NULL,NULL,0),
 (122,'2006-11-07 21:16:34','N','2006-11-02',115,'F',38,'15',NULL,NULL,0),
 (123,'2006-11-07 21:18:11','N','2006-11-02',116,'F',45,'110',NULL,NULL,0),
 (124,'2006-11-07 21:18:48','N','2006-11-02',117,'F',18,'26',NULL,NULL,0);
INSERT INTO OPD (OPD_ID,OPD_DATE,OPD_NEW_PAT,OPD_DATE_VIS,OPD_PROG_YEAR,OPD_SEX,OPD_AGE,OPD_DIS_ID_A,OPD_DIS_ID_A_2,OPD_DIS_ID_A_3,OPD_LOCK) VALUES 
 (125,'2006-11-07 21:20:32','N','2006-11-02',118,'M',9,'15',NULL,NULL,0),
 (126,'2006-11-07 21:21:09','N','2006-11-02',119,'F',0,'39',NULL,NULL,0),
 (127,'2006-11-07 21:22:16','N','2006-11-02',120,'M',6,'13',NULL,NULL,0),
 (128,'2006-11-07 21:23:48','N','2006-11-02',121,'F',19,'26',NULL,NULL,0),
 (129,'2006-11-07 21:24:29','R','2006-11-02',122,'M',0,'40',NULL,NULL,0),
 (130,'2006-11-07 21:25:11','N','2006-11-02',123,'F',8,'40',NULL,NULL,0),
 (131,'2006-11-07 21:25:52','R','2006-11-02',124,'F',31,'39',NULL,NULL,0),
 (132,'2006-11-07 21:27:17','N','2006-11-02',125,'M',5,'89',NULL,NULL,0),
 (133,'2006-11-07 21:28:34','N','2006-11-02',126,'F',20,'22',NULL,NULL,0),
 (134,'2006-11-07 21:29:53','N','2006-11-02',127,'F',24,'15',NULL,NULL,0),
 (135,'2006-11-08 08:47:18','N','2006-11-02',128,'F',4,'39',NULL,NULL,0),
 (136,'2006-11-08 08:48:15','R','2006-11-02',129,'M',37,'47',NULL,NULL,0),
 (137,'2006-11-08 08:49:47','N','2006-11-02',130,'F',46,'37',NULL,NULL,0);
INSERT INTO OPD (OPD_ID,OPD_DATE,OPD_NEW_PAT,OPD_DATE_VIS,OPD_PROG_YEAR,OPD_SEX,OPD_AGE,OPD_DIS_ID_A,OPD_DIS_ID_A_2,OPD_DIS_ID_A_3,OPD_LOCK) VALUES 
 (138,'2006-11-08 08:51:35','N','2006-11-02',131,'M',1,'43',NULL,NULL,0),
 (139,'2006-11-08 08:52:38','N','2006-11-02',132,'F',0,'40',NULL,NULL,0),
 (140,'2006-11-08 08:53:52','N','2006-11-02',133,'F',40,'39',NULL,NULL,0),
 (141,'2006-11-08 08:55:28','N','2006-11-02',134,'F',1,'39',NULL,NULL,0),
 (142,'2006-11-08 08:57:31','R','2006-11-02',135,'F',24,'103',NULL,NULL,0),
 (143,'2006-11-08 08:58:21','N','2006-11-02',136,'F',0,'30',NULL,NULL,0),
 (144,'2006-11-08 09:00:37','N','2006-11-02',137,'F',23,'15',NULL,NULL,0),
 (145,'2006-11-08 09:01:29','N','2006-11-02',138,'F',62,'84',NULL,NULL,0),
 (146,'2006-11-08 09:02:03','N','2006-11-02',139,'F',1,'39',NULL,NULL,0),
 (147,'2006-11-08 09:02:31','N','2006-11-02',140,'F',1,'39',NULL,NULL,0),
 (148,'2006-11-08 09:03:28','N','2006-11-02',141,'M',34,'24',NULL,NULL,0),
 (149,'2006-11-08 09:04:14','R','2006-11-02',142,'M',5,'89',NULL,NULL,0),
 (150,'2006-11-08 09:04:54','N','2006-11-02',143,'F',6,'40',NULL,NULL,0);
INSERT INTO OPD (OPD_ID,OPD_DATE,OPD_NEW_PAT,OPD_DATE_VIS,OPD_PROG_YEAR,OPD_SEX,OPD_AGE,OPD_DIS_ID_A,OPD_DIS_ID_A_2,OPD_DIS_ID_A_3,OPD_LOCK) VALUES 
 (151,'2006-11-08 09:06:29','N','2006-11-02',144,'M',0,'30',NULL,NULL,0),
 (152,'2006-11-08 09:07:07','R','2006-11-02',145,'M',1,'39',NULL,NULL,0),
 (153,'2006-11-08 09:07:56','N','2006-11-02',146,'F',35,'37',NULL,NULL,0),
 (154,'2006-11-08 09:08:45','N','2006-11-02',147,'F',30,'110',NULL,NULL,0),
 (155,'2006-11-08 09:11:38','R','2006-11-02',148,'M',29,'39',NULL,NULL,0),
 (156,'2006-11-08 09:12:16','N','2006-11-02',149,'M',1,'43',NULL,NULL,0),
 (157,'2006-11-08 09:13:25','N','2006-11-02',150,'F',17,'18',NULL,NULL,0),
 (158,'2006-11-08 09:14:21','R','2006-11-02',151,'F',54,'68',NULL,NULL,0),
 (159,'2006-11-08 09:15:21','N','2006-11-02',152,'M',42,'14',NULL,NULL,0),
 (160,'2006-11-08 09:15:47','N','2006-11-03',153,'M',3,'39',NULL,NULL,0),
 (161,'2006-11-08 09:16:26','N','2006-11-03',154,'M',0,'40',NULL,NULL,0),
 (162,'2006-11-08 09:17:47','N','2006-11-03',155,'M',65,'47',NULL,NULL,0),
 (163,'2006-11-08 09:18:42','N','2006-11-03',156,'M',61,'15',NULL,NULL,0);
INSERT INTO OPD (OPD_ID,OPD_DATE,OPD_NEW_PAT,OPD_DATE_VIS,OPD_PROG_YEAR,OPD_SEX,OPD_AGE,OPD_DIS_ID_A,OPD_DIS_ID_A_2,OPD_DIS_ID_A_3,OPD_LOCK) VALUES 
 (164,'2006-11-08 09:19:34','R','2006-11-03',157,'F',57,'16',NULL,NULL,0),
 (165,'2006-11-08 09:20:23','N','2006-11-03',158,'F',32,'89',NULL,NULL,0),
 (166,'2006-11-08 09:21:43','N','2006-11-03',159,'F',30,'40',NULL,NULL,0),
 (167,'2006-11-08 09:22:25','R','2006-11-03',160,'F',63,'14',NULL,NULL,0),
 (168,'2006-11-08 09:24:40','N','2006-11-03',161,'M',25,'32',NULL,NULL,0),
 (169,'2006-11-08 09:26:00','R','2006-11-03',162,'F',44,'15',NULL,NULL,0),
 (170,'2006-11-08 09:26:30','N','2006-11-03',163,'F',1,'39',NULL,NULL,0),
 (171,'2006-11-08 09:27:05','N','2006-11-03',164,'M',0,'39',NULL,NULL,0),
 (172,'2006-11-08 09:28:02','N','2006-11-03',165,'F',10,'43',NULL,NULL,0),
 (173,'2006-11-08 09:28:57','N','2006-11-03',166,'M',5,'40',NULL,NULL,0),
 (174,'2006-11-08 09:29:46','N','2006-11-03',167,'F',6,'89',NULL,NULL,0),
 (175,'2006-11-08 09:30:19','N','2006-11-03',168,'F',71,'89',NULL,NULL,0),
 (176,'2006-11-08 09:31:29','N','2006-11-03',169,'F',59,'39',NULL,NULL,0);
INSERT INTO OPD (OPD_ID,OPD_DATE,OPD_NEW_PAT,OPD_DATE_VIS,OPD_PROG_YEAR,OPD_SEX,OPD_AGE,OPD_DIS_ID_A,OPD_DIS_ID_A_2,OPD_DIS_ID_A_3,OPD_LOCK) VALUES 
 (177,'2006-11-08 09:31:52','N','2006-11-03',170,'F',2,'39',NULL,NULL,0),
 (178,'2006-11-08 09:34:38','N','2006-11-03',171,'F',40,'19',NULL,NULL,0),
 (179,'2006-11-08 09:35:31','R','2006-11-03',172,'F',28,'84',NULL,NULL,0),
 (180,'2006-11-08 09:36:46','R','2006-11-03',173,'M',41,'14',NULL,NULL,0),
 (181,'2006-11-08 09:37:25','R','2006-11-03',174,'M',35,'14',NULL,NULL,0),
 (182,'2006-11-08 09:38:18','N','2006-11-03',175,'F',4,'39',NULL,NULL,0),
 (183,'2006-11-08 15:46:30','N','2006-11-03',176,'F',47,'15',NULL,NULL,0),
 (184,'2006-11-08 15:47:09','N','2006-11-03',177,'F',1,'39',NULL,NULL,0),
 (185,'2006-11-08 15:48:56','N','2006-11-03',178,'F',25,'49',NULL,NULL,0),
 (186,'2006-11-08 15:49:32','N','2006-11-03',179,'F',1,'39',NULL,NULL,0),
 (187,'2006-11-08 15:50:03','N','2006-11-03',180,'M',1,'39',NULL,NULL,0),
 (188,'2006-11-08 15:50:54','N','2006-11-03',181,'F',18,'39',NULL,NULL,0),
 (189,'2006-11-08 15:51:28','N','2006-11-03',182,'M',0,'39',NULL,NULL,0);
INSERT INTO OPD (OPD_ID,OPD_DATE,OPD_NEW_PAT,OPD_DATE_VIS,OPD_PROG_YEAR,OPD_SEX,OPD_AGE,OPD_DIS_ID_A,OPD_DIS_ID_A_2,OPD_DIS_ID_A_3,OPD_LOCK) VALUES 
 (190,'2006-11-08 15:53:14','R','2006-11-03',183,'F',27,'17',NULL,NULL,0),
 (191,'2006-11-08 15:56:14','N','2006-11-03',184,'F',14,'48',NULL,NULL,0),
 (192,'2006-11-08 15:57:12','N','2006-11-03',185,'F',41,'22',NULL,NULL,0),
 (193,'2006-11-08 15:57:57','N','2006-11-03',186,'M',2,'39',NULL,NULL,0),
 (194,'2006-11-08 15:59:01','N','2006-11-03',187,'F',1,'39',NULL,NULL,0),
 (195,'2006-11-08 15:59:37','N','2006-11-03',188,'F',1,'39',NULL,NULL,0),
 (196,'2006-11-08 16:00:14','N','2006-11-03',189,'F',2,'39',NULL,NULL,0),
 (197,'2006-11-08 16:00:45','N','2006-11-03',190,'M',16,'39',NULL,NULL,0),
 (198,'2006-11-08 16:01:18','N','2006-11-03',191,'F',0,'39',NULL,NULL,0),
 (199,'2006-11-08 16:02:17','R','2006-11-03',192,'M',52,'84',NULL,NULL,0),
 (200,'2006-11-08 16:03:35','N','2006-11-03',193,'M',1,'39',NULL,NULL,0),
 (201,'2006-11-08 16:04:26','R','2006-11-03',194,'M',48,'14',NULL,NULL,0),
 (202,'2006-11-08 16:04:58','N','2006-11-03',195,'M',3,'39',NULL,NULL,0);
INSERT INTO OPD (OPD_ID,OPD_DATE,OPD_NEW_PAT,OPD_DATE_VIS,OPD_PROG_YEAR,OPD_SEX,OPD_AGE,OPD_DIS_ID_A,OPD_DIS_ID_A_2,OPD_DIS_ID_A_3,OPD_LOCK) VALUES 
 (203,'2006-11-08 16:06:10','R','2006-11-03',196,'F',24,'26',NULL,NULL,0),
 (204,'2006-11-08 16:07:06','N','2006-11-03',197,'M',0,'39',NULL,NULL,0),
 (206,'2006-11-08 16:08:32','N','2006-11-03',199,'M',2,'39',NULL,NULL,0),
 (207,'2006-11-08 16:09:54','N','2006-11-03',200,'F',32,'26',NULL,NULL,0),
 (208,'2006-11-08 16:11:13','N','2006-11-03',201,'F',1,'39',NULL,NULL,0),
 (209,'2006-11-08 16:12:22','R','2006-11-03',202,'F',7,'39',NULL,NULL,0),
 (210,'2006-11-08 16:13:18','R','2006-11-03',203,'F',56,'44',NULL,NULL,0),
 (211,'2006-11-08 16:13:51','N','2006-11-03',204,'M',0,'39',NULL,NULL,0),
 (212,'2006-11-08 16:15:18','N','2006-11-03',205,'F',27,'15',NULL,NULL,0),
 (213,'2006-11-08 16:16:03','N','2006-11-03',206,'M',2,'39',NULL,NULL,0),
 (214,'2006-11-08 16:16:51','N','2006-11-03',207,'F',0,'39',NULL,NULL,0),
 (215,'2006-11-08 16:18:28','N','2006-11-03',208,'F',35,'12',NULL,NULL,0),
 (216,'2006-11-08 16:19:19','N','2006-11-03',209,'F',1,'39',NULL,NULL,0);
INSERT INTO OPD (OPD_ID,OPD_DATE,OPD_NEW_PAT,OPD_DATE_VIS,OPD_PROG_YEAR,OPD_SEX,OPD_AGE,OPD_DIS_ID_A,OPD_DIS_ID_A_2,OPD_DIS_ID_A_3,OPD_LOCK) VALUES 
 (217,'2006-11-08 16:20:37','N','2006-11-03',210,'F',60,'89',NULL,NULL,0),
 (218,'2006-11-08 16:21:17','N','2006-11-03',211,'F',0,'39',NULL,NULL,0),
 (219,'2006-11-08 16:21:48','N','2006-11-03',212,'M',1,'39',NULL,NULL,0),
 (220,'2006-11-08 16:23:42','N','2006-11-03',213,'F',34,'47',NULL,NULL,0),
 (221,'2006-11-08 16:24:23','R','2006-11-03',214,'M',39,'14',NULL,NULL,0),
 (222,'2006-11-08 16:27:17','N','2006-11-03',215,'M',22,'89',NULL,NULL,0),
 (223,'2006-11-08 16:28:37','N','2006-11-03',216,'M',30,'33',NULL,NULL,0),
 (224,'2006-11-08 16:29:29','R','2006-11-03',217,'F',45,'47',NULL,NULL,0),
 (225,'2006-11-08 16:29:53','R','2006-11-03',218,'F',1,'39',NULL,NULL,0),
 (226,'2006-11-08 16:31:01','R','2006-11-03',219,'F',76,'16',NULL,NULL,0),
 (227,'2006-11-08 16:31:31','R','2006-11-03',220,'F',40,'110',NULL,NULL,0),
 (228,'2006-11-08 16:33:09','N','2006-11-03',221,'F',50,'37',NULL,NULL,0),
 (229,'2006-11-08 16:33:30','N','2006-11-03',222,'F',0,'39',NULL,NULL,0);
INSERT INTO OPD (OPD_ID,OPD_DATE,OPD_NEW_PAT,OPD_DATE_VIS,OPD_PROG_YEAR,OPD_SEX,OPD_AGE,OPD_DIS_ID_A,OPD_DIS_ID_A_2,OPD_DIS_ID_A_3,OPD_LOCK) VALUES 
 (230,'2006-11-08 16:33:48','R','2006-11-03',223,'M',1,'39',NULL,NULL,0),
 (231,'2006-11-08 16:34:18','N','2006-11-03',224,'F',0,'39',NULL,NULL,0),
 (232,'2006-11-08 16:34:57','N','2006-11-03',225,'F',47,'89',NULL,NULL,0),
 (233,'2006-11-08 16:35:33','N','2006-11-03',226,'M',10,'32',NULL,NULL,0),
 (234,'2006-11-08 16:36:01','N','2006-11-03',227,'F',1,'39',NULL,NULL,0),
 (235,'2006-11-08 16:36:48','N','2006-11-03',228,'M',12,'37',NULL,NULL,0),
 (236,'2006-11-08 16:37:18','R','2006-11-03',229,'M',60,'14',NULL,NULL,0),
 (237,'2006-11-08 16:37:51','N','2006-11-03',230,'M',34,'44',NULL,NULL,0),
 (238,'2006-11-08 16:38:38','R','2006-11-03',231,'F',50,'16',NULL,NULL,0),
 (239,'2006-11-08 16:39:06','N','2006-11-03',232,'F',1,'39',NULL,NULL,0),
 (240,'2006-11-08 16:39:37','R','2006-11-03',233,'M',52,'84',NULL,NULL,0),
 (241,'2006-11-08 16:40:20','R','2006-11-03',234,'F',28,'44',NULL,NULL,0),
 (242,'2006-11-08 16:41:42','N','2006-11-03',235,'F',47,'69',NULL,NULL,0);
INSERT INTO OPD (OPD_ID,OPD_DATE,OPD_NEW_PAT,OPD_DATE_VIS,OPD_PROG_YEAR,OPD_SEX,OPD_AGE,OPD_DIS_ID_A,OPD_DIS_ID_A_2,OPD_DIS_ID_A_3,OPD_LOCK) VALUES 
 (243,'2006-11-08 16:41:59','N','2006-11-03',236,'M',1,'39',NULL,NULL,0),
 (244,'2006-11-08 16:43:14','R','2006-11-03',237,'F',62,'39',NULL,NULL,0),
 (245,'2006-11-08 16:44:15','N','2006-11-03',238,'M',40,'15',NULL,NULL,0),
 (246,'2006-11-08 16:44:35','N','2006-11-03',239,'M',5,'39',NULL,NULL,0),
 (247,'2006-11-08 16:45:17','N','2006-11-03',240,'F',23,'26',NULL,NULL,0),
 (248,'2006-11-08 16:45:36','N','2006-11-03',241,'M',0,'39',NULL,NULL,0),
 (249,'2006-11-08 16:46:08','N','2006-11-03',242,'M',1,'39',NULL,NULL,0),
 (250,'2006-11-08 16:46:41','N','2006-11-03',243,'F',1,'40',NULL,NULL,0),
 (251,'2006-11-08 16:47:01','N','2006-11-03',244,'F',0,'39',NULL,NULL,0),
 (252,'2006-11-08 16:47:35','R','2006-11-03',245,'F',1,'15',NULL,NULL,0),
 (253,'2006-11-08 16:48:22','N','2006-11-03',246,'F',1,'39',NULL,NULL,0),
 (254,'2006-11-08 16:49:15','R','2006-11-03',247,'F',56,'44',NULL,NULL,0),
 (255,'2006-11-08 16:49:47','N','2006-11-03',248,'M',35,'15',NULL,NULL,0);
INSERT INTO OPD (OPD_ID,OPD_DATE,OPD_NEW_PAT,OPD_DATE_VIS,OPD_PROG_YEAR,OPD_SEX,OPD_AGE,OPD_DIS_ID_A,OPD_DIS_ID_A_2,OPD_DIS_ID_A_3,OPD_LOCK) VALUES 
 (256,'2006-11-08 16:50:20','R','2006-11-03',249,'M',32,'39',NULL,NULL,0),
 (257,'2006-11-08 16:51:14','N','2006-11-03',250,'M',4,'68',NULL,NULL,0),
 (258,'2006-11-08 16:52:26','N','2006-11-03',251,'F',24,'37',NULL,NULL,0),
 (259,'2006-11-08 16:54:05','R','2006-11-03',252,'M',68,'47',NULL,NULL,0),
 (260,'2006-11-08 16:54:28','N','2006-11-03',253,'M',1,'39',NULL,NULL,0),
 (261,'2006-11-08 16:54:56','N','2006-11-03',254,'M',34,'47',NULL,NULL,0),
 (262,'2006-11-08 16:55:33','N','2006-11-03',255,'M',66,'15',NULL,NULL,0),
 (263,'2006-11-08 16:56:26','R','2006-11-03',256,'F',30,'69',NULL,NULL,0),
 (264,'2006-11-08 16:57:21','N','2006-11-03',257,'F',67,'89',NULL,NULL,0),
 (265,'2006-11-08 16:57:42','N','2006-11-03',258,'M',0,'39',NULL,NULL,0),
 (266,'2006-11-08 16:58:14','N','2006-11-03',259,'F',2,'40',NULL,NULL,0),
 (267,'2006-11-08 16:58:33','N','2006-11-03',260,'M',0,'39',NULL,NULL,0),
 (268,'2006-11-08 16:59:11','N','2006-11-03',261,'M',56,'15',NULL,NULL,0);
INSERT INTO OPD (OPD_ID,OPD_DATE,OPD_NEW_PAT,OPD_DATE_VIS,OPD_PROG_YEAR,OPD_SEX,OPD_AGE,OPD_DIS_ID_A,OPD_DIS_ID_A_2,OPD_DIS_ID_A_3,OPD_LOCK) VALUES 
 (269,'2006-11-08 16:59:43','R','2006-11-03',262,'M',67,'14',NULL,NULL,0),
 (270,'2006-11-08 17:00:24','N','2006-11-03',263,'F',1,'39',NULL,NULL,0),
 (271,'2006-11-08 17:00:47','N','2006-11-03',264,'M',1,'39',NULL,NULL,0),
 (272,'2006-11-08 17:01:20','N','2006-11-03',265,'F',3,'15',NULL,NULL,0),
 (273,'2006-11-08 17:02:04','N','2006-11-03',266,'F',0,'39',NULL,NULL,0),
 (274,'2006-11-08 17:02:39','R','2006-11-03',267,'F',32,'39',NULL,NULL,0),
 (275,'2006-11-08 17:03:42','R','2006-11-03',268,'F',40,'87',NULL,NULL,0),
 (276,'2006-11-08 17:04:42','R','2006-11-03',269,'F',35,'44',NULL,NULL,0),
 (277,'2006-11-08 17:05:08','N','2006-11-03',270,'F',23,'110',NULL,NULL,0),
 (278,'2006-11-08 17:06:02','N','2006-11-03',271,'M',26,'59',NULL,NULL,0),
 (279,'2006-11-08 17:06:53','R','2006-11-03',272,'M',70,'57',NULL,NULL,0),
 (280,'2006-11-08 17:07:20','N','2006-11-03',273,'M',28,'39',NULL,NULL,0),
 (281,'2006-11-08 17:07:43','N','2006-11-03',274,'F',19,'39',NULL,NULL,0);
INSERT INTO OPD (OPD_ID,OPD_DATE,OPD_NEW_PAT,OPD_DATE_VIS,OPD_PROG_YEAR,OPD_SEX,OPD_AGE,OPD_DIS_ID_A,OPD_DIS_ID_A_2,OPD_DIS_ID_A_3,OPD_LOCK) VALUES 
 (282,'2006-11-08 17:08:19','R','2006-11-03',275,'F',67,'87',NULL,NULL,0),
 (283,'2006-11-08 17:09:00','R','2006-11-03',276,'M',80,'47',NULL,NULL,0),
 (284,'2006-11-08 17:09:22','R','2006-11-03',277,'F',14,'39',NULL,NULL,0),
 (285,'2006-11-08 17:10:03','N','2006-11-03',278,'F',31,'43',NULL,NULL,0),
 (286,'2006-11-08 17:10:30','R','2006-11-03',279,'F',69,'16',NULL,NULL,0),
 (287,'2006-11-08 17:10:45','N','2006-11-03',280,'F',0,'39',NULL,NULL,0),
 (288,'2006-11-08 17:11:26','R','2006-11-03',281,'F',10,'46',NULL,NULL,0),
 (289,'2006-11-08 17:12:00','R','2006-11-03',282,'F',40,'16',NULL,NULL,0),
 (290,'2006-11-08 17:12:34','N','2006-11-03',283,'M',30,'12',NULL,NULL,0),
 (291,'2006-11-08 17:13:13','N','2006-11-03',284,'F',25,'15',NULL,NULL,0),
 (292,'2006-11-08 17:13:42','N','2006-11-03',285,'F',4,'43',NULL,NULL,0),
 (293,'2006-11-08 17:14:05','R','2006-11-03',286,'F',2,'39',NULL,NULL,0),
 (294,'2006-11-08 17:14:37','R','2006-11-03',287,'F',3,'39',NULL,NULL,0);
INSERT INTO OPD (OPD_ID,OPD_DATE,OPD_NEW_PAT,OPD_DATE_VIS,OPD_PROG_YEAR,OPD_SEX,OPD_AGE,OPD_DIS_ID_A,OPD_DIS_ID_A_2,OPD_DIS_ID_A_3,OPD_LOCK) VALUES 
 (295,'2006-11-08 17:15:10','N','2006-11-03',288,'M',0,'39',NULL,NULL,0),
 (296,'2006-11-08 17:16:14','N','2006-11-03',289,'F',2,'40',NULL,NULL,0),
 (297,'2006-11-08 17:16:58','N','2006-11-03',290,'M',0,'30',NULL,NULL,0),
 (298,'2006-11-08 17:17:34','N','2006-11-03',291,'M',3,'37',NULL,NULL,0),
 (299,'2006-11-08 17:18:06','N','2006-11-03',292,'F',0,'40',NULL,NULL,0),
 (300,'2006-11-08 17:18:43','R','2006-11-03',293,'F',7,'69',NULL,NULL,0),
 (301,'2006-11-08 17:19:22','N','2006-11-03',294,'F',15,'15',NULL,NULL,0),
 (302,'2006-11-08 17:20:24','R','2006-11-03',295,'M',20,'44',NULL,NULL,0),
 (303,'2006-11-08 17:23:24','N','2006-11-03',296,'M',0,'39',NULL,NULL,0),
 (304,'2006-11-08 17:24:12','R','2006-11-03',297,'M',22,'29',NULL,NULL,0),
 (305,'2006-11-08 17:25:02','N','2006-11-03',298,'F',0,'39',NULL,NULL,0),
 (306,'2006-11-08 17:25:45','R','2006-11-03',299,'M',0,'30',NULL,NULL,0),
 (307,'2006-11-08 17:28:42','N','2006-11-03',300,'F',60,'58',NULL,NULL,0);
INSERT INTO OPD (OPD_ID,OPD_DATE,OPD_NEW_PAT,OPD_DATE_VIS,OPD_PROG_YEAR,OPD_SEX,OPD_AGE,OPD_DIS_ID_A,OPD_DIS_ID_A_2,OPD_DIS_ID_A_3,OPD_LOCK) VALUES 
 (308,'2006-11-08 17:30:50','R','2006-11-03',301,'M',36,'49',NULL,NULL,0),
 (309,'2006-11-08 17:32:16','R','2006-11-03',302,'M',29,'44',NULL,NULL,0),
 (310,'2006-11-08 17:33:41','N','2006-11-03',303,'M',29,'15',NULL,NULL,0),
 (311,'2006-11-08 17:35:30','N','2006-11-03',304,'M',35,'43',NULL,NULL,0),
 (312,'2006-11-08 17:36:53','N','2006-11-03',305,'F',36,'26',NULL,NULL,0),
 (313,'2006-11-08 17:38:38','R','2006-11-03',306,'F',42,'44',NULL,NULL,0),
 (314,'2006-11-08 17:40:02','N','2006-11-03',307,'F',76,'40',NULL,NULL,0),
 (315,'2006-11-08 17:41:34','N','2006-11-03',308,'M',2,'39',NULL,NULL,0),
 (316,'2006-11-08 17:42:25','N','2006-11-03',309,'M',13,'40',NULL,NULL,0),
 (317,'2006-11-08 17:43:00','N','2006-11-03',310,'M',63,'39',NULL,NULL,0),
 (318,'2006-11-08 17:43:50','N','2006-11-03',311,'F',46,'16',NULL,NULL,0),
 (319,'2006-11-08 17:44:27','N','2006-11-03',312,'F',24,'40',NULL,NULL,0),
 (320,'2006-11-08 17:45:06','N','2006-11-03',313,'M',1,'40',NULL,NULL,0);
INSERT INTO OPD (OPD_ID,OPD_DATE,OPD_NEW_PAT,OPD_DATE_VIS,OPD_PROG_YEAR,OPD_SEX,OPD_AGE,OPD_DIS_ID_A,OPD_DIS_ID_A_2,OPD_DIS_ID_A_3,OPD_LOCK) VALUES 
 (321,'2006-11-08 17:45:49','N','2006-11-03',314,'F',0,'39',NULL,NULL,0),
 (322,'2006-11-08 17:46:43','R','2006-11-03',315,'M',54,'44',NULL,NULL,0),
 (323,'2006-11-08 17:47:53','R','2006-11-03',316,'M',70,'17',NULL,NULL,0),
 (324,'2006-11-08 17:48:59','N','2006-11-03',317,'F',1,'39',NULL,NULL,0),
 (325,'2006-11-08 17:49:44','N','2006-11-03',318,'F',1,'39',NULL,NULL,0),
 (326,'2006-11-08 17:50:13','N','2006-11-03',319,'M',2,'39',NULL,NULL,0),
 (327,'2006-11-08 17:53:19','N','2006-11-03',320,'F',1,'39',NULL,NULL,0),
 (328,'2006-11-08 17:53:56','N','2006-11-03',321,'F',26,'15',NULL,NULL,0),
 (329,'2006-11-08 17:54:41','N','2006-11-03',322,'F',0,'39',NULL,NULL,0),
 (330,'2006-11-08 17:55:22','N','2006-11-03',323,'F',6,'39',NULL,NULL,0),
 (331,'2006-11-08 17:56:30','N','2006-11-03',324,'F',1,'39',NULL,NULL,0),
 (332,'2006-11-08 17:57:06','R','2006-11-03',325,'F',50,'16',NULL,NULL,0),
 (333,'2006-11-08 17:57:28','N','2006-11-03',326,'M',2,'39',NULL,NULL,0);
INSERT INTO OPD (OPD_ID,OPD_DATE,OPD_NEW_PAT,OPD_DATE_VIS,OPD_PROG_YEAR,OPD_SEX,OPD_AGE,OPD_DIS_ID_A,OPD_DIS_ID_A_2,OPD_DIS_ID_A_3,OPD_LOCK) VALUES 
 (334,'2006-11-08 17:57:53','N','2006-11-03',327,'F',45,'16',NULL,NULL,0),
 (336,'2006-11-08 17:59:30','N','2006-11-03',328,'F',25,'23',NULL,NULL,0),
 (337,'2006-11-08 17:59:51','N','2006-11-03',329,'M',1,'39',NULL,NULL,0),
 (338,'2006-11-08 18:03:19','R','2006-11-03',330,'F',48,'37',NULL,NULL,0),
 (339,'2006-11-08 18:04:39','R','2006-11-03',331,'F',38,'44',NULL,NULL,0),
 (340,'2006-11-08 18:06:00','N','2006-11-03',332,'F',47,'15',NULL,NULL,0),
 (341,'2006-11-08 18:06:50','N','2006-11-03',333,'F',43,'29',NULL,NULL,0),
 (342,'2006-11-08 18:07:26','N','2006-11-03',334,'M',9,'40',NULL,NULL,0),
 (343,'2006-11-08 18:08:46','N','2006-11-03',335,'M',21,'103',NULL,NULL,1),
 (344,'2006-11-08 18:10:34','N','2006-11-03',336,'F',45,'89',NULL,NULL,0),
 (345,'2006-11-08 18:11:35','N','2006-11-03',337,'F',22,'26',NULL,NULL,0),
 (346,'2006-11-08 18:12:22','N','2006-11-03',338,'M',16,'39',NULL,NULL,0),
 (347,'2006-11-08 18:13:15','N','2006-11-03',339,'M',16,'89',NULL,NULL,0);
INSERT INTO OPD (OPD_ID,OPD_DATE,OPD_NEW_PAT,OPD_DATE_VIS,OPD_PROG_YEAR,OPD_SEX,OPD_AGE,OPD_DIS_ID_A,OPD_DIS_ID_A_2,OPD_DIS_ID_A_3,OPD_LOCK) VALUES 
 (348,'2006-11-08 18:15:23','N','2006-11-03',340,'F',31,'32',NULL,NULL,0),
 (349,'2006-11-08 18:16:00','N','2006-11-03',341,'M',29,'39',NULL,NULL,0),
 (350,'2006-11-08 18:16:34','R','2006-11-03',342,'M',40,'29',NULL,NULL,0),
 (351,'2006-11-08 18:17:21','N','2006-11-03',343,'F',36,'89',NULL,NULL,0),
 (352,'2006-11-08 18:18:39','R','2006-11-03',344,'M',28,'25',NULL,NULL,0),
 (353,'2006-11-08 18:19:45','N','2006-11-03',345,'F',60,'87',NULL,NULL,0),
 (354,'2006-11-08 18:20:34','R','2006-11-03',346,'M',24,'14',NULL,NULL,1),
 (355,'2006-11-08 18:21:14','R','2006-11-03',347,'M',66,'84',NULL,NULL,0),
 (356,'2006-11-08 18:23:42','N','2006-11-03',348,'F',29,'26',NULL,NULL,0),
 (357,'2006-11-08 18:24:31','N','2006-11-03',349,'M',34,'89',NULL,NULL,0),
 (358,'2006-11-08 18:25:43','N','2006-11-03',350,'M',17,'89',NULL,NULL,0),
 (359,'2006-11-09 08:17:14','N','2006-11-03',351,'M',17,'89',NULL,NULL,2),
 (360,'2006-11-09 08:17:56','N','2006-11-03',352,'M',0,'39',NULL,NULL,3);
/*!40000 ALTER TABLE OPD ENABLE KEYS */;


--
-- Table structure for table OPERATION
--

DROP TABLE IF EXISTS OPERATION;
CREATE TABLE OPERATION (
  OPE_ID_A varchar(10) NOT NULL,
  OPE_OCL_ID_A char(2) NOT NULL,
  OPE_DESC varchar(50) NOT NULL,
  OPE_STAT int(11) NOT NULL default '0',
  OPE_LOCK int(11) NOT NULL default '0',
  PRIMARY KEY  (OPE_ID_A)
) ENGINE=MyISAM;

--
-- Dumping data for table OPERATION
--

/*!40000 ALTER TABLE OPERATION DISABLE KEYS */;
INSERT INTO OPERATION (OPE_ID_A,OPE_OCL_ID_A,OPE_DESC,OPE_STAT,OPE_LOCK) VALUES 
 ('1','OB','Caesarian section',1,0),
 ('10','OB','Septic abortion',1,0),
 ('11','OB','Dilatation and curettage',1,0),
 ('12','OB','Repair of vesico-vaginal fistula (vvf)',1,0),
 ('13','GY','Acute abdomen',1,0),
 ('14','GY','Ectopic pregnancy',1,0),
 ('15','GY','Peritonitis',1,0),
 ('16','GY','Pelvic abscess',1,0),
 ('17','GY','Uterine fibroids',1,0),
 ('18','GY','Ovarian tumours',1,0),
 ('19','GY','Uterine prolapse',1,0),
 ('2','OB','emergency',1,0),
 ('20','GY','Cystorele',1,0),
 ('21','MG','circumcision',1,0),
 ('22','MG','phimosis',1,0),
 ('23','MG','paraphimosis',1,0),
 ('24','MG','dorsal slit-paraphimosis',1,0),
 ('25','MG','uretheral stricture-bougienage',1,0),
 ('26','MG','Hydroceletomy',1,0),
 ('27','MG','Testicular tumours',1,0),
 ('28','MG','Prostatectomy',1,0),
 ('29','MG','Prostate biopsy',1,0),
 ('3','OB','elective',1,0),
 ('30','MG','Bladder biopsy',1,0),
 ('31','AG','Hernia (inguinal & femoral)',1,0),
 ('32','AG','Strangulated',1,0);
INSERT INTO OPERATION (OPE_ID_A,OPE_OCL_ID_A,OPE_DESC,OPE_STAT,OPE_LOCK) VALUES 
 ('33','AG','Non strangulated',1,0),
 ('34','AG','Epigastrical Hernia',1,0),
 ('37','AG','Intestinal obstruction',1,0),
 ('38','AG','Mechanical',1,0),
 ('39','AG','Volvulus',1,0),
 ('4','OB','Hysterectomy',1,0),
 ('40','AG','Laparatomy',1,0),
 ('41','AG','Penetrating abdominal injuries',1,0),
 ('42','AG','Peritonitis',1,0),
 ('43','AG','Appendicitis',1,0),
 ('44','AG','Cholecystitis',1,0),
 ('45','AG','Abdominal Tumours',1,0),
 ('46','OR','Reduction of fractures',1,0),
 ('47','OR','Upper limb',1,0),
 ('48','OR','Lower limb',1,0),
 ('49','OR','Osteomyelitis - sequestrectomy',1,0),
 ('5','OB','Ruptured uterus',1,0),
 ('50','OS','Incission & drainage',1,0),
 ('51','OS','Debridement',1,0),
 ('52','OS','Mise -a- plat',1,0),
 ('53','OS','Surgical toilet  & suture',1,0),
 ('6','OB','Injured uterus',1,0),
 ('7','OB','Hysterectomy',1,0),
 ('8','OB','Evacuations',1,0),
 ('9','OB','Incomplete abortion',1,0);
/*!40000 ALTER TABLE OPERATION ENABLE KEYS */;


--
-- Table structure for table OPERATIONTYPE
--

DROP TABLE IF EXISTS OPERATIONTYPE;
CREATE TABLE OPERATIONTYPE (
  OCL_ID_A char(2) NOT NULL,
  OCL_DESC varchar(50) NOT NULL,
  OCL_TYPE varchar(20) NOT NULL default 'MAJOR',
  PRIMARY KEY  (OCL_ID_A)
) ENGINE=MyISAM;

--
-- Dumping data for table OPERATIONTYPE
--

/*!40000 ALTER TABLE OPERATIONTYPE DISABLE KEYS */;
INSERT INTO OPERATIONTYPE (OCL_ID_A,OCL_DESC,OCL_TYPE) VALUES 
 ('AG','ABDOMINAL GENERAL SURGERY','MAJOR'),
 ('GY','GYNECOLOGICAL','MAJOR'),
 ('MG','MALE GENITOR-URINARY SYSTEM','MAJOR'),
 ('OB','OBSTETRICAL','MAJOR'),
 ('OR','ORTHOPEDICAL','MAJOR'),
 ('OS','OTHERS: SKIN AND SUBCUTANEOUS','MAJOR');
/*!40000 ALTER TABLE OPERATIONTYPE ENABLE KEYS */;


--
-- Table structure for table PATIENT
--

DROP TABLE IF EXISTS PATIENT;
CREATE TABLE PATIENT (
  PAT_ID int(11) NOT NULL auto_increment,
  PAT_FNAME varchar(50) NOT NULL,
  PAT_SNAME varchar(50) NOT NULL,
  PAT_NAME varchar(100) default NULL,
  PAT_AGE int(11) NOT NULL,
  PAT_SEX char(1) NOT NULL,
  PAT_ADDR varchar(50) default NULL,
  PAT_CITY varchar(50) NOT NULL,
  PAT_NEXT_KIN varchar(50) default NULL,
  PAT_TELE varchar(50) default NULL,
  PAT_MOTH char(1) default NULL,
  PAT_FATH char(1) default NULL,
  PAT_LEDU char(1) default NULL,
  PAT_ESTA char(1) default NULL,
  PAT_PTOGE char(1) default NULL,
  PAT_NOTE text,
  PAT_DELETED char(1) NOT NULL default 'N',
  PAT_LOCK int(11) NOT NULL default '0',
  PRIMARY KEY  (PAT_ID)
) ENGINE=MyISAM;

--
-- Dumping data for table PATIENT
--

/*!40000 ALTER TABLE PATIENT DISABLE KEYS */;
INSERT INTO PATIENT (PAT_ID,PAT_FNAME,PAT_SNAME,PAT_NAME,PAT_AGE,PAT_SEX,PAT_ADDR,PAT_CITY,PAT_NEXT_KIN,PAT_TELE,PAT_MOTH,PAT_FATH,PAT_LEDU,PAT_ESTA,PAT_PTOGE,PAT_NOTE,PAT_DELETED,PAT_LOCK) VALUES 
 (4,'Luca','Salomoni','Salomoni Luca',36,'M','viaqd ad ','italy','','dddd','\0','\0','\0','\0','\0','sad sa dasf edsf asrvgdffbdfa bafsdbdfbsd sfd a','Y',1),
 (5,'James','Acer','Acer James',34,'M','','Angal','Christine','','\0','\0','\0','\0','\0','','N',1),
 (43,'Albert','Wathum','Wathum Albert',35,'M','Aluka','nyaravur','','','\0','\0','\0','\0','\0','','N',0),
 (44,'Kalimente','Ojwiga','Ojwiga Kalimente',58,'M','Lango','DRC','','','\0','\0','\0','\0','\0','','N',2),
 (45,'Salvathore','Ngeze','NGEZE SALVATHORE',50,'M','Lango','Drc','','','\0','\0','\0','\0','\0','','N',1),
 (46,'Kumakech','Walter','Walter Kumakech',50,'M','Amor','Pakwach','','','\0','\0','\0','\0','\0','','N',0),
 (47,'Vinansio','Muswa','Muswa Vinansio',72,'M','Penji Oryang','Parombo','','','\0','\0','\0','\0','\0','','N',0),
 (48,'Obeyo','Franco','Franco Obeyo',35,'M','Palyech','Erussi','','','\0','\0','\0','\0','\0','												','N',0);
INSERT INTO PATIENT (PAT_ID,PAT_FNAME,PAT_SNAME,PAT_NAME,PAT_AGE,PAT_SEX,PAT_ADDR,PAT_CITY,PAT_NEXT_KIN,PAT_TELE,PAT_MOTH,PAT_FATH,PAT_LEDU,PAT_ESTA,PAT_PTOGE,PAT_NOTE,PAT_DELETED,PAT_LOCK) VALUES 
 (49,'Ojok','Bertin','Bertin Ojok',32,'M','Rest Camp','Nyaravur','','','\0','\0','\0','\0','\0','','N',0),
 (50,'Oyenya','Yezenia','Yezenia Oyenya',80,'M','Agule','Erussi','','','\0','\0','\0','\0','\0','','N',2),
 (51,'Obima','Leone','Leone Obima',70,'M','Nyapii','Nyaravur','','','\0','\0','\0','\0','\0','','N',0),
 (52,'James','Ocaki','Ocaki James',24,'M','Anyang','Parombo','','','\0','\0','\0','\0','\0','','N',0),
 (53,'Ronald','Kumakech','Kumakech Ronald',50,'M','Jupukidi','Parombo','','','\0','\0','\0','\0','\0','','N',0),
 (54,'David','Piwun','Piwun David',11,'M','Akanyo','Kucwiny','','','\0','\0','\0','\0','\0','','N',0),
 (55,'Albert','Opini','Opini Albert',29,'M','Comboni','Angal','','','\0','\0','\0','\0','\0','','N',0),
 (56,'Felice','Okumu','Okumu Felice',30,'M','Nyarundier','Akworo','','','\0','\0','\0','\0','\0','','N',0),
 (57,'Francis','Ocanda','Ocanda Francis',56,'M','Lee','Kucwiny','','','\0','\0','\0','\0','\0','','N',0);
INSERT INTO PATIENT (PAT_ID,PAT_FNAME,PAT_SNAME,PAT_NAME,PAT_AGE,PAT_SEX,PAT_ADDR,PAT_CITY,PAT_NEXT_KIN,PAT_TELE,PAT_MOTH,PAT_FATH,PAT_LEDU,PAT_ESTA,PAT_PTOGE,PAT_NOTE,PAT_DELETED,PAT_LOCK) VALUES 
 (58,'Awinga','German','German Awinga',38,'M','Atego Upper','Parombo','','','\0','\0','\0','\0','\0','','N',0),
 (59,'Makecharach','Jackson','Jackson Makecharach',15,'M','Jupugeta upper','Nebbi','','','\0','\0','\0','\0','\0','','N',0),
 (60,'Stephano','Mugisha','Mugisha Stephano',40,'M','Wanseko','Bulisia','','','\0','\0','\0','\0','\0','','N',0),
 (61,'Ocama','Tesco','Tesco Ocama',45,'M','Pastoral Centre','Angal','','','\0','\0','\0','\0','\0','','N',0),
 (62,'Moses','Njadis','Njadis Moses',10,'M','Jupayanga','Nebbi/DRC','','','\0','\0','\0','\0','\0','','N',0),
 (63,'Wanadi','Julius','Julius Wanadi',46,'M','Zeu','Okoro','','','\0','\0','\0','\0','\0','','N',0),
 (64,'Oting-cwinywu','Roy','Roy Oting-cwinywu',12,'M','Obayo','Kucwiny','','','\0','\0','\0','\0','\0','','N',0),
 (65,'Ngageno','Alfred','Alfred Ngageno',12,'M','Atar East','Angal','','','\0','\0','\0','\0','\0','','N',0);
INSERT INTO PATIENT (PAT_ID,PAT_FNAME,PAT_SNAME,PAT_NAME,PAT_AGE,PAT_SEX,PAT_ADDR,PAT_CITY,PAT_NEXT_KIN,PAT_TELE,PAT_MOTH,PAT_FATH,PAT_LEDU,PAT_ESTA,PAT_PTOGE,PAT_NOTE,PAT_DELETED,PAT_LOCK) VALUES 
 (66,'Opilo','Brunu','Brunu Opilo',45,'M','Pakech East','Pakwach','','','\0','\0','\0','\0','\0','','N',0),
 (67,'Ajarova','Roggers','Roggers Ajarova',28,'M','Boro','Panyimur','','','\0','\0','\0','\0','\0','','N',0),
 (68,'Ogentho','Kennedy','Kennedy Ogentho',32,'M','Alwii','Panyango','','','\0','\0','\0','\0','\0','','N',0),
 (69,'GEOFREY ','JULIUS','JULIUS GEOFREY ',35,'M','AFERE','','','','\0','\0','\0','\0','\0','','N',0),
 (70,'MASENDI','ALBERT','ALBERT MASENDI',25,'M','ALIGORO','','','','\0','\0','\0','\0','\0','','N',0),
 (71,'QUINTINO','OWACHGIU','OWACHGIU QUINTINO',51,'M','PAJAU -LOWER','','','','\0','\0','\0','\0','\0','','N',0),
 (72,'OLEGA','RICHARD','RICHARD OLEGA',26,'M','PAGWAYA','','','','\0','\0','\0','\0','\0','','N',0),
 (73,'ONGIERA','ALBERT','ALBERT ONGIERA',28,'M','PANYANGO','','','','\0','\0','\0','\0','\0','','N',0),
 (74,'Chance','Ngasani','Ngasani Chance',26,'F','Wanseko','Bulisia','','','\0','\0','\0','\0','\0','','N',0);
INSERT INTO PATIENT (PAT_ID,PAT_FNAME,PAT_SNAME,PAT_NAME,PAT_AGE,PAT_SEX,PAT_ADDR,PAT_CITY,PAT_NEXT_KIN,PAT_TELE,PAT_MOTH,PAT_FATH,PAT_LEDU,PAT_ESTA,PAT_PTOGE,PAT_NOTE,PAT_DELETED,PAT_LOCK) VALUES 
 (75,'Celestina','Acaye','Acaye Celestina',47,'F','Ukuru Bridge','Angal','','','\0','\0','\0','\0','\0','','N',0),
 (76,'Christine','Anyutho','Anyutho Christine',30,'F','Luwala','','','','\0','\0','\0','\0','\0','','N',0),
 (77,'Celly','Ongu-ngyero','Ongu-ngyero Celly',60,'F','Nyamukula','','','','\0','\0','\0','\0','\0','','N',0),
 (78,'Night','Adubango','Adubango Night',32,'F','Pangera','DRC','','','\0','\0','\0','\0','\0','','N',0),
 (79,'Polina','Bahoire','Bahoire Polina',78,'F','Wanseko','Bulisia','','','\0','\0','\0','\0','\0','','N',0),
 (80,'Ventorina','Olyera','Olyera Ventorina',56,'F','Mutusa','DRC','','','\0','\0','\0','\0','\0','','N',0),
 (81,'Jerovia','Ocama','Ocama Jerovia',58,'F','Erussi','Nebbi','','','\0','\0','\0','\0','\0','','N',0),
 (82,'Gaburyela','Omwchi','Omwchi Gaburyela',61,'F','Jupukidi','Nyaravur','','','\0','\0','\0','\0','\0','','N',0);
INSERT INTO PATIENT (PAT_ID,PAT_FNAME,PAT_SNAME,PAT_NAME,PAT_AGE,PAT_SEX,PAT_ADDR,PAT_CITY,PAT_NEXT_KIN,PAT_TELE,PAT_MOTH,PAT_FATH,PAT_LEDU,PAT_ESTA,PAT_PTOGE,PAT_NOTE,PAT_DELETED,PAT_LOCK) VALUES 
 (83,'Akile','Betty','Betty Akile',60,'F','Centre West','Angal','','','\0','\0','\0','\0','\0','','N',0),
 (84,'Florence','Ryekorach','Ryekorach Florence',14,'F','Rwango','Nebbi','','','\0','\0','\0','\0','\0','','N',0),
 (85,'Madhalena','Ocidhi','Ocidhi Madhalena',60,'F','Meksq','','','','\0','\0','\0','\0','\0','','N',0),
 (86,'Santa','Anewa','Anewa Santa',60,'F','Peyi Orwol','','','','\0','\0','\0','\0','\0','','N',0),
 (87,'Celsa','Ojwiga','Ojwiga Celsa',40,'F','Onyongo','Nebbi','','','\0','\0','\0','\0','\0','','N',0),
 (88,'Rose','Acen','Acen Rose',47,'F','Patiko/Povivo','Bulisia','','','\0','\0','\0','\0','\0','','N',0),
 (89,'Mary','Thorach','Thorach Mary',48,'F','Lango','DRC','','','\0','\0','\0','\0','\0','','N',0),
 (90,'Roseline','Funyu','Funyu Roseline',60,'F','Vuk Lower','Parombo','','','\0','\0','\0','\0','\0','','N',0),
 (91,'Grace','Aliparwoth','Aliparwoth Grace',33,'F','Akesi','Nebbi Town','','','\0','\0','\0','\0','\0','','N',0);
INSERT INTO PATIENT (PAT_ID,PAT_FNAME,PAT_SNAME,PAT_NAME,PAT_AGE,PAT_SEX,PAT_ADDR,PAT_CITY,PAT_NEXT_KIN,PAT_TELE,PAT_MOTH,PAT_FATH,PAT_LEDU,PAT_ESTA,PAT_PTOGE,PAT_NOTE,PAT_DELETED,PAT_LOCK) VALUES 
 (92,'Okumu','Agnes','Agnes Okumu',16,'F','Pajaw','Akworo','','','\0','\0','\0','\0','\0','','N',0),
 (93,'Dorren','Ocwii','Ocwii Dorren',18,'F','Padwot','Kucwiny','','','\0','\0','\0','\0','\0','','N',0),
 (94,'Jeres','Anewa','Anewa Jeres',22,'F','Mbaro','Nyaravur','','','\0','\0','\0','\0','\0','','N',0),
 (95,'Fibronia','Akwanji','Akwanji Fibronia',28,'F','Akwanji','Angal','','','\0','\0','\0','\0','\0','','N',0),
 (96,'Christine','Kaligonzi','Kaligonzi Christine',18,'F','Kaligonji','','','','\0','\0','\0','\0','\0','','N',0),
 (97,'Onyai','Vethorina','Vethorina Onyai',62,'F','Pabidi','DRC','','','\0','\0','\0','\0','\0','','N',0),
 (98,'Dorine','Oweki','Oweki Dorine',34,'F','Kituna','Akworo','','','\0','\0','\0','\0','\0','','N',0),
 (99,'Ociba','Victoria','Victoria Ociba',44,'F','Agudi','Nebbi','','','\0','\0','\0','\0','\0','','N',2),
 (100,'Frasika','Nyakwiyo','Nyakwiyo Frasika',60,'F','Nyarodyer','Nebbi','','','\0','\0','\0','\0','\0','','N',0);
INSERT INTO PATIENT (PAT_ID,PAT_FNAME,PAT_SNAME,PAT_NAME,PAT_AGE,PAT_SEX,PAT_ADDR,PAT_CITY,PAT_NEXT_KIN,PAT_TELE,PAT_MOTH,PAT_FATH,PAT_LEDU,PAT_ESTA,PAT_PTOGE,PAT_NOTE,PAT_DELETED,PAT_LOCK) VALUES 
 (101,'Angei','Agnes','Agnes Angei',50,'F','Jagi East','DRC','','','\0','\0','\0','\0','\0','','N',0),
 (102,'Emma','Ocida','Ocida Emma',20,'F','Pavunde','Angal','','','\0','\0','\0','\0','\0','','N',0),
 (103,'Aliethi','Nyirach','Nyirach Aliethi',46,'F','Lango','','','','\0','\0','\0','\0','\0','','N',0),
 (104,'Jane','Chikawun','Chikawun Jane',34,'F','Ocibo','DRC','','','\0','\0','\0','\0','\0','','N',0),
 (105,'Margerate','Awok','Awok Margerate',56,'F','Pajao Lower','Akworo','','','\0','\0','\0','\0','\0','','N',0),
 (106,'Bibiana','Anobe','Anobe Bibiana',50,'F','Acibu','Nebbi','','','\0','\0','\0','\0','\0','','N',0),
 (107,'Jerida','Nedifa','Nedifa Jerida',60,'F','Pajobi','Pakwach','','','\0','\0','\0','\0','\0','','N',0),
 (108,'mary','Ofungi','Ofungi mary',40,'F','Acibu','','','','\0','\0','\0','\0','\0','','N',0),
 (109,'Dolika','Ngegibyeke','Ngegibyeke Dolika',30,'F','Bulisia','Bulisia','','','\0','\0','\0','\0','\0','','N',0);
INSERT INTO PATIENT (PAT_ID,PAT_FNAME,PAT_SNAME,PAT_NAME,PAT_AGE,PAT_SEX,PAT_ADDR,PAT_CITY,PAT_NEXT_KIN,PAT_TELE,PAT_MOTH,PAT_FATH,PAT_LEDU,PAT_ESTA,PAT_PTOGE,PAT_NOTE,PAT_DELETED,PAT_LOCK) VALUES 
 (110,'Acen','Kelemeni','Kelemeni Acen',60,'F','Aluka','Angal','','','\0','\0','\0','\0','\0','','N',0),
 (111,'Adubango','Jese','Jese Adubango',40,'F','Jupajobi','Nebbi','','','\0','\0','\0','\0','\0','','N',0),
 (112,'Mario','Awene','Awene Mario',60,'F','Juparonga','Nebbi','','','\0','\0','\0','\0','\0','','N',0),
 (113,'Ayomirwoth','Mary','Mary Ayomirwoth',60,'F','Nyaravur trading Centre','','','','\0','\0','\0','\0','\0','','N',0),
 (114,'Pacunega','rese','rese Pacunega',36,'F','Anyili','DRC','','','\0','\0','\0','\0','\0','','N',0),
 (115,'Lucy','Odwoka','Odwoka Lucy',60,'F','Parwo Central','Parombo','','','\0','\0','\0','\0','\0','','N',0),
 (116,'Furasil','Inen','Inen Furasil',76,'F','Oleny','Erussi trading Centre','','','\0','\0','\0','\0','\0','','N',0),
 (117,'Joyce','Atimango','Atimango Joyce',24,'F','Kothongola','Erussi','','','\0','\0','\0','\0','\0','','N',0);
INSERT INTO PATIENT (PAT_ID,PAT_FNAME,PAT_SNAME,PAT_NAME,PAT_AGE,PAT_SEX,PAT_ADDR,PAT_CITY,PAT_NEXT_KIN,PAT_TELE,PAT_MOTH,PAT_FATH,PAT_LEDU,PAT_ESTA,PAT_PTOGE,PAT_NOTE,PAT_DELETED,PAT_LOCK) VALUES 
 (118,'Joyce','Obedi','Obedi Joyce',35,'F','Alwii','Panyango','','','\0','\0','\0','\0','\0','','N',0),
 (119,'Olama','Margrete','Margrete Olama',49,'F','Jupugwana','Nebbi','','','\0','\0','\0','\0','\0','','N',0),
 (120,'brenda','Kwiyocwiny','Kwiyocwiny brenda',13,'F','Paidha Town','','','','\0','\0','\0','\0','\0','','N',0),
 (121,'Ayoma','Ebbeka','Ebbeka Ayoma',60,'F','Kimar','','','','\0','\0','\0','\0','\0','','N',0),
 (122,'Jeska','Akumu','Akumu Jeska',36,'F','Mbaro','Nyaravur','','','\0','\0','\0','\0','\0','','N',0),
 (123,'Juliango','Obotha','Obotha Juliango',57,'F','Payera','Erussi','','','\0','\0','\0','\0','\0','','N',0),
 (124,'Anirwoth','Lucia','Lucia Anirwoth',45,'F','Gwii','','','','\0','\0','\0','\0','\0','','N',0),
 (125,'Acen','Grace','Grace Acen',34,'F','Munduryema','Nyaravur','','','\0','\0','\0','\0','\0','','N',0),
 (126,'Biywaga','Olyera','Olyera Biywaga',33,'F','Pajula','Akworo','','','\0','\0','\0','\0','\0','','N',0);
INSERT INTO PATIENT (PAT_ID,PAT_FNAME,PAT_SNAME,PAT_NAME,PAT_AGE,PAT_SEX,PAT_ADDR,PAT_CITY,PAT_NEXT_KIN,PAT_TELE,PAT_MOTH,PAT_FATH,PAT_LEDU,PAT_ESTA,PAT_PTOGE,PAT_NOTE,PAT_DELETED,PAT_LOCK) VALUES 
 (127,'Christine','Ajarova','Ajarova Christine',32,'F','Kiyoyo','Bulisia','','','\0','\0','\0','\0','\0','','N',0),
 (128,'Jenina','Acibu','Acibu Jenina',62,'F','Ogal','','','','\0','\0','\0','\0','\0','','N',0),
 (129,'Klelia','Oyenya','Oyenya Klelia',68,'F','Angal Lei','Nyaravur','','','\0','\0','\0','\0','\0','','N',0),
 (130,'Stella','Orwinya','Orwinya Stella',25,'F','Atar East','Angal','','','\0','\0','\0','\0','\0','','N',0),
 (131,'Akwia','Tereza','Tereza Akwia',50,'F','Mbaro','Nyaravur','','','\0','\0','\0','\0','\0','','N',0),
 (132,'Okumu','Alex','Alex Okumu',40,'M','Alwala','Nyaravur','','','\0','\0','\0','\0','\0','','N',3),
 (133,'Emmanuel','Okecha','Okecha Emmanuel',26,'M','Akesi','Nebbi Town','','','\0','\0','\0','\0','\0','','N',0),
 (134,'Ocowun','Navitali','Navitali Ocowun',68,'M','Jupadeba','','','','\0','\0','\0','\0','\0','','N',0),
 (135,'Okecha','Joel','Joel Okecha',49,'M','Rwanza','Bulisia','','','\0','\0','\0','\0','\0','																									loel','N',0);
INSERT INTO PATIENT (PAT_ID,PAT_FNAME,PAT_SNAME,PAT_NAME,PAT_AGE,PAT_SEX,PAT_ADDR,PAT_CITY,PAT_NEXT_KIN,PAT_TELE,PAT_MOTH,PAT_FATH,PAT_LEDU,PAT_ESTA,PAT_PTOGE,PAT_NOTE,PAT_DELETED,PAT_LOCK) VALUES 
 (136,'Michael','Okech-Mungu','Okech-Mungu Michael',25,'M','Alala','Parombo','','','\0','\0','\0','\0','\0','','N',0),
 (137,'MSGN Santus Linus ','Wanok','Wanok MSGN Santus Linus ',49,'M','Paidha Mission','Paidha Town','Bishop Martine','','\0','\0','\0','\0','\0','','N',0),
 (138,'Nadaf','Uwoth-irwoth','Uwoth-irwoth Nadaf',45,'M','Kimor','Bulisia','','','\0','\0','\0','\0','\0','','N',0),
 (139,'Digol','Dokcen','Dokcen Digol',67,'M','Jupugwang','Nebbi','','','\0','\0','\0','\0','\0','','N',0),
 (140,'Tomas','Kali','Kali Tomas',73,'M','Centre West','Angal','','','\0','\0','\0','\0','\0','','N',0),
 (141,'Kapare','James','James Kakura',76,'M','Jupugwang','Nebbi','','','\0','\0','\0','\0','\0','','N',2),
 (142,'Oloya','saidi','saidi Oloya',44,'M','Parwo Centre','Parombo','','','\0','\0','\0','\0','\0','','N',0),
 (143,'Okello','Felix','Felix Okello',47,'M','Penji/Alenga upper','Erussi','','','\0','\0','\0','\0','\0','','N',0);
INSERT INTO PATIENT (PAT_ID,PAT_FNAME,PAT_SNAME,PAT_NAME,PAT_AGE,PAT_SEX,PAT_ADDR,PAT_CITY,PAT_NEXT_KIN,PAT_TELE,PAT_MOTH,PAT_FATH,PAT_LEDU,PAT_ESTA,PAT_PTOGE,PAT_NOTE,PAT_DELETED,PAT_LOCK) VALUES 
 (144,'Okoya','Tatizo','Tatizo Okoya',52,'M','Apolla','Parombo','','','\0','\0','\0','\0','\0','','N',0),
 (145,'Ongalo','Mithusilo','Mithusilo Ongalo',45,'M','Kasato','Akworo','','','\0','\0','\0','\0','\0','','N',0),
 (146,'Owonda','Michael','Michael Owonda',37,'M','Parwo','Parombo','','','\0','\0','\0','\0','\0','','N',0),
 (147,'Onencan','Ismail','Ismail Onencan',39,'M','Nebbi','Nebbi','','','\0','\0','\0','\0','\0','','N',0),
 (148,'Ajelo','Pithuwa','Pithuwa Ajelo',56,'M','Alala','Parombo','','','\0','\0','\0','\0','\0','','N',0),
 (149,'Alex ','Olul','Olul Alex ',50,'M','Jupaka','Nebbi','','','\0','\0','\0','\0','\0','','N',0),
 (150,'Githu','George','George Githu',68,'M','Lengi','Erussi','','','\0','\0','\0','\0','\0','','N',0),
 (151,'Ronald','Nyitha','Nyitha Ronald',36,'M','Centre west','Angal','','','\0','\0','\0','\0','\0','','N',0),
 (152,'Keronga','Stephene','Stephene Keronga',36,'M','Puyoo','Pakwach','','','\0','\0','\0','\0','\0','','N',0);
INSERT INTO PATIENT (PAT_ID,PAT_FNAME,PAT_SNAME,PAT_NAME,PAT_AGE,PAT_SEX,PAT_ADDR,PAT_CITY,PAT_NEXT_KIN,PAT_TELE,PAT_MOTH,PAT_FATH,PAT_LEDU,PAT_ESTA,PAT_PTOGE,PAT_NOTE,PAT_DELETED,PAT_LOCK) VALUES 
 (153,'Gaudeinsio','Opiem','Opiem Gaudeinsio',40,'M','Nyamutongola','Bulisia','','','\0','\0','\0','\0','\0','','N',0),
 (154,'Ojok','Emmanuel Fred','Emmanuel Fred Ojok',57,'M','Kuongi','Bulisia','','','\0','\0','\0','\0','\0','','N',0),
 (155,'Derick','Ogentho','Ogentho Derick',13,'M','13','Nebbi','','','\0','\0','\0','\0','\0','','N',0),
 (156,'Cwinya-ai','Derick','Derick Cwinya-ai',36,'M','Pakwach  Town','Pakwach Town','','','\0','\0','\0','\0','\0','									\n																								\n\n\n\n\n\n\n','N',0),
 (157,'Adubango','Pondy','Pondy Adubango',25,'M','Mahagi','Mahagi','','','\0','\0','\0','\0','\0','','N',0),
 (158,'Owachi','Gasper','Gasper Owachi',82,'M','Ambaki','','','','\0','\0','\0','\0','\0','','N',0),
 (159,'Onoba','Luciano','Luciano Onoba',54,'M','Pakwiyo','','','','\0','\0','\0','\0','\0','','N',0),
 (160,'Okumu','Celsio','Celsio Okumu',46,'M','Gupala','','','','\0','\0','\0','\0','\0','','N',0);
INSERT INTO PATIENT (PAT_ID,PAT_FNAME,PAT_SNAME,PAT_NAME,PAT_AGE,PAT_SEX,PAT_ADDR,PAT_CITY,PAT_NEXT_KIN,PAT_TELE,PAT_MOTH,PAT_FATH,PAT_LEDU,PAT_ESTA,PAT_PTOGE,PAT_NOTE,PAT_DELETED,PAT_LOCK) VALUES 
 (161,'Mugumb','Inyasio','Inyasio Mugumb',50,'M','Terombe','','','','\0','\0','\0','\0','\0','','N',0),
 (162,'Migan','Christine','Christine Migan',8,'F','Panyimur','Nebbi','','','\0','\0','\0','\0','\0','','N',0),
 (163,'Jane','Cwinya ai','Cwinya ai Jane',39,'F','Oleny','Erussi','','','\0','\0','\0','\0','\0','','N',0),
 (164,'Apio','Jackline','Jackline Apio',24,'F','Wadlay','Wadlay','','','\0','\0','\0','\0','\0','','N',0),
 (165,'Athua','Osengu','Osengu Athua',27,'F','Panyimur','Panyimur','','','\0','\0','\0','\0','\0','','N',0),
 (166,'Oroma','Jeres','Jeres Oroma',20,'F','Boro','Panyimur','','','\0','\0','\0','\0','\0','','N',0),
 (167,'Ayomirwoth','Florence','Florence Ayomirwoth',17,'F','Atar','Angal','','','\0','\0','\0','\0','\0','','N',0),
 (168,'Charity','Pimer','Pimer Charity',19,'F','Parombo','Parombo','','','\0','\0','\0','\0','\0','','N',0),
 (169,'Atimango','Immaculate','Immaculate Atimango',20,'F','Panyimur','Panyimur','','','\0','\0','\0','\0','\0','','N',0);
INSERT INTO PATIENT (PAT_ID,PAT_FNAME,PAT_SNAME,PAT_NAME,PAT_AGE,PAT_SEX,PAT_ADDR,PAT_CITY,PAT_NEXT_KIN,PAT_TELE,PAT_MOTH,PAT_FATH,PAT_LEDU,PAT_ESTA,PAT_PTOGE,PAT_NOTE,PAT_DELETED,PAT_LOCK) VALUES 
 (170,'Acaye','Agnes','Agnes Acaye',18,'F','Penji upper','Erussi','','','\0','\0','\0','\0','\0','','N',0),
 (171,'Nyamungu','Agnes','Agnes Nyamungu',26,'F','Panyimur','Panyimur','','','\0','\0','\0','\0','\0','','N',0),
 (172,'Raima','Mavenjina','Mavenjina Raima',22,'F','Padolo','Erussi','','','\0','\0','\0','\0','\0','','N',0),
 (173,'Salama','Ayiorwoth','Ayiorwoth Salama',18,'F','Parombo','Parombo','','','\0','\0','\0','\0','\0','','N',0),
 (174,'Liberty','Nyamutoro','Nyamutoro Liberty',16,'F','Pangere','Erussi','','','\0','\0','\0','\0','\0','','N',0),
 (175,'Gladis','Anican','Anican Gladis',27,'F','Padel Ossi','Parombo','','','\0','\0','\0','\0','\0','','N',0),
 (176,'Pifua','Jackline','Jackline Pifua',24,'F','Olyeko','Angal','','','\0','\0','\0','\0','\0','','N',0),
 (177,'Bakoko','Grace','Grace Bakoko',20,'F','Padwot','Kucwiny','','','\0','\0','\0','\0','\0','','N',0);
INSERT INTO PATIENT (PAT_ID,PAT_FNAME,PAT_SNAME,PAT_NAME,PAT_AGE,PAT_SEX,PAT_ADDR,PAT_CITY,PAT_NEXT_KIN,PAT_TELE,PAT_MOTH,PAT_FATH,PAT_LEDU,PAT_ESTA,PAT_PTOGE,PAT_NOTE,PAT_DELETED,PAT_LOCK) VALUES 
 (178,'Biywaga','Roseline','Roseline Biywaga',3,'F','Dei Panyimur','Panyimur','','','\0','\0','\0','\0','\0','','N',0),
 (179,'Agnen','Onen','Onen Agnen',35,'F','Parombo','Parombo','','','\0','\0','\0','\0','\0','','N',0),
 (180,'Oyela','Beatrice','Beatrice Oyela',35,'F','Penji Messi','Erussi','','','\0','\0','\0','\0','\0','','N',0),
 (181,'Omaka ','Tadeo','Tadeo Omaka ',76,'M','koch','Nebbi','','','\0','\0','\0','\0','\0','','N',1),
 (182,'Owachgiu','Wilfred','Wilfred Owachgiu',13,'M','Loc Judongo','Kucwiny','','','\0','\0','\0','\0','\0','','N',0),
 (183,'Ringotho','Peter','Peter Ringotho',67,'M','Apolla','Nyaravur','','','\0','\0','\0','\0','\0','','N',0),
 (187,'Ayomirwoth','OLama','OLama Ayomirwoth',10,'F','Sito','DRC','mary','','\0','\0','\0','\0','\0','','N',0),
 (188,'Johnson','Cwinya ai','Cwinya ai Johnson',57,'M','Nyarogalo','Parombo','','','\0','\0','\0','\0','\0','','N',0);
INSERT INTO PATIENT (PAT_ID,PAT_FNAME,PAT_SNAME,PAT_NAME,PAT_AGE,PAT_SEX,PAT_ADDR,PAT_CITY,PAT_NEXT_KIN,PAT_TELE,PAT_MOTH,PAT_FATH,PAT_LEDU,PAT_ESTA,PAT_PTOGE,PAT_NOTE,PAT_DELETED,PAT_LOCK) VALUES 
 (189,'Emilio','Olar','Olar Emilio',53,'M','Laju','Nebbi','','','\0','\0','\0','\0','\0','','N',0),
 (190,'Manuel','Bedijo','Bedijo Manuel',34,'M','Munduryema','Akworo','','','\0','\0','\0','\0','\0','','N',0),
 (191,'Philipo','Kali','Kali Philipo',56,'M','Pabego','Nebbi','','','\0','\0','\0','\0','\0','','N',0),
 (192,'Solomon','Openji','Openji Solomon',56,'M','Pangere','Parombo','','','\0','\0','\0','\0','\0','','N',0),
 (193,'Gilbert','Opar','Opar Gilbert',54,'M','Ogal','Panyimur','','','\0','\0','\0','\0','\0','','N',0),
 (194,'Samuel','Opor','Opor Samuel',14,'M','Ojwang','Nyaravur','','','\0','\0','\0','\0','\0','','N',0),
 (195,'Bedijo','Orwodhi','Orwodhi Bedijo',23,'M','Paicing','Congo','','','\0','\0','\0','\0','\0','','N',0),
 (196,'Edison','Musabe','Musabe Edison',25,'M','Purongo','Anaka','','','\0','\0','\0','\0','\0','','N',0),
 (197,'Manuel','Ongiera','Ongiera Manuel',65,'M','Pangere','Parombo','','','\0','\0','\0','\0','\0','','N',0);
INSERT INTO PATIENT (PAT_ID,PAT_FNAME,PAT_SNAME,PAT_NAME,PAT_AGE,PAT_SEX,PAT_ADDR,PAT_CITY,PAT_NEXT_KIN,PAT_TELE,PAT_MOTH,PAT_FATH,PAT_LEDU,PAT_ESTA,PAT_PTOGE,PAT_NOTE,PAT_DELETED,PAT_LOCK) VALUES 
 (198,'Francis','Parwoth','Parwoth Francis',21,'M','Awinyngiri','Arua','','','\0','\0','\0','\0','\0','','N',0),
 (199,'Charles','Angeo','Angeo Charles',38,'M','Kakawoy','Pakwach','','','\0','\0','\0','\0','\0','','N',0),
 (200,'Zakaria','Abernitho','Abernitho Zakaria',78,'M','Anosi','Erussi','','','\0','\0','\0','\0','\0','','N',0),
 (202,'Mariana','Anek','Anek Mariana',53,'F','Mubongo','','','','\0','\0','\0','\0','\0','','N',0),
 (203,'Anewa','Paska','Paska Anewa',68,'F','Jalakech','','','','\0','\0','\0','\0','\0','','N',0),
 (204,'Oyeki','kulasika','kulasika Oyeki',82,'F','Parwo Central','','','','\0','\0','\0','\0','\0','','N',0),
 (205,'Onyai','Janety','Janety Onyai',30,'F','Abok','','','','\0','\0','\0','\0','\0','','N',0),
 (206,'Akumu','Paskolina','Paskolina Akumu',39,'F','Tingkori','','','','\0','\0','\0','\0','\0','','N',0),
 (208,'Ngamita','Ariyety','Ariyety Ngamita',39,'F','Omulu','DRC','','','\0','\0','\0','\0','\0','','N',0);
INSERT INTO PATIENT (PAT_ID,PAT_FNAME,PAT_SNAME,PAT_NAME,PAT_AGE,PAT_SEX,PAT_ADDR,PAT_CITY,PAT_NEXT_KIN,PAT_TELE,PAT_MOTH,PAT_FATH,PAT_LEDU,PAT_ESTA,PAT_PTOGE,PAT_NOTE,PAT_DELETED,PAT_LOCK) VALUES 
 (213,'rossi','paolo','paolo rossi',33,'M','','','','','\0','\0','\0','\0','\0','','Y',0),
 (214,'Ocaki','Luwlngl','Luwlngl Ocaki',52,'M','Keramla','','','','\0','\0','\0','\0','\0','','N',0),
 (215,'Opoya','John','John Opoya',39,'M','Walukuba','Bulisia','','','\0','\0','\0','\0','\0','','N',0),
 (216,'Tuambe','Alfred','Alfred Tuambe',35,'M','Sewule','','','','\0','\0','\0','\0','\0','','N',0),
 (217,'Kumakech','Edlmon','Edlmon Kumakech',12,'M','Mubogo','','','','\0','\0','\0','\0','\0','','N',0),
 (218,'Ocamgiu','Geofred','Geofred Ocamgiu',44,'M','Fualwonga','','','','\0','\0','\0','\0','\0','','N',0),
 (219,'Ocaya','Luka','Luka Ocaya',76,'M','Panylmur','','','','\0','\0','\0','\0','\0','','N',0),
 (220,'Cwinya ai','Mutualip','Mutualip Cwinya ai',19,'M','Pamora','Nyaravur','','','\0','\0','\0','\0','\0','','N',0),
 (221,'Orochi','Denis','Denis Orochi',33,'M','Aluka','Angal','','','\0','\0','\0','\0','\0','','N',0);
INSERT INTO PATIENT (PAT_ID,PAT_FNAME,PAT_SNAME,PAT_NAME,PAT_AGE,PAT_SEX,PAT_ADDR,PAT_CITY,PAT_NEXT_KIN,PAT_TELE,PAT_MOTH,PAT_FATH,PAT_LEDU,PAT_ESTA,PAT_PTOGE,PAT_NOTE,PAT_DELETED,PAT_LOCK) VALUES 
 (222,'Walter','Oriema','Oriema Walter',33,'M','Aluka','Angal','','','\0','\0','\0','\0','\0','','N',0),
 (223,'Okumu','Morls','Morls Okumu',9,'M','Bugoigoi','','','','\0','\0','\0','\0','\0','','N',0),
 (224,'Alfred','Alfred','Alfred Alfred',34,'M','Pagere','','','','\0','\0','\0','\0','\0','','N',0),
 (225,'Marparwoth','Sunday','Sunday Marparwoth',1,'F','Palei','Nyaravur','','','\0','\0','\0','\0','\0','','N',0),
 (226,'Jerry ','Opakrwoth','Opakrwoth Jerry ',2,'M','Padolo','Erussi','','','\0','\0','\0','\0','\0','Five months with malaria										','N',0),
 (227,'Ofoyrwoth','Francis','Francis Ofoyrwoth',1,'M','Padel Thilas','Parombo','','','\0','\0','\0','\0','\0','7 months with malaria/Bronchitis','N',1),
 (228,'Prisca','Kwiocwiny','Kwiocwiny Prisca',1,'F','Pamora Ambere','Nyaravur','','','\0','\0','\0','\0','\0','6 months with malaria','N',0),
 (229,'Moris','Apenjonga','Apenjonga Moris',7,'M','Pamora Jupukumu','Parombo','','','\0','\0','\0','\0','\0','','N',0);
INSERT INTO PATIENT (PAT_ID,PAT_FNAME,PAT_SNAME,PAT_NAME,PAT_AGE,PAT_SEX,PAT_ADDR,PAT_CITY,PAT_NEXT_KIN,PAT_TELE,PAT_MOTH,PAT_FATH,PAT_LEDU,PAT_ESTA,PAT_PTOGE,PAT_NOTE,PAT_DELETED,PAT_LOCK) VALUES 
 (230,'Muzamil','Oyirwoth','Oyirwoth Muzamil',3,'M','Nyarogalo Upper','parombo','','','\0','\0','\0','\0','\0','10months with Gastro Enteritis','N',0),
 (231,'kayeny','Parwoth','Parwoth kayeny',1,'F','Awera Forest','Nyaravur','','','\0','\0','\0','\0','\0','1month ','N',0),
 (232,'Kizito','Omirambe','Omirambe Kizito',10,'M','Padel','Parombo','','','\0','\0','\0','\0','\0','10 months old','N',0),
 (233,'Josephine','Giramia','Giramia Josephine',1,'F','Olyeko','Nyaravur','','','\0','\0','\0','\0','\0','1 month with malaria','N',0),
 (234,'Yonirwoth','Patricia','Patricia Yonirwoth',1,'F','Kyera','Nyaravur','','','\0','\0','\0','\0','\0','11 months with malaria','N',0),
 (235,'Aromborach','Ayiorwoth','Ayiorwoth Aromborach',0,'F','Kasato','Akworo','','','\0','\0','\0','\0','\0','6 months old','N',0),
 (236,'Mungutimo','Derrick','Derrick Mungutimo',1,'M','Penji','Parombo','','','\0','\0','\0','\0','\0','2 months with Severe Aneamia/Malaria','N',0);
INSERT INTO PATIENT (PAT_ID,PAT_FNAME,PAT_SNAME,PAT_NAME,PAT_AGE,PAT_SEX,PAT_ADDR,PAT_CITY,PAT_NEXT_KIN,PAT_TELE,PAT_MOTH,PAT_FATH,PAT_LEDU,PAT_ESTA,PAT_PTOGE,PAT_NOTE,PAT_DELETED,PAT_LOCK) VALUES 
 (237,'Bright','Okwirwoth','Okwirwoth Bright',1,'M','Ramogi','Kucwiny','','','\0','\0','\0','\0','\0','3 months with malaria\n\n\n\n\n\n\n\n\n\n\n\n\n							','N',0),
 (238,'Fortunate','Afoyorwoth','Afoyorwoth Fortunate',8,'F','Cubu','DRC','','','\0','\0','\0','\0','\0','8 months old','N',0),
 (239,'Okello','Innocent','Innocent Okello',9,'M','Ayago Boro','Panyimur','','','\0','\0','\0','\0','\0','9 months old','N',0),
 (240,'Edmond','Oyunyrwoth','Oyunyrwoth Edmond',3,'M','Pagwata','Parombo','','','\0','\0','\0','\0','\0','6 months with Acute G.E/Malaria','N',0),
 (241,'Mungudit','Mungudit','Mungudit Mungudit',0,'M','Payera','Erussi','','','\0','\0','\0','\0','\0','1 month and14 days','N',0),
 (242,'Waparwoth','Trinity','Trinity Waparwoth',6,'M','Paminya','Nyaravur','','','\0','\0','\0','\0','\0','6 month old','N',0),
 (243,'Otimkisa','Deo','Deo Otimkisa',9,'M','Koch Abira','Nebbi','','','\0','\0','\0','\0','\0','9 months old','N',0);
INSERT INTO PATIENT (PAT_ID,PAT_FNAME,PAT_SNAME,PAT_NAME,PAT_AGE,PAT_SEX,PAT_ADDR,PAT_CITY,PAT_NEXT_KIN,PAT_TELE,PAT_MOTH,PAT_FATH,PAT_LEDU,PAT_ESTA,PAT_PTOGE,PAT_NOTE,PAT_DELETED,PAT_LOCK) VALUES 
 (244,'Allan','Pimic','Pimic Allan',0,'M','Thelai','','','','\0','\0','\0','\0','\0','','N',0),
 (245,'Opakrwoth','Emmy','Emmy Opakrwoth',1,'M','Kwio Owaro','Nyaravur','','','\0','\0','\0','\0','\0','1 month old','N',0),
 (246,'Pimer','Sunday','Sunday Pimer',11,'M','Mbaro Akanga','Nyaravur','','','\0','\0','\0','\0','\0','11 months old','N',0),
 (247,'Fuarwinyo','Beatrice','Beatrice Fuarwinyo',1,'F','Jupagillo','Parombo','','','\0','\0','\0','\0','\0','1 year old','N',0),
 (248,'Afoyrwoth','Fortunate','Fortunate Afoyrwoth',8,'F','Cubu','DRC','','','\0','\0','\0','\0','\0','8 months old','N',0),
 (249,'Mungudit ','Justine','Justine Mungudit ',0,'M','Jagi Ossi','Parombo','','','\0','\0','\0','\0','\0','6 Months old.','N',0),
 (250,'Rwothomio ','Victor','Victor Rwothomio ',0,'M','Padel','Parombo','','','\0','\0','\0','\0','\0','8 Months old. With Malaria/URTI','N',2),
 (251,'Rwothomio','Patrict','Patrict Rwothomio',0,'M','Jupukumu','Parombo','','','\0','\0','\0','\0','\0','11 Months old. wIith Malaria/UTI','N',1);
INSERT INTO PATIENT (PAT_ID,PAT_FNAME,PAT_SNAME,PAT_NAME,PAT_AGE,PAT_SEX,PAT_ADDR,PAT_CITY,PAT_NEXT_KIN,PAT_TELE,PAT_MOTH,PAT_FATH,PAT_LEDU,PAT_ESTA,PAT_PTOGE,PAT_NOTE,PAT_DELETED,PAT_LOCK) VALUES 
 (252,'Rwothomio ','Santo','Santo Rwothomio ',1,'M','Gute','Nyaravur','','','\0','\0','\0','\0','\0','1Year and 2 Months','N',0),
 (253,'Scovia','Scovia','Scovia Scovia',0,'F','Jakok','Panyimur','','','\0','\0','\0','\0','\0','3 Months old','N',0),
 (254,'Mungungeo','Mungungeo','Mungungeo Mungungeo',0,'M','Pakulo','DRC','','','\0','\0','\0','\0','\0','7 Months old. Severe Malaria/G.E.','N',1),
 (255,'Irine ','Agwokotho','Agwokotho Irine ',26,'F','Parombo','Parombo','','','\0','\0','\0','\0','\0','','N',0),
 (256,'kaguta','Museveni','Museveni kaguta',6,'M','Padel','Parombo','','','\0','\0','\0','\0','\0','With Dental carries/LRT/Submandibular Cellulitis','N',0),
 (257,'Kayenypamungu','Kayenypamungu','Kayenypamungu Kayenypamungu',0,'F','Panyimur','Pnyimur','','','\0','\0','\0','\0','\0','10 Months old, with Malaria/Aneamia','N',0),
 (258,'Denis','Ocungi','Ocungi Denis',5,'M','Alwii Payila','Panyango','','','\0','\0','\0','\0','\0','with Malaria','N',0);
INSERT INTO PATIENT (PAT_ID,PAT_FNAME,PAT_SNAME,PAT_NAME,PAT_AGE,PAT_SEX,PAT_ADDR,PAT_CITY,PAT_NEXT_KIN,PAT_TELE,PAT_MOTH,PAT_FATH,PAT_LEDU,PAT_ESTA,PAT_PTOGE,PAT_NOTE,PAT_DELETED,PAT_LOCK) VALUES 
 (259,'Irine','Biywaga','Biywaga Irine',1,'F','Oriu','Erusi','','','\0','\0','\0','\0','\0','','N',0),
 (260,'Opira ','Agnes','Agnes Opira ',24,'F','Padel ossi','Parombo','','','\0','\0','\0','\0','\0','','N',0),
 (261,'Pirwoth','Mungungeo','Mungungeo Pirwoth',0,'M','Pamora','Nyaravur','','','\0','\0','\0','\0','\0','4 Months old,with G.E.','N',0),
 (262,'Pimer','Pius','Pius Pimer',3,'M','Penji','Parombo','','','\0','\0','\0','\0','\0','','N',1),
 (263,'Ochay','Mannuel','Mannuel Ochay',8,'M','Parombo','Parombo','','','\0','\0','\0','\0','\0','Malaria','N',0),
 (264,'Atimango','Agnes','Agnes Atimango',30,'F','Parombo','Parombo','','','\0','\0','\0','\0','\0','','N',0),
 (265,'Lilian ','Iutung','Iutung Lilian ',2,'F','Padel','Parombo','','','\0','\0','\0','\0','\0','2 Years and 4 Months','N',1),
 (266,'Oyirwoth','Richard','Richard Oyirwoth',0,'M','Kucwiny','Kucwiny','','','\0','\0','\0','\0','\0','2years and 1month with Severe Aneamia/Malaria				','N',0);
INSERT INTO PATIENT (PAT_ID,PAT_FNAME,PAT_SNAME,PAT_NAME,PAT_AGE,PAT_SEX,PAT_ADDR,PAT_CITY,PAT_NEXT_KIN,PAT_TELE,PAT_MOTH,PAT_FATH,PAT_LEDU,PAT_ESTA,PAT_PTOGE,PAT_NOTE,PAT_DELETED,PAT_LOCK) VALUES 
 (267,'Denis','Okwirwoth','Okwirwoth Denis',0,'M','Olago','Kucwiny','','','\0','\0','\0','\0','\0','1year and 8months','N',0),
 (268,'Irene','Biywaga','Biywaga Irene',0,'F','Pamora','Nyaravur','','','\0','\0','\0','\0','\0','1year and 10months','N',1),
 (269,'Akumu ','Betty','Betty Akumu ',50,'F','Kolokoth','DRC','','','\0','\0','\0','\0','\0','','N',0),
 (270,'Ofoymungu','Richard','Richard Ofoymungu',0,'M','Payera','Erussi','','','\0','\0','\0','\0','\0','11months old','N',0),
 (271,'Furasuazi','Owachi','Owachi Furasuazi',40,'F','Nyokabeu','DRC','','','\0','\0','\0','\0','\0','','N',0),
 (272,'Trinity','Ayiorwoth','Ayiorwoth Trinity',4,'F','Parombo','Parombo','','','\0','\0','\0','\0','\0','','N',0),
 (273,'Ajelina ','Fualing','Fualing Ajelina ',67,'F','Atar west','Angal','','','\0','\0','\0','\0','\0','','N',0),
 (274,'Wanirwoth','Blandhina','Blandhina Wanirwoth',59,'F','Padel Jagi','Parombo','','','\0','\0','\0','\0','\0','	','N',0);
INSERT INTO PATIENT (PAT_ID,PAT_FNAME,PAT_SNAME,PAT_NAME,PAT_AGE,PAT_SEX,PAT_ADDR,PAT_CITY,PAT_NEXT_KIN,PAT_TELE,PAT_MOTH,PAT_FATH,PAT_LEDU,PAT_ESTA,PAT_PTOGE,PAT_NOTE,PAT_DELETED,PAT_LOCK) VALUES 
 (275,'Mapenzi','Mapenzi','Mapenzi Mapenzi',0,'M','Kasato','Akworo','','','\0','\0','\0','\0','\0','2months old with LRTI r/o Mongolism','N',1),
 (276,'Oyungrwoth','Juliet','Juliet Oyungrwoth',2,'F','Akanyo','Kucwiny','','','\0','\0','\0','\0','\0','','N',0),
 (277,'Paramungu','Gloria','Gloria Paramungu',1,'F','Olyeko','Nyaravur','','','\0','\0','\0','\0','\0','','N',0),
 (278,'Mugisha','Whitney','Whitney Mugisha',0,'M','Parombo','Parombo','','','\0','\0','\0','\0','\0','1year and 5months','N',0),
 (279,'Amia','Annet','Annet Amia',0,'F','Rero','Akworo','','','\0','\0','\0','\0','\0','6years and 8months','N',0),
 (280,'Ozelle','Merombe','Merombe Ozelle',0,'M','Cubu','DRC','','','\0','\0','\0','\0','\0','2years and 1month','N',0),
 (281,'Afoyorwoth','Maurine','Maurine Afoyorwoth',0,'F','Angal','Nyaravur','','','\0','\0','\0','\0','\0','1year and 2months','N',0),
 (282,'Oyirwoth','Francis','Francis Oyirwoth',0,'M','Vurr Ogweri','Kucwiny','','','\0','\0','\0','\0','\0','1year and 10months','N',1);
INSERT INTO PATIENT (PAT_ID,PAT_FNAME,PAT_SNAME,PAT_NAME,PAT_AGE,PAT_SEX,PAT_ADDR,PAT_CITY,PAT_NEXT_KIN,PAT_TELE,PAT_MOTH,PAT_FATH,PAT_LEDU,PAT_ESTA,PAT_PTOGE,PAT_NOTE,PAT_DELETED,PAT_LOCK) VALUES 
 (283,'Fancy','Atyeronimungu','Atyeronimungu Fancy',0,'F','Abira','DRC','','','\0','\0','\0','\0','\0','6months old','N',0),
 (284,'Pimer','Charles','Charles Pimer',0,'M','Kituna','Akworo','','','\0','\0','\0','\0','\0','9months old','N',0),
 (285,'Onagla','Mithusila','Mithusila Onagla',45,'M','Kasato','Akworo','','','\0','\0','\0','\0','\0','','N',0),
 (286,'Zawadi','Kayeny','Kayeny Zawadi',0,'F','Payera','Erussi','','','\0','\0','\0','\0','\0','7months old','N',0),
 (287,'Cipriano','Okethi','Okethi Cipriano',60,'M','Rajombu','Pachaka','','','\0','\0','\0','\0','\0','','N',0),
 (288,'Ojiki','Anderiano','Anderiano Ojiki',73,'M','Babu west','Angal','','','\0','\0','\0','\0','\0','','N',0),
 (289,'Marko','Ongiela','Ongiela Marko',70,'M','Rest camp','Nyaravur','','','\0','\0','\0','\0','\0','','N',0),
 (290,'Okello','suverino','suverino Okello',61,'M','Panguell','Alwii','','','\0','\0','\0','\0','\0','','N',0);
INSERT INTO PATIENT (PAT_ID,PAT_FNAME,PAT_SNAME,PAT_NAME,PAT_AGE,PAT_SEX,PAT_ADDR,PAT_CITY,PAT_NEXT_KIN,PAT_TELE,PAT_MOTH,PAT_FATH,PAT_LEDU,PAT_ESTA,PAT_PTOGE,PAT_NOTE,PAT_DELETED,PAT_LOCK) VALUES 
 (291,'cHONGA ','fRANCO','fRANCO cHONGA ',33,'M','Nyapupii','Angal','','','\0','\0','\0','\0','\0','														','N',0),
 (292,'Jai','Noah','Noah Jai',70,'M','Pakwinyo','Wadlai','','','\0','\0','\0','\0','\0','','N',0),
 (293,'Victor','Olama','Olama Victor',60,'M','Nyakagei','Panyimur','','','\0','\0','\0','\0','\0','','N',0),
 (294,'Moris','Ngageno','Ngageno Moris',30,'M','Padel','Parombo','','','\0','\0','\0','\0','\0','','N',0),
 (295,'Orom','charles','charles Orom',47,'M','Oswedu','Bulisia','ASimwe','','\0','\0','\0','\0','\0','','N',1),
 (296,'Brain','Obedgiu','Obedgiu Brain',9,'M','Gotlandi','Mbaro','','','\0','\0','\0','\0','\0','','N',0),
 (297,'Kerwegi','Lordsir','Lordsir Kerwegi',19,'M','Singla','Nyakagei','','','\0','\0','\0','\0','\0','','N',0),
 (298,'Olarker','Luka','Luka Olarker',59,'M','Pamitu','Parombo','','','\0','\0','\0','\0','\0','','N',0);
INSERT INTO PATIENT (PAT_ID,PAT_FNAME,PAT_SNAME,PAT_NAME,PAT_AGE,PAT_SEX,PAT_ADDR,PAT_CITY,PAT_NEXT_KIN,PAT_TELE,PAT_MOTH,PAT_FATH,PAT_LEDU,PAT_ESTA,PAT_PTOGE,PAT_NOTE,PAT_DELETED,PAT_LOCK) VALUES 
 (299,'David','Obonyo','Obonyo David',35,'M','Pajok','Payera','Richard','','\0','\0','\0','\0','\0','','N',0),
 (300,'Manuel','Para-Mungu','Para-Mungu Manuel',15,'M','Abongo','Erussi','Simon','','\0','\0','\0','\0','\0','','N',0),
 (301,'Yergiu','Julius','Julius Yergiu',39,'M','Murusi','Akworo','','','\0','\0','\0','\0','\0','','N',0),
 (302,'Kermundu','Paskal','Paskal Kermundu',32,'M','Pangere','Erussi','','','\0','\0','\0','\0','\0','','N',0),
 (303,'Opar','Walter','Walter Opar',39,'M','Pamitu central','Pangoro','','','\0','\0','\0','\0','\0','','N',0),
 (304,'Manano','Yezero','Yezero Manano',71,'M','Mbaro','Nyaravur','Samson','','\0','\0','\0','\0','\0','','N',0),
 (305,'Ocaki','Jampyer','Jampyer Ocaki',57,'M','Olago','Kucwiny','','','\0','\0','\0','\0','\0','','N',0),
 (306,'Owachgiu','Albert','Albert Owachgiu',28,'M','Mbaro','Nyaravur','','','\0','\0','\0','\0','\0','','N',0);
INSERT INTO PATIENT (PAT_ID,PAT_FNAME,PAT_SNAME,PAT_NAME,PAT_AGE,PAT_SEX,PAT_ADDR,PAT_CITY,PAT_NEXT_KIN,PAT_TELE,PAT_MOTH,PAT_FATH,PAT_LEDU,PAT_ESTA,PAT_PTOGE,PAT_NOTE,PAT_DELETED,PAT_LOCK) VALUES 
 (307,'Munguromo','Obedgiu','Obedgiu Munguromo',11,'M','Kigwar','Bulisia','','','\0','\0','\0','\0','\0','','N',0),
 (308,'Omia','Narsis','Narsis Omia',25,'M','Pangere','Erussi','','','\0','\0','\0','\0','\0','','N',0),
 (309,'Ovona','Evaristo','Evaristo Ovona',47,'M','Olako','Kucwiny','Omito jimmy','','\0','\0','\0','\0','\0','','N',0),
 (310,'Oketho','Charles','Charles Oketho',36,'M','Pachaka','Erussi','','','\0','\0','\0','\0','\0','','N',0),
 (311,'Oyara','Gaspar','Gaspar Oyara',82,'M','Paminya','nyaravur','','','\0','\0','\0','\0','\0','','N',0),
 (312,'Bicandowun','Grace','Grace Bicandowun',42,'M','Nebbi boma','NTC','Baifa','','\0','\0','\0','\0','\0','','N',0),
 (313,'Oroma','Paulo','Paulo Oroma',51,'M','Alwii Pateng','Panyango','','','\0','\0','\0','\0','\0','','N',0),
 (314,'Nyolunga','Alfred','Alfred Nyolunga',41,'M','Owaro','Nyaravur','Jilbert','','\0','\0','\0','\0','\0','','N',0);
INSERT INTO PATIENT (PAT_ID,PAT_FNAME,PAT_SNAME,PAT_NAME,PAT_AGE,PAT_SEX,PAT_ADDR,PAT_CITY,PAT_NEXT_KIN,PAT_TELE,PAT_MOTH,PAT_FATH,PAT_LEDU,PAT_ESTA,PAT_PTOGE,PAT_NOTE,PAT_DELETED,PAT_LOCK) VALUES 
 (315,'Swabi','Onencan','Onencan Swabi',48,'M','Parwo','Parombo','Omar Bashir','','\0','\0','\0','\0','\0','','N',0),
 (316,'Anyolitho','Agabitho','Agabitho Anyolitho',75,'M','Oriu','Erussi','','','\0','\0','\0','\0','\0','','N',0),
 (317,'Okecha','Saulo','Saulo Okecha',72,'M','Ragem','Wadlai','','','\0','\0','\0','\0','\0','','N',0),
 (318,'Okumu','Ojonga','Ojonga Okumu',42,'M','Nyakagei','Panyimur','','','\0','\0','\0','\0','\0','','N',0),
 (319,'Okumu','Francis','Francis Okumu',17,'M','Jupangira','Goli','Ofoyuru','','\0','\0','\0','\0','\0','','N',0),
 (320,'Odar','Remijo','Remijo Odar',48,'M','Nyakagei','Panyimur','','','\0','\0','\0','\0','\0','','N',0),
 (321,'Alinga','Joram','Joram Alinga',66,'M','Mbaro','Nyaravur','','','\0','\0','\0','\0','\0','','N',0),
 (322,'Cwinya ai','Kennedy','Kennedy Cwinya ai',39,'M','Padolo','Erussi','','','\0','\0','\0','\0','\0','','N',0);
INSERT INTO PATIENT (PAT_ID,PAT_FNAME,PAT_SNAME,PAT_NAME,PAT_AGE,PAT_SEX,PAT_ADDR,PAT_CITY,PAT_NEXT_KIN,PAT_TELE,PAT_MOTH,PAT_FATH,PAT_LEDU,PAT_ESTA,PAT_PTOGE,PAT_NOTE,PAT_DELETED,PAT_LOCK) VALUES 
 (323,'Odongo','Obayu','Obayu Odongo',49,'M','Ganda','Panyimur','','','\0','\0','\0','\0','\0','','N',0),
 (324,'Paulino','Maka','Maka Paulino',68,'M','owaro','Nyaravur','','','\0','\0','\0','\0','\0','','N',0),
 (325,'Ovoya','Christopher','Christopher Ovoya',46,'M','Parwo','Parombo','Obed-wor','','\0','\0','\0','\0','\0','','N',0),
 (326,'Kumakech','Charles','Charles Kumakech',36,'M','Owaro','Nyaravur','','','\0','\0','\0','\0','\0','','N',0),
 (327,'Kenuel','Ulwortho','Ulwortho Kenuel',37,'M','Nyacara','NTC','','','\0','\0','\0','\0','\0','','N',0),
 (328,'David','Kidaga','Kidaga David',28,'M','Akella','Atyak','Jenaro','','\0','\0','\0','\0','\0','','N',0),
 (329,'Orom','Natizo','Natizo Orom',45,'M','Kituna','Parombo','','','\0','\0','\0','\0','\0','','N',0),
 (330,'Oucha','Baptist','Baptist Oucha',28,'M','Ambaki','DRC','','','\0','\0','\0','\0','\0','','N',0);
INSERT INTO PATIENT (PAT_ID,PAT_FNAME,PAT_SNAME,PAT_NAME,PAT_AGE,PAT_SEX,PAT_ADDR,PAT_CITY,PAT_NEXT_KIN,PAT_TELE,PAT_MOTH,PAT_FATH,PAT_LEDU,PAT_ESTA,PAT_PTOGE,PAT_NOTE,PAT_DELETED,PAT_LOCK) VALUES 
 (331,'Obedyoo','Jenaro','Jenaro Obedyoo',27,'M','Pachaka','Erussi','Leotisa','','\0','\0','\0','\0','\0','','N',0),
 (332,'Richard','Ovayi','Ovayi Richard',31,'M','Pajok','Payera','','','\0','\0','\0','\0','\0','','N',3),
 (333,'Okumu','Silo','Silo Okumu',22,'M','Payera','Erussi','','','\0','\0','\0','\0','\0','','N',0),
 (334,'Anthony','Ogwetha','Ogwetha Anthony',14,'M','Pamora','Nyaravur','Justino','','\0','\0','\0','\0','\0','','N',0),
 (335,'Ongala','Anjelo','Anjelo Ongala',75,'M','Boro','Panyimur','','','\0','\0','\0','\0','\0','														ongal','N',0),
 (336,'Owonda','Edison','Edison Owonda',36,'M','Nyakagei','Panyimur','Ngamita','','\0','\0','\0','\0','\0','','N',0),
 (337,'Onen','Omula','Omula Onen',39,'M','Nyakagei','Panyimur','','','\0','\0','\0','\0','\0','','N',0),
 (338,'Alfred','Jakwago','Jakwago Alfred',33,'M','Padel','Parombo','','','\0','\0','\0','\0','\0','','N',0);
INSERT INTO PATIENT (PAT_ID,PAT_FNAME,PAT_SNAME,PAT_NAME,PAT_AGE,PAT_SEX,PAT_ADDR,PAT_CITY,PAT_NEXT_KIN,PAT_TELE,PAT_MOTH,PAT_FATH,PAT_LEDU,PAT_ESTA,PAT_PTOGE,PAT_NOTE,PAT_DELETED,PAT_LOCK) VALUES 
 (339,'Orochi','Wichodemu','Wichodemu Orochi',42,'M','Abongo','Erussi','Julietha','','\0','\0','\0','\0','\0','','N',0),
 (341,'Kacwinyrwoth','Frasin','Frasin Kacwinyrwoth',0,'M','Pangere','Erussi','','','\0','\0','\0','\0','\0','4months old','N',1),
 (342,'Openjmungu','Roggers','Roggers Openjmungu',1,'M','Boro','Panyimur','','','\0','\0','\0','\0','\0','1year and 7months','N',0),
 (343,'Awekonimumgu','Awekonimungu','Awekonimungu Awekonimumgu',0,'F','Pakolo','Parombo','','','\0','\0','\0','\0','\0','6months old','N',0),
 (344,'Ovon','Ojedhone','Ojedhone Ovon',43,'M','Mutembe','Kabata','','','\0','\0','\0','\0','\0','','N',0),
 (345,'Ozinga','Annet','Annet Ozinga',19,'F','Mbaro','Nyaravur','','','\0','\0','\0','\0','\0','																										nyaravur','N',0),
 (346,'Adokowun','Paska','Paska Adokowun',37,'F','Ajok','Abanyo','','','\0','\0','\0','\0','\0','','N',0);
INSERT INTO PATIENT (PAT_ID,PAT_FNAME,PAT_SNAME,PAT_NAME,PAT_AGE,PAT_SEX,PAT_ADDR,PAT_CITY,PAT_NEXT_KIN,PAT_TELE,PAT_MOTH,PAT_FATH,PAT_LEDU,PAT_ESTA,PAT_PTOGE,PAT_NOTE,PAT_DELETED,PAT_LOCK) VALUES 
 (347,'Salotha','Adokowun','Adokowun Salotha',40,'F','Anosi','NTC','','','\0','\0','\0','\0','\0','','N',0),
 (348,'Awachango','Jeska','Jeska Awachango',40,'F','Acer','Erussi','','','\0','\0','\0','\0','\0','','N',0),
 (349,'Owechi','Florence','Florence Owechi',40,'F','Pagot','Angal','','','\0','\0','\0','\0','\0','','N',0),
 (350,'Oroma','Jenifer','Jenifer Oroma',18,'F','Akuru/Owaro','Angal','','','\0','\0','\0','\0','\0','','N',0),
 (351,'Alice','Afoyorwoth','Afoyprwoth Alice',28,'F','Adra','','','','\0','\0','\0','\0','\0','','N',1),
 (352,'Mandhawun','Alice','Alice Mandhawun',39,'F','Acwala','Nebbi','','','\0','\0','\0','\0','\0','','N',0),
 (353,'Tulwora','Norine','Norine Tulwora',28,'F','Kigwela','Nebbi','','','\0','\0','\0','\0','\0','','N',0),
 (354,'Afoyocan','Margrete','Margrete Afoyocan',38,'F','Kucwiny','Kucwiny','','','\0','\0','\0','\0','\0','','N',0),
 (355,'Akumu ','Joyce','Joyce Akumu ',26,'F','Kageri','Kageri','','','\0','\0','\0','\0','\0','','N',0);
INSERT INTO PATIENT (PAT_ID,PAT_FNAME,PAT_SNAME,PAT_NAME,PAT_AGE,PAT_SEX,PAT_ADDR,PAT_CITY,PAT_NEXT_KIN,PAT_TELE,PAT_MOTH,PAT_FATH,PAT_LEDU,PAT_ESTA,PAT_PTOGE,PAT_NOTE,PAT_DELETED,PAT_LOCK) VALUES 
 (356,'Atimango','Grace','Grace Atimango',24,'F','Parombo','Parombo','','','\0','\0','\0','\0','\0','','N',0),
 (357,'Ngamita','Espra','Espra Ngamita',23,'F','Pangere','Erussi','','','\0','\0','\0','\0','\0','','N',0),
 (358,'Afoyorwoth','Scovia','Scovia Afoyorwoth',16,'F','Agwok','Nyaravur','','','\0','\0','\0','\0','\0','','N',0),
 (359,'Onega','Gloria','Gloria Onega',27,'F','Erussi','Erussi','','','\0','\0','\0','\0','\0','','N',0),
 (360,'Aliathi','Pifua','Pifua Aliathi',30,'F','Rero','Akworo','','','\0','\0','\0','\0','\0','','N',0),
 (361,'Annet','Adubango','Adubango Annet',33,'F','Singla','Panyimur','','','\0','\0','\0','\0','\0','','N',0),
 (362,'Afoyocan','Denis','Denis Afoyocan',24,'F','mbaro','Nyaravur','','','\0','\0','\0','\0','\0','','N',0),
 (363,'Warom','Gladis','Gladis Warom',32,'F','Opano','NTC','','','\0','\0','\0','\0','\0','','N',0);
INSERT INTO PATIENT (PAT_ID,PAT_FNAME,PAT_SNAME,PAT_NAME,PAT_AGE,PAT_SEX,PAT_ADDR,PAT_CITY,PAT_NEXT_KIN,PAT_TELE,PAT_MOTH,PAT_FATH,PAT_LEDU,PAT_ESTA,PAT_PTOGE,PAT_NOTE,PAT_DELETED,PAT_LOCK) VALUES 
 (364,'Rach - iu','Jenefer','Jenefer Rach - iu',18,'F','Pamaka','Erussi','','','\0','\0','\0','\0','\0','','N',0),
 (365,'Evaline','Rach iu','Rach iu Evaline',23,'F','Puvungu','PTC','','','\0','\0','\0','\0','\0','','N',0),
 (366,'Angei','Lillian','Lillian Angei',19,'F','','','','','\0','\0','\0','\0','\0','','N',4),
 (367,'Oweka','Anuaria','Anuaria Oweka',17,'F','Erussi','Erussi','','','\0','\0','\0','\0','\0','','N',0),
 (368,'Omiaboth','Oliver','Oliver Omiaboth',35,'F','Payera','Erussi','','','\0','\0','\0','\0','\0','','N',0),
 (369,'Ewachango','Jane','Jane Ewachango',36,'F','Acer','Erussi','','','\0','\0','\0','\0','\0','','N',0),
 (370,'Kayeny','Irine','Irine Kayeny',24,'F','Kucwiny','Kucwiny','','','\0','\0','\0','\0','\0','','N',0),
 (371,'Akumu','Gorety','Gorety Akumu',30,'F','Kolokotho','Kolokotho','','','\0','\0','\0','\0','\0','','N',0),
 (372,'Ocaki','Luwingi','Luwingi Ocaki',52,'M','Keramia','Nebbi','','','\0','\0','\0','\0','\0','','N',0);
INSERT INTO PATIENT (PAT_ID,PAT_FNAME,PAT_SNAME,PAT_NAME,PAT_AGE,PAT_SEX,PAT_ADDR,PAT_CITY,PAT_NEXT_KIN,PAT_TELE,PAT_MOTH,PAT_FATH,PAT_LEDU,PAT_ESTA,PAT_PTOGE,PAT_NOTE,PAT_DELETED,PAT_LOCK) VALUES 
 (373,'Owachi','Furaswazi','Furaswazi Owachi',40,'F','Nyokobeu','Nyokobeu','','','\0','\0','\0','\0','\0','','N',0),
 (374,'Anjelina','Fualing','Fualing Anjelina',70,'F','Atar West','Atar West','','','\0','\0','\0','\0','\0','','N',0),
 (375,'Luka','Ocaya','Ocaya Luka',76,'M','Panyimur','Panyimur','','','\0','\0','\0','\0','\0','','N',0),
 (376,'Karoline','Mandhawun','Mandhawun Karoline',47,'F','Abok','Panyimur','','','\0','\0','\0','\0','\0','','N',0),
 (377,'Pauline','Ringotho','Ringotho Pauline',47,'F','Nebbi Town','Nebbi','','','\0','\0','\0','\0','\0','','N',0),
 (378,'Kertho','Tonny','Tonny Kertho',29,'M','Puvungu','PTC','','','\0','\0','\0','\0','\0','','N',0),
 (379,'Akumu','Agnes','Agnes Akumu',31,'F','Ambere','Nyaravur','','','\0','\0','\0','\0','\0','','N',0),
 (380,'Harriet','Chanthal','Chanthal Harriet',1,'F','Ambere','Nyaravur','','','\0','\0','\0','\0','\0','1year and7 months','N',0);
INSERT INTO PATIENT (PAT_ID,PAT_FNAME,PAT_SNAME,PAT_NAME,PAT_AGE,PAT_SEX,PAT_ADDR,PAT_CITY,PAT_NEXT_KIN,PAT_TELE,PAT_MOTH,PAT_FATH,PAT_LEDU,PAT_ESTA,PAT_PTOGE,PAT_NOTE,PAT_DELETED,PAT_LOCK) VALUES 
 (381,'Oyergiu','John Baptist','John Baptist Oyergiu',22,'M','Obia','Erussi','','','\0','\0','\0','\0','\0','','N',0),
 (382,'Brain','Rwothomio','Rwothomio Brain',1,'M','Mbaro','Nyaravur','','','\0','\0','\0','\0','\0','1year with URTI/Malaria','N',2),
 (383,'Otuga','Aloysious','Aloysious Otuga',60,'M','Singla','Panyimur','','','\0','\0','\0','\0','\0','','N',0),
 (384,'Fortunate','Bidong','Bidong Fortunate',19,'F','Andikandi','Nyaravur','','','\0','\0','\0','\0','\0','','N',0),
 (385,'Munguriek','Innocent','Innocent Munguriek',10,'M','Payila West','Panyangu','','','\0','\0','\0','\0','\0','','N',0),
 (386,'Awekonimungu','Scovia','Scovia Awekonimungu',3,'F','Aduku','Apac','','','\0','\0','\0','\0','\0','','N',0),
 (387,'Obay','Lucia','Lucia Obay',61,'F','Jakok','Panyimur','','','\0','\0','\0','\0','\0','','N',2),
 (388,'Trinity','Kwiocwiny','Kwiocwiny Trinity',0,'F','Panyimur','Panyimur','','','\0','\0','\0','\0','\0','5months old','N',0);
INSERT INTO PATIENT (PAT_ID,PAT_FNAME,PAT_SNAME,PAT_NAME,PAT_AGE,PAT_SEX,PAT_ADDR,PAT_CITY,PAT_NEXT_KIN,PAT_TELE,PAT_MOTH,PAT_FATH,PAT_LEDU,PAT_ESTA,PAT_PTOGE,PAT_NOTE,PAT_DELETED,PAT_LOCK) VALUES 
 (389,'Olama','Justo','Justo Olama',40,'M','Pavunde','Nyaravur','','','\0','\0','\0','\0','\0','','N',0),
 (390,'Pokolembe','Christine','Christine Pokolembe',0,'F','Palang','Palang','','','\0','\0','\0','\0','\0','10months old','N',0),
 (391,'Ayomirwoth','Jojina','Jojina Ayomirwoth',25,'F','Kijumbia','','','','\0','\0','\0','\0','\0','','N',0),
 (392,'Ofoyrwoth','Edmon','Edmon Ofoyrwoth',2,'M','Padel Pataka','Parombo','','','\0','\0','\0','\0','\0','','N',0),
 (393,'Warom','Night','Night Warom',41,'F','Nyacara','Nebbi','','','\0','\0','\0','\0','\0','','N',0),
 (394,'Oyungrwoth','Ivan','Ivan Oyungrwoth',16,'M','Jakok','Panyimur','','','\0','\0','\0','\0','\0','','N',0),
 (395,'Awekonimungu','Tracy','Tracy Awekonimungu',0,'F','Ocego','Nebbi','','','\0','\0','\0','\0','\0','5months old','N',0),
 (396,'Ajolorwoth','Vivian','Vivian Ajolorwoth',0,'F','Pamora','Nyaravur','','','\0','\0','\0','\0','\0','6months old','N',0);
INSERT INTO PATIENT (PAT_ID,PAT_FNAME,PAT_SNAME,PAT_NAME,PAT_AGE,PAT_SEX,PAT_ADDR,PAT_CITY,PAT_NEXT_KIN,PAT_TELE,PAT_MOTH,PAT_FATH,PAT_LEDU,PAT_ESTA,PAT_PTOGE,PAT_NOTE,PAT_DELETED,PAT_LOCK) VALUES 
 (397,'Veronika','Wayuu','Wayuu Veronika',76,'F','Alala','Parombo','','','\0','\0','\0','\0','\0','','N',0),
 (398,'Samsom','Ofoirwoth','Ofoirwoth Samsom',12,'M','Jupukei','Kucwing','','','\0','\0','\0','\0','\0','','N',0),
 (399,'Rufina','Nyatho','Nyatho Rufina',67,'F','Nyaravur','Nyaravur','','','\0','\0','\0','\0','\0','','N',0),
 (400,'Acen','Sunday','Sunday Acen',1,'F','Oworo','Nyaravur','','','\0','\0','\0','\0','\0','1year and3months','N',0),
 (401,'Ngdaro','Roselline','Roselline Ngdaro',40,'F','Oribu','','','','\0','\0','\0','\0','\0','','N',0),
 (402,'Munguyiku','Munguyiku','Munguyiku Munguyiku',1,'M','Djego','DRC','','','\0','\0','\0','\0','\0','1year and7months','N',0),
 (403,'Jeremena','Okwia','Okwia Jeremena',60,'F','Jupanyango','','','','\0','\0','\0','\0','\0','','N',0),
 (404,'Afoyorwoth','Espera','Espera Afoyorwoth',0,'F','Alego','Parombo','','','\0','\0','\0','\0','\0','6months 0ld','N',0);
INSERT INTO PATIENT (PAT_ID,PAT_FNAME,PAT_SNAME,PAT_NAME,PAT_AGE,PAT_SEX,PAT_ADDR,PAT_CITY,PAT_NEXT_KIN,PAT_TELE,PAT_MOTH,PAT_FATH,PAT_LEDU,PAT_ESTA,PAT_PTOGE,PAT_NOTE,PAT_DELETED,PAT_LOCK) VALUES 
 (405,'Okello','Morini','Morini Okello',14,'M','Djegu','DRC','','','\0','\0','\0','\0','\0','															','N',0),
 (406,'Pimer','Jollin','Jollin Pimer',15,'F','Pateng','Panyango','','','\0','\0','\0','\0','\0','','N',0),
 (407,'Oyikcwinyu','Oyikcwinyu','Oyikcwinyu Oyikcwinyu',0,'M','Jasi','','','','\0','\0','\0','\0','\0','4months old','N',0),
 (408,'Biwaga','Mafalda','Mafalda Biwaga',47,'F','Akwanji','Nyaravur','','','\0','\0','\0','\0','\0','','N',0),
 (409,'Okot','John','John Okot',68,'M','Pawong','Nebbi','','','\0','\0','\0','\0','\0','','N',0),
 (410,'Afoyorwoth','Charity','Charity Afoyorwoth',1,'M','Mbaro Akanga','Nyaravur','','','\0','\0','\0','\0','\0','1year and6months','N',0),
 (411,'Madhawun','Vero','Vero Madhawun',60,'F','Ossi','Parombo','','','\0','\0','\0','\0','\0','','N',0),
 (412,'Docus','Atyeronimungu','Atyeronimungu Docus',0,'F','Penji Oryang','Parombo','','','\0','\0','\0','\0','\0','6months old','N',0);
INSERT INTO PATIENT (PAT_ID,PAT_FNAME,PAT_SNAME,PAT_NAME,PAT_AGE,PAT_SEX,PAT_ADDR,PAT_CITY,PAT_NEXT_KIN,PAT_TELE,PAT_MOTH,PAT_FATH,PAT_LEDU,PAT_ESTA,PAT_PTOGE,PAT_NOTE,PAT_DELETED,PAT_LOCK) VALUES 
 (413,'Micheal','Okumu','Okumu Micheal',32,'M','Ojwer','Ojwer','','','\0','\0','\0','\0','\0','','N',0),
 (414,'Jerum','Opio','Opio Jerum',74,'M','Paicing','DRC','','','\0','\0','\0','\0','\0','','N',0),
 (415,'Afoyorwoth','Jackline','Jackline Afoyorwoth',6,'F','Akanyu','Kucwiny','','','\0','\0','\0','\0','\0','','N',0),
 (416,'Wanok','Wilbert','Wilbert Wanok',32,'M','Akaba','Kucwiny','','','\0','\0','\0','\0','\0','','N',0),
 (417,'Docus','Atyeronimungu','Atyeronimungu Docus',0,'F','Payera','Erussi','','','\0','\0','\0','\0','\0','2months and3weeks','N',0),
 (418,'Awiacwiny','Ratio','Ratio Awiacwiny',1,'F','Rero','Akworo','','','\0','\0','\0','\0','\0','1year and10months','N',0),
 (419,'Ocama','Valente','Valente Ocama',64,'M','Pukanga','Nyaravur','','','\0','\0','\0','\0','\0','','N',0),
 (420,'Daniel','Comboni','Comboni Daniel',6,'M','Pamora','Nyaravur','','','\0','\0','\0','\0','\0','','N',0);
INSERT INTO PATIENT (PAT_ID,PAT_FNAME,PAT_SNAME,PAT_NAME,PAT_AGE,PAT_SEX,PAT_ADDR,PAT_CITY,PAT_NEXT_KIN,PAT_TELE,PAT_MOTH,PAT_FATH,PAT_LEDU,PAT_ESTA,PAT_PTOGE,PAT_NOTE,PAT_DELETED,PAT_LOCK) VALUES 
 (421,'Denis','Rwothomio','Rwothomio Denis',1,'M','Ayugi','Parombo','','','\0','\0','\0','\0','\0','','N',0),
 (422,'Manano','Charles','Charles Manano',20,'M','Pakalo','Parombo','','','\0','\0','\0','\0','\0','','N',0),
 (423,'Owonda','Okumu','Okumu Owonda',28,'M','Pamaya','Pamaya','','','\0','\0','\0','\0','\0','','N',0),
 (424,'Ocir','Mohammed','Mohammed Ocir',22,'M','Kasato','Akworo','','','\0','\0','\0','\0','\0','','N',0),
 (426,'Ofoi - Mungu','Norman','Norman Ofoi - Mungu',2,'M','Parombo','Parombo','','','\0','\0','\0','\0','\0','','N',0),
 (427,'Nimungu','Elly','Elly Nimungu',2,'M','Angal centre','Nyaravur','','','\0','\0','\0','\0','\0','Two months with complicated malaria','N',1),
 (428,'Aweko ni ungu','Sharon','Sharon Aweko ni ungu',5,'F','Parombo','Parombo','','','\0','\0','\0','\0','\0','','N',0),
 (429,'Cantho','Jeska','Jeska Cantho',0,'F','Angaba','Akworo','','','\0','\0','\0','\0','\0','eight months','N',0);
INSERT INTO PATIENT (PAT_ID,PAT_FNAME,PAT_SNAME,PAT_NAME,PAT_AGE,PAT_SEX,PAT_ADDR,PAT_CITY,PAT_NEXT_KIN,PAT_TELE,PAT_MOTH,PAT_FATH,PAT_LEDU,PAT_ESTA,PAT_PTOGE,PAT_NOTE,PAT_DELETED,PAT_LOCK) VALUES 
 (430,'Foska','Kwio cwiny','Kwio cwiny Foska',1,'F','Puduk','Parombo','','','\0','\0','\0','\0','\0','one month				','N',0),
 (431,'Osenduru','Brian','Brian Osenduru',0,'M','Mbaro','Nyaravur','','','\0','\0','\0','\0','\0','with ten months','N',0),
 (432,'Giramia','Scovia','Scovia Giramia',1,'F','Nyaravur','Nyaravur','','','\0','\0','\0','\0','\0','','N',0),
 (433,'Afoyorwoth','Brenda','Brenda Afoyorwoth',0,'F','Akanga','Nyaravur','','','\0','\0','\0','\0','\0','and seven months','N',0),
 (434,'Kacwinyrwoth','Lydia','Lydia Kacwinyrwoth',1,'F','Patek','Nebbi town','','','\0','\0','\0','\0','\0','ywo months','N',1),
 (435,'Ofoi Mungu','Joshua','Joshua Ofoi Mungu',2,'M','Akaba','Kucwiny','','','\0','\0','\0','\0','\0','two months','N',0),
 (436,'alfred','Okwai','Okwai alfred',1,'M','Pamora','Nyaravur','','','\0','\0','\0','\0','\0','Eight months','N',0),
 (437,'Acirocan','Jane','Jane Acirocan',7,'F','Nyapupii','Anyaravur','','','\0','\0','\0','\0','\0','','N',0);
INSERT INTO PATIENT (PAT_ID,PAT_FNAME,PAT_SNAME,PAT_NAME,PAT_AGE,PAT_SEX,PAT_ADDR,PAT_CITY,PAT_NEXT_KIN,PAT_TELE,PAT_MOTH,PAT_FATH,PAT_LEDU,PAT_ESTA,PAT_PTOGE,PAT_NOTE,PAT_DELETED,PAT_LOCK) VALUES 
 (438,'Ruth','Attyeronimungu','Attyeronimungu Ruth',0,'F','Nyaravur','Nyaravur','','','\0','\0','\0','\0','\0','nine months','N',1),
 (439,'Yikpa Mungu','Edison','Edison Yikpa Mungu',1,'M','Parombo','Parombo','','','\0','\0','\0','\0','\0','','N',0),
 (440,'Kwiocwiny','faith','faith Kwiocwiny',4,'F','Centre west','Angal','','','\0','\0','\0','\0','\0','','N',0),
 (441,'Gracious','Yik Pamungu','Yik Pamungu Gracious',0,'M','Erussi','Erussi','','','\0','\0','\0','\0','\0','','N',0),
 (442,'Gloria','Ayomirwoth','Ayomirwoth Gloria',4,'F','Panyigoro','Pakwach','','','\0','\0','\0','\0','\0','','N',0),
 (443,'Ivan','Maditrwoth','Maditrwoth Ivan',0,'M','Mbaro','Nyaravur','','','\0','\0','\0','\0','\0','six months','N',0),
 (444,'David ','Opakrwoth','Opakrwoth David ',0,'M','Pajur','Erussi','','','\0','\0','\0','\0','\0','eight months','N',0),
 (445,'Edmond','Rworh omi','Rworh omi Edmond',3,'M','Mbaro','Nyaravur','','','\0','\0','\0','\0','\0','Eleven months','N',0);
INSERT INTO PATIENT (PAT_ID,PAT_FNAME,PAT_SNAME,PAT_NAME,PAT_AGE,PAT_SEX,PAT_ADDR,PAT_CITY,PAT_NEXT_KIN,PAT_TELE,PAT_MOTH,PAT_FATH,PAT_LEDU,PAT_ESTA,PAT_PTOGE,PAT_NOTE,PAT_DELETED,PAT_LOCK) VALUES 
 (446,'Jovia ','Atim nimungu','Tim nimungu Jovia ',0,'F','Murusi','Akworo','','','\0','\0','\0','\0','\0','three months','N',1),
 (447,'Madit Rwoht ','Saviour','Saviour Madit Rwoht ',0,'M','Gand','Panyimur','','','\0','\0','\0','\0','\0','Seven months','N',0),
 (448,'Rwoth omio','Francis','Francis Rwoth omio',2,'M','Payera','Erussi','','','\0','\0','\0','\0','\0','Nine months','N',0),
 (449,'Giramia','Monica','Monica Giramia',2,'F','Padwot','Kucwiny','','','\0','\0','\0','\0','\0','Six months','N',0),
 (450,'Ayom i Rwoth ','David','David Ayom i Rwoth ',2,'M','Ossi','Parombo','','','\0','\0','\0','\0','\0','two months','N',0),
 (451,'Omeruru','Nickson','Nickson Omeruru',2,'M','Ossi','Parombo','','','\0','\0','\0','\0','\0','','N',0),
 (452,'Bed ayika','Jawanita','Jawanita Bed ayika',0,'M','Ossi','Parombo','','','\0','\0','\0','\0','\0','Seven months','N',1),
 (453,'Mic pa mungu','Tracy','Tracy Mic pa mungu',0,'F','Pagwata','Parombo','','','\0','\0','\0','\0','\0','Five months','N',1);
INSERT INTO PATIENT (PAT_ID,PAT_FNAME,PAT_SNAME,PAT_NAME,PAT_AGE,PAT_SEX,PAT_ADDR,PAT_CITY,PAT_NEXT_KIN,PAT_TELE,PAT_MOTH,PAT_FATH,PAT_LEDU,PAT_ESTA,PAT_PTOGE,PAT_NOTE,PAT_DELETED,PAT_LOCK) VALUES 
 (454,'Otimnimungu','Junior','Junior Otimnimungu',0,'M','Erussi','Erussi','','','\0','\0','\0','\0','\0','Four months','N',0),
 (455,'owinjpira ','Ivan','Ivan owinjpira ',0,'M','Panyigoro','Pakwach','','','\0','\0','\0','\0','\0','eight months	','N',0),
 (456,'Ofoy mungu','Dominic','Dominic Ofoy mungu',0,'M','Pamora','Nyaravur','','','\0','\0','\0','\0','\0','Ten months','N',0),
 (457,'Ajolo rwoth','Mercy','Mercy Ajolo rwoth',1,'F','Rero','Akworo','','','\0','\0','\0','\0','\0','Five months','N',0),
 (458,'Afoyorwoth','Diana','Diana Afoyorwoth',0,'F','Panyimur','Panyimur','','','\0','\0','\0','\0','\0','Seven months','N',0),
 (459,'Mar pa Rwoth','Sunday','Sunday Mar pa Rwoth',4,'M','Vuk','Nyaravur','','','\0','\0','\0','\0','\0','','N',0),
 (460,'Odaga','Philip','Philip Odaga',7,'M','Madi yalo','Erussi','','','\0','\0','\0','\0','\0','','N',0),
 (461,'Pimer','Allan','Allan Pimer',0,'M','Thelal','Thelal','','','\0','\0','\0','\0','\0','one month','N',0);
INSERT INTO PATIENT (PAT_ID,PAT_FNAME,PAT_SNAME,PAT_NAME,PAT_AGE,PAT_SEX,PAT_ADDR,PAT_CITY,PAT_NEXT_KIN,PAT_TELE,PAT_MOTH,PAT_FATH,PAT_LEDU,PAT_ESTA,PAT_PTOGE,PAT_NOTE,PAT_DELETED,PAT_LOCK) VALUES 
 (462,'Onima','Salome','Salome Onima',30,'F','Padanyu','','','','\0','\0','\0','\0','\0','','N',0),
 (463,'Akumu','Josephine','Josephine Akumu',47,'F','Obia','Erussi','','','\0','\0','\0','\0','\0','','N',0),
 (464,'Karoline','Akumu','Akumu Karoline',60,'F','Kothongola','','','','\0','\0','\0','\0','\0','','N',0),
 (465,'Pithua','Anthony','Anthony Pithua',11,'M','Juputhwol','Neebi','','','\0','\0','\0','\0','\0','','N',0),
 (466,'Oyeny-both','Irene','Irene Oyeny-both',1,'F','Kasatu','Akworo','','','\0','\0','\0','\0','\0','3moths with Malaria.','N',0),
 (467,'Warom','Condrad','Condrad Warom',10,'M','Puyang','panyango','','','\0','\0','\0','\0','\0','','N',0),
 (468,'Berocan','Manuella','Manuella Berocan',7,'M','','','','','\0','\0','\0','\0','\0','','N',0),
 (469,'Metha','Anecho','Anecho Metha',46,'M','Akwanji','Angal','Alba Rose','','\0','\0','\0','\0','\0','','N',0);
INSERT INTO PATIENT (PAT_ID,PAT_FNAME,PAT_SNAME,PAT_NAME,PAT_AGE,PAT_SEX,PAT_ADDR,PAT_CITY,PAT_NEXT_KIN,PAT_TELE,PAT_MOTH,PAT_FATH,PAT_LEDU,PAT_ESTA,PAT_PTOGE,PAT_NOTE,PAT_DELETED,PAT_LOCK) VALUES 
 (470,'Ijino','Wanok','Wanok Ijino',44,'M','Alala','Parombo','','','\0','\0','\0','\0','\0','','N',0),
 (471,'Berocan','Manuella','Manuella Berocan',0,'F','Pacaka','','','','\0','\0','\0','\0','\0','11months with Maiaria.','N',0),
 (472,'Wango -ic','Prisca','Prisca Wango -ic',1,'F','Akwanji','Nyaravur','','','\0','\0','\0','\0','\0','1month with Malaria.','N',0),
 (473,'Rwothomio','Ivan','Ivan Rwothomio',2,'M','Pamora','Nyaravur','','','\0','\0','\0','\0','\0','7months with Maiaria.','N',0),
 (474,'Ajolorwoth','Mercy','Mercy Ajolorwoth',0,'F','Pukanga','','','','\0','\0','\0','\0','\0','7months with Malaria.','N',0),
 (475,'Gearge','Bush','Bush Gearge',5,'M','Parombo','Parombo','','','\0','\0','\0','\0','\0','','N',0),
 (476,'Anirwoth','Fortunate','Fortunate Anirwoth',0,'F','Pakolo','Parombo','','','\0','\0','\0','\0','\0','4months and2weeks','N',0),
 (477,'Afoyorwoth','Beatrice','Beatrice Afoyorwoth',1,'F','Atido','Erussi','','','\0','\0','\0','\0','\0','1year and 1month','N',1);
INSERT INTO PATIENT (PAT_ID,PAT_FNAME,PAT_SNAME,PAT_NAME,PAT_AGE,PAT_SEX,PAT_ADDR,PAT_CITY,PAT_NEXT_KIN,PAT_TELE,PAT_MOTH,PAT_FATH,PAT_LEDU,PAT_ESTA,PAT_PTOGE,PAT_NOTE,PAT_DELETED,PAT_LOCK) VALUES 
 (479,'Othum','Pius','Pius Othum',0,'M','Alego','Parombo','','','\0','\0','\0','\0','\0','9monhs old','N',0),
 (480,'Oyirwoth','Festo','Festo Oyirwoth',6,'M','Erussi','Erussi','','','\0','\0','\0','\0','\0','','N',0),
 (482,'Atyeronimungu','Joan','Joan Atyeronimungu',0,'F','Panyimur','Panyimur','','','\0','\0','\0','\0','\0','7months old','N',0),
 (483,'Parmu','Elias','Elias Parmu',0,'M','Payera','Errussi','','','\0','\0','\0','\0','\0','7months old','N',0),
 (484,'Wedunga','Ronald','Ronald Wedunga',8,'M','Erussi','','','','\0','\0','\0','\0','\0','','N',0),
 (485,'Wiajik','Celsa','Celsa Wiajik',1,'M','Padolo','Erussi','','','\0','\0','\0','\0','\0','6 months','N',0),
 (486,'Dorcus','Kwiocwiny','Kwiocwiny Dorcus',0,'F','Padolo','Erussi','','','\0','\0','\0','\0','\0','10 months','N',0),
 (487,'Ofoyorwoth','Claire','Claire Ofoyorwoth',1,'F','Mahagi Port','DRC','','','\0','\0','\0','\0','\0','','N',0);
INSERT INTO PATIENT (PAT_ID,PAT_FNAME,PAT_SNAME,PAT_NAME,PAT_AGE,PAT_SEX,PAT_ADDR,PAT_CITY,PAT_NEXT_KIN,PAT_TELE,PAT_MOTH,PAT_FATH,PAT_LEDU,PAT_ESTA,PAT_PTOGE,PAT_NOTE,PAT_DELETED,PAT_LOCK) VALUES 
 (488,'Parakoch','Annet','Annet Parakoch',6,'F','Owaro','Nyaravur','','','\0','\0','\0','\0','\0','','N',0),
 (489,'Saviour','Oyi rwoth','Oyi rwoth Saviour',2,'M','Parombo','Parombo','','','\0','\0','\0','\0','\0','eleven months','N',0),
 (490,'Kayeny','Judith','Judith Kayeny',2,'F','Abongo','Erussi','','','\0','\0','\0','\0','\0','','N',0),
 (491,'Madithrwoth','Sunday','Sunday Madithrwoth',3,'M','Panyimur','Panyimur','','','\0','\0','\0','\0','\0','','N',0),
 (492,'Prisca','Wango ic','Wango ic Prisca',0,'F','Mbaro','Nyaravur','','','\0','\0','\0','\0','\0','Four months','N',0),
 (493,'Fuacan','Dorine','Dorine Fuacan',0,'F','Owaro','Nyaravur','','','\0','\0','\0','\0','\0','Five months','N',0),
 (494,'Munguromo','Munguromo','Munguromo Munguromo',0,'M','Ganda','Panyimur','','','\0','\0','\0','\0','\0','','N',0),
 (495,'Prisca','Pikisa','Pikisa Prisca',0,'F','Ossi','Parombo','','','\0','\0','\0','\0','\0','Nine months','N',0);
INSERT INTO PATIENT (PAT_ID,PAT_FNAME,PAT_SNAME,PAT_NAME,PAT_AGE,PAT_SEX,PAT_ADDR,PAT_CITY,PAT_NEXT_KIN,PAT_TELE,PAT_MOTH,PAT_FATH,PAT_LEDU,PAT_ESTA,PAT_PTOGE,PAT_NOTE,PAT_DELETED,PAT_LOCK) VALUES 
 (496,'Afred','Ocungi Rwoth','Ocungi Rwoth Afred',2,'M','Penji','Erussi','','','\0','\0','\0','\0','\0','Four months		','N',0),
 (497,'Dauglas','Munguryek','Munguryek Dauglas',2,'M','Mbaro','Nyaravur','','','\0','\0','\0','\0','\0','two months','N',0),
 (498,'Munguromo','Munguromo','Munguromo Munguromo',0,'M','Wilanyo','','','','\0','\0','\0','\0','\0','Ten months','N',0),
 (499,'Denis ','Mungutimu','Mungutimu Denis ',0,'M','Gira','Pamora','','','\0','\0','\0','\0','\0','Nine months		','N',0),
 (500,'Godwin','Madit Rwoth','Madit Rwoth Godwin',2,'M','Owaro','Nyaravur','','','\0','\0','\0','\0','\0','','N',0),
 (501,'Ayio Rwoth','Adokorach','Adokorach Ayio Rwoth',0,'F','Kasato','Akworo','','','\0','\0','\0','\0','\0','Six months','N',0),
 (502,'Mungungeyo','Mungungeyo','Mungungeyo Mungungeyo',0,'M','Pakulu','DRC','','','\0','\0','\0','\0','\0','Seven months','N',0),
 (503,'Rwoth Omio','Rwoth Omio','Rwoth Omio Rwoth Omio',0,'M','pulum','Parombo','','','\0','\0','\0','\0','\0','Six months','N',0);
INSERT INTO PATIENT (PAT_ID,PAT_FNAME,PAT_SNAME,PAT_NAME,PAT_AGE,PAT_SEX,PAT_ADDR,PAT_CITY,PAT_NEXT_KIN,PAT_TELE,PAT_MOTH,PAT_FATH,PAT_LEDU,PAT_ESTA,PAT_PTOGE,PAT_NOTE,PAT_DELETED,PAT_LOCK) VALUES 
 (504,'Atimango','Bridget','Bridget Atimango',1,'M','Akuru bridge','Angal','','','\0','\0','\0','\0','\0','Nine months','N',0),
 (505,'Tamim','Jakisa','Jakisa Tamim',1,'M','Owaru','Nyaravur','','','\0','\0','\0','\0','\0','Six months	','N',0),
 (506,'Baraka','Mungisha','Mungisha Baraka',2,'M','Cubu','DRC','','','\0','\0','\0','\0','\0','Three months','N',0),
 (507,'Onyal','Jenety','Jenety Onyal',30,'F','Ganda','Panyimur','Oucha','','\0','\0','\0','\0','\0','','N',0),
 (508,'Emilly','Rach iwu','Rach iwu Emilly',18,'F','Parwo','Parombo','Lucy','','\0','\0','\0','\0','\0','','N',0),
 (509,'paolo','rossetto','rossetto paolo',78,'M','','','','','\0','\0','\0','\0','\0','','Y',1);
/*!40000 ALTER TABLE PATIENT ENABLE KEYS */;


--
-- Table structure for table PATIENTVACCINE
--

DROP TABLE IF EXISTS PATIENTVACCINE;
CREATE TABLE PATIENTVACCINE (
  PAV_ID int(11) NOT NULL auto_increment,
  PAV_YPROG int(11) NOT NULL,
  PAV_DATE datetime NOT NULL,
  PAV_PAT_ID int(11) NOT NULL,
  PAV_VAC_ID_A varchar(10) NOT NULL,
  PAV_LOCK int(11) NOT NULL default '0',
  PRIMARY KEY  (PAV_ID)
) ENGINE=MyISAM;

--
-- Dumping data for table PATIENTVACCINE
--

/*!40000 ALTER TABLE PATIENTVACCINE DISABLE KEYS */;
/*!40000 ALTER TABLE PATIENTVACCINE ENABLE KEYS */;


--
-- Table structure for table PREGNANTTREATMENTTYPE
--

DROP TABLE IF EXISTS PREGNANTTREATMENTTYPE;
CREATE TABLE PREGNANTTREATMENTTYPE (
  PTT_ID_A varchar(10) NOT NULL,
  PTT_DESC varchar(50) NOT NULL,
  PRIMARY KEY  (PTT_ID_A)
) ENGINE=MyISAM;

--
-- Dumping data for table PREGNANTTREATMENTTYPE
--

/*!40000 ALTER TABLE PREGNANTTREATMENTTYPE DISABLE KEYS */;
INSERT INTO PREGNANTTREATMENTTYPE (PTT_ID_A,PTT_DESC) VALUES 
 ('A','ANC RE-ATTENDANCE'),
 ('I1','IMMUNISATION 1'),
 ('I2','IMMUNISATION 2'),
 ('I3','IMMUNISATION 3'),
 ('N','NEW ANC ATTENDANCE'),
 ('S1','FIRST DOSE WITH SP'),
 ('S2','SECOND DOSE WITH SP');
/*!40000 ALTER TABLE PREGNANTTREATMENTTYPE ENABLE KEYS */;


--
-- Table structure for table SURGERY
--

DROP TABLE IF EXISTS SURGERY;
CREATE TABLE SURGERY (
  SUR_ID int(11) NOT NULL auto_increment,
  SUR_DATE datetime NOT NULL,
  SUR_PROG_YEAR int(11) NOT NULL,
  SUR_SEX char(1) NOT NULL,
  SUR_AGE int(11) NOT NULL,
  SUR_DIS_ID_A varchar(10) NOT NULL,
  SUR_NEW_PAT char(1) NOT NULL default 'N',
  SUR_LOCK int(11) NOT NULL default '0',
  PRIMARY KEY  (SUR_ID)
) ENGINE=MyISAM;

--
-- Dumping data for table SURGERY
--

/*!40000 ALTER TABLE SURGERY DISABLE KEYS */;
/*!40000 ALTER TABLE SURGERY ENABLE KEYS */;


--
-- Table structure for table USER
--

DROP TABLE IF EXISTS USER;
CREATE TABLE USER (
  US_ID_A varchar(50) NOT NULL default '',
  US_UG_ID_A varchar(50) NOT NULL default '',
  US_PASSWD varchar(50) NOT NULL default '',
  US_DESC varchar(128) default NULL,
  PRIMARY KEY  (US_ID_A)
) ENGINE=MyISAM;

--
-- Dumping data for table USER
--

/*!40000 ALTER TABLE USER DISABLE KEYS */;
INSERT INTO USER (US_ID_A,US_UG_ID_A,US_PASSWD,US_DESC) VALUES 
 ('admin','admin','admin','administrator');
/*!40000 ALTER TABLE USER ENABLE KEYS */;


--
-- Table structure for table USERGROUP
--

DROP TABLE IF EXISTS USERGROUP;
CREATE TABLE USERGROUP (
  UG_ID_A varchar(50) NOT NULL default '',
  UG_DESC varchar(128) default NULL,
  PRIMARY KEY  (UG_ID_A)
) ENGINE=MyISAM;

--
-- Dumping data for table USERGROUP
--

/*!40000 ALTER TABLE USERGROUP DISABLE KEYS */;
INSERT INTO USERGROUP (UG_ID_A,UG_DESC) VALUES 
 ('admin','USER with all the privileges');
/*!40000 ALTER TABLE USERGROUP ENABLE KEYS */;


--
-- Table structure for table VACCINE
--

DROP TABLE IF EXISTS VACCINE;
CREATE TABLE VACCINE (
  VAC_ID_A varchar(10) NOT NULL,
  VAC_DESC varchar(50) NOT NULL,
  VAC_PATI char(1) NOT NULL,
  VAC_LOCK int(11) NOT NULL default '0',
  PRIMARY KEY  (VAC_ID_A)
) ENGINE=MyISAM;

--
-- Dumping data for table VACCINE
--

/*!40000 ALTER TABLE VACCINE DISABLE KEYS */;
INSERT INTO VACCINE (VAC_ID_A,VAC_DESC,VAC_PATI,VAC_LOCK) VALUES 
 ('1','BCG','C',0),
 ('10','TT VACCINE DOSE 1','P',0),
 ('11','TT VACCINE DOSE 2','P',0),
 ('12','TT VACCINE DOSE 3','P',0),
 ('13','TT VACCINE DOSE 4','P',0),
 ('14','TT VACCINE DOSE 5','P',0),
 ('15','TT VACCINE DOSE 2','N',0),
 ('16','TT VACCINE DOSE 3','N',0),
 ('17','TT VACCINE DOSE 4','N',0),
 ('18','TT VACCINE DOSE 5','N',0),
 ('2','POLIO 0 C','C',0),
 ('3','POLIO 1 C','C',0),
 ('4','POLIO 2 C','C',0),
 ('5','POLIO 3 C','C',0),
 ('6','DPT 1 - HepB + Hib 1','C',0),
 ('7','DPT 2 - HepB + Hib 1','C',0),
 ('8','DPT 3 - HepB + Hib 1','C',0),
 ('9','MEASLES','C',0);
/*!40000 ALTER TABLE VACCINE ENABLE KEYS */;


--
-- Table structure for table VERSION
--

DROP TABLE IF EXISTS VERSION;
CREATE TABLE VERSION (
  VER_MAJOR int(11) NOT NULL,
  VER_MINOR int(11) NOT NULL,
  VER_SOURCE longblob,
  VER_DATE datetime NOT NULL,
  VER_CURRENT char(1) NOT NULL default 'N',
  PRIMARY KEY  (VER_MAJOR,VER_MINOR)
) ENGINE=MyISAM;

--
-- Dumping data for table VERSION
--

/*!40000 ALTER TABLE VERSION DISABLE KEYS */;
/*!40000 ALTER TABLE VERSION ENABLE KEYS */;


--
-- Table structure for table WARD
--

DROP TABLE IF EXISTS WARD;
CREATE TABLE WARD (
  WRD_ID_A char(1) NOT NULL,
  WRD_NAME varchar(50) NOT NULL,
  WRD_TELE varchar(50) default NULL,
  WRD_FAX varchar(50) default NULL,
  WRD_EMAIL varchar(50) default NULL,
  WRD_NBEDS int(11) NOT NULL,
  WRD_NQUA_NURS int(11) NOT NULL,
  WRD_NDOC int(11) NOT NULL,
  WRD_LOCK int(11) NOT NULL default '0',
  PRIMARY KEY  (WRD_ID_A)
) ENGINE=MyISAM;

--
-- Dumping data for table WARD
--

/*!40000 ALTER TABLE WARD DISABLE KEYS */;
INSERT INTO WARD (WRD_ID_A,WRD_NAME,WRD_TELE,WRD_FAX,WRD_EMAIL,WRD_NBEDS,WRD_NQUA_NURS,WRD_NDOC,WRD_LOCK) VALUES 
 ('C','CHILDREN WARDS','219','','',35,18,1,2),
 ('F','FEMALE WARDS','218','','',41,15,1,2),
 ('I','MALE WARDS','210','','',53,14,1,1),
 ('M','MATERNITY WARDS','','','',67,19,1,1);
/*!40000 ALTER TABLE WARD ENABLE KEYS */;

/*!40101 SET SQL_MODE=@OLD_SQL_MODE */;
/*!40014 SET FOREIGN_KEY_CHECKS=@OLD_FOREIGN_KEY_CHECKS */;
/*!40014 SET UNIQUE_CHECKS=@OLD_UNIQUE_CHECKS */;
/*!40101 SET CHARACTER_SET_CLIENT=@OLD_CHARACTER_SET_CLIENT */;
/*!40101 SET CHARACTER_SET_RESULTS=@OLD_CHARACTER_SET_RESULTS */;
/*!40101 SET COLLATION_CONNECTION=@OLD_COLLATION_CONNECTION */;
/*!40101 SET CHARACTER_SET_CLIENT=@OLD_CHARACTER_SET_CLIENT */;
